2026-09-12 12:38:13,739 - INFO - Usando snapshot run_id=20260912_153729_835 (2687 lineas validas)
2026-09-12 12:38:13,783 - INFO - Descubrimientos unicos en snapshot: 1964 | ya procesados: 2 | pendientes: 1962
2026-09-12 12:38:13,784 - INFO - [1/1962] https://www.instagram.com/reel/DXXp_evEo0B/?hl=es
2026-09-12 12:38:15,094 - WARNING - discarding data: None
2026-09-12 12:38:15,897 - INFO -    -> insuficiente (0 chars)
2026-09-12 12:38:18,566 - INFO - [2/1962] https://www.facebook.com/munilascondes/posts/en-reuni%C3%B3n-con-el-ministro-de-
2026-09-12 12:38:19,517 - INFO -    -> http_error_400 (0 chars)
2026-09-12 12:38:21,223 - INFO - [3/1962] https://www.lascondes.cl/beneficios/vivienda-2/programas-habitacionales-minvu/
2026-09-12 12:38:23,115 - INFO -    -> trafilatura (6173 chars)
2026-09-12 12:38:25,761 - INFO - [4/1962] https://www.mobilarquitectos.cl/proyectos/puerta-las-condes/
2026-09-12 12:38:26,712 - INFO -    -> trafilatura (995 chars)
2026-09-12 12:38:28,257 - INFO - [5/1962] https://www.pauta.cl/actualidad/2026/04/14/gobierno-impulsa-plan-de-viviendas-so
2026-09-12 12:38:29,225 - INFO -    -> trafilatura (3192 chars)
2026-09-12 12:38:31,775 - INFO - [6/1962] https://www.youtube.com/watch?v=JhIcHaR8gB8
2026-09-12 12:38:33,395 - WARNING - discarding data: None
2026-09-12 12:38:33,489 - INFO -    -> beautifulsoup (203 chars)
2026-09-12 12:38:36,474 - INFO - [7/1962] https://actual.cl/lanzamiento/las-condes-7960/
2026-09-12 12:38:37,574 - INFO -    -> trafilatura (1259 chars)
2026-09-12 12:38:39,517 - INFO - [8/1962] https://www.lascondes.cl/beneficios/vivienda-2/
2026-09-12 12:38:41,143 - INFO -    -> trafilatura (1455 chars)
2026-09-12 12:38:43,835 - INFO - [9/1962] https://radio.uchile.cl/2018/07/07/viviendas-sociales-en-las-condes-un-pequeno-p
2026-09-12 12:39:04,813 - WARNING - Error extrayendo https://radio.uchile.cl/2018/07/07/viviendas-sociales-en-las-condes-un: HTTPSConnectionPool(host='radio.uchile.cl', port=443): Read timed out. (read timeout=20)
2026-09-12 12:39:04,820 - INFO -    -> error (0 chars)
2026-09-12 12:39:07,341 - INFO - [10/1962] https://cl.techo.org/vivienda-social-en-comunas-de-altos-ingresos-el-desafio-de-
2026-09-12 12:39:09,934 - INFO -    -> trafilatura (10679 chars)
2026-09-12 12:39:11,639 - INFO - [11/1962] https://www.infraestructurapublica.cl/fin-del-conflicto-las-condes-recibira-dine
2026-09-12 12:39:14,573 - INFO -    -> trafilatura (3343 chars)
2026-09-12 12:39:16,183 - INFO - [12/1962] https://www.facebook.com/MinvuChile/posts/seguimos-trabajando-para-cumplir-el-su
2026-09-12 12:39:16,486 - INFO -    -> http_error_400 (0 chars)
2026-09-12 12:39:19,292 - INFO - [13/1962] https://eldesconcierto.cl/actualidad/ivan-poduje-anuncia-viviendas-sociales-las-
2026-09-12 12:39:20,228 - INFO -    -> trafilatura (1663 chars)
2026-09-12 12:39:23,128 - INFO - [14/1962] https://premioaporteurbano.cl/index.php/proyectos/condominio-para-viviendas-de-i
2026-09-12 12:39:25,190 - INFO -    -> trafilatura (6076 chars)
2026-09-12 12:39:27,529 - INFO - [15/1962] https://www.lascondes.cl/atencion-al-vecino/
2026-09-12 12:39:29,293 - INFO -    -> insuficiente (81 chars)
2026-09-12 12:39:31,994 - INFO - [16/1962] https://www.facebook.com/LasUltimasNoticias/posts/corte-suprema-puso-fin-a-megap
2026-09-12 12:39:32,381 - INFO -    -> http_error_400 (0 chars)
2026-09-12 12:39:34,807 - INFO - [17/1962] https://radio.uchile.cl/2017/11/06/en-las-condes-se-repiten-las-equivocaciones-u
2026-09-12 12:39:55,651 - WARNING - Error extrayendo https://radio.uchile.cl/2017/11/06/en-las-condes-se-repiten-las-equivo: HTTPSConnectionPool(host='radio.uchile.cl', port=443): Read timed out. (read timeout=20)
2026-09-12 12:39:55,661 - INFO -    -> error (0 chars)
2026-09-12 12:39:58,035 - INFO - [18/1962] https://www.adnradio.cl/2026/07/27/edificio-en-las-condes-promocionado-por-influ
2026-09-12 12:40:00,504 - INFO -    -> trafilatura (2537 chars)
2026-09-12 12:40:03,377 - INFO - [19/1962] https://www.youtube.com/watch?v=_X_fc4Oc77A
2026-09-12 12:40:04,159 - WARNING - discarding data: None
2026-09-12 12:40:04,308 - INFO -    -> beautifulsoup (203 chars)
2026-09-12 12:40:06,194 - INFO - [20/1962] https://lavozdelosquesobran.cl/opinion/las-condes-25-edificios-en-altura-ilegale
2026-09-12 12:40:28,198 - WARNING - Error extrayendo https://lavozdelosquesobran.cl/opinion/las-condes-25-edificios-en-altu: HTTPSConnectionPool(host='lavozdelosquesobran.cl', port=443): Read timed out. (read timeout=20)
2026-09-12 12:40:28,209 - INFO -    -> error (0 chars)
2026-09-12 12:40:30,961 - INFO - [21/1962] https://eldesconcierto.cl/2025/07/15/otra-irregularidad-en-las-condes-un-edifici
2026-09-12 12:40:31,252 - INFO -    -> trafilatura (5778 chars)
2026-09-12 12:40:33,334 - INFO - [22/1962] https://mathiasklotz.com/puerta-las-condes/
2026-09-12 12:40:35,947 - INFO -    -> trafilatura (10805 chars)
2026-09-12 12:40:38,947 - INFO - [23/1962] https://www.bcn.cl/leychile/Navegar?idNorma=218302
2026-09-12 12:40:39,655 - WARNING - discarding data: None
2026-09-12 12:40:39,748 - INFO -    -> insuficiente (189 chars)
2026-09-12 12:40:41,480 - INFO - [24/1962] https://providencia.cl/provi/municipalidad/servicios/desarrollo-comunitario/tarj
2026-09-12 12:40:42,418 - INFO -    -> trafilatura (2774 chars)
2026-09-12 12:40:44,294 - INFO - [25/1962] https://www.facebook.com/MunicipalidadDeProvidencia/videos/tarjeta-vecino/275847
2026-09-12 12:40:46,256 - WARNING - discarding data: None
2026-09-12 12:40:46,873 - INFO -    -> insuficiente (0 chars)
2026-09-12 12:40:48,559 - INFO - [26/1962] https://www.iprovidencia.cl/proyectos-subsidio-ds19/
2026-09-12 12:40:51,711 - INFO -    -> trafilatura (3932 chars)
2026-09-12 12:40:54,029 - INFO - [27/1962] https://www.instagram.com/reel/DM5iD7oucPA/
2026-09-12 12:40:54,911 - WARNING - discarding data: None
2026-09-12 12:40:55,709 - INFO -    -> insuficiente (0 chars)
2026-09-12 12:40:58,510 - INFO - [28/1962] https://www.youtube.com/watch?v=Q70fhUT9z5o
2026-09-12 12:40:59,415 - WARNING - discarding data: None
2026-09-12 12:40:59,572 - INFO -    -> beautifulsoup (203 chars)
2026-09-12 12:41:02,166 - INFO - [29/1962] https://www.instagram.com/reel/DP4ZWzNiZFe/?hl=es
2026-09-12 12:41:02,521 - WARNING - discarding data: None
2026-09-12 12:41:03,321 - INFO -    -> insuficiente (0 chars)
2026-09-12 12:41:04,975 - INFO - [30/1962] https://www.mattavial624.cl/subsidio-ds19/
2026-09-12 12:41:06,588 - INFO -    -> trafilatura (785 chars)
2026-09-12 12:41:08,600 - INFO - [31/1962] https://www.biobiochile.cl/noticias/2012/10/20/vecinos-de-providencia-se-manifie
2026-09-12 12:41:09,527 - WARNING - error in JSON metadata extraction: 'NoneType' object is not iterable
2026-09-12 12:41:09,552 - INFO -    -> trafilatura (2569 chars)
2026-09-12 12:41:11,883 - INFO - [32/1962] https://x.com/Muni_provi
2026-09-12 12:41:13,512 - INFO -    -> trafilatura (437 chars)
2026-09-12 12:41:15,798 - INFO - [33/1962] https://obtienearchivo.bcn.cl:443/obtienearchivo?id=documentos/10221.1/83097/1/I
2026-09-12 12:41:17,666 - ERROR - parsed tree length: 1, wrong data type or not valid HTML
2026-09-12 12:41:17,667 - ERROR - empty HTML tree: None
2026-09-12 12:41:17,668 - WARNING - discarding data: None
2026-09-12 12:41:17,895 - ERROR - parsed tree length: 1, wrong data type or not valid HTML
2026-09-12 12:41:17,953 - WARNING - Some characters could not be decoded, and were replaced with REPLACEMENT CHARACTER.
2026-09-12 12:41:18,209 - INFO -    -> insuficiente (0 chars)
2026-09-12 12:41:19,775 - INFO - [34/1962] https://www.scielo.cl/scielo.php?pid=S0718-83582018000300009&script=sci_arttext
2026-09-12 12:41:28,546 - INFO -    -> trafilatura (47064 chars)
2026-09-12 12:41:30,439 - INFO - [35/1962] https://www.minvu.gob.cl/beneficio/vivienda/subsidio-de-integracion-social-y-ter
2026-09-12 12:41:31,421 - INFO -    -> trafilatura (15249 chars)
2026-09-12 12:41:34,364 - INFO - [36/1962] https://deficitcero.cl/blog/buenas-practicas-providencia-incorpora-incentivos-no
2026-09-12 12:41:37,543 - INFO -    -> trafilatura (2308 chars)
2026-09-12 12:41:39,248 - INFO - [37/1962] https://www.facebook.com/MinvuChile/videos/conjunto-de-integraci%C3%B3n-social-d
2026-09-12 12:41:41,099 - WARNING - discarding data: None
2026-09-12 12:41:41,810 - INFO -    -> insuficiente (0 chars)
2026-09-12 12:41:43,374 - INFO - [38/1962] https://estudiosurbanos.uc.cl/lun-luis-fuentes-programa-ds19-integracion-social-
2026-09-12 12:41:46,651 - INFO -    -> trafilatura (3560 chars)
2026-09-12 12:41:49,169 - INFO - [39/1962] https://www.youtube.com/watch?v=rWrgQQv_r7E&vl=es
2026-09-12 12:41:50,466 - WARNING - discarding data: None
2026-09-12 12:41:50,637 - INFO -    -> beautifulsoup (203 chars)
2026-09-12 12:41:52,458 - INFO - [40/1962] https://www.eure.cl/index.php/eure/article/view/2823/1222
2026-09-12 12:41:53,277 - WARNING - discarding data: None
2026-09-12 12:41:53,294 - INFO -    -> insuficiente (0 chars)
2026-09-12 12:41:54,827 - INFO - [41/1962] https://bancochile-promociones.enlaceinmobiliario.cl/listado/region-metropolitan
2026-09-12 12:41:55,590 - INFO -    -> http_error_403 (0 chars)
2026-09-12 12:41:57,289 - INFO - [42/1962] https://www.youtube.com/watch?v=uwRYZfny_DY
2026-09-12 12:41:58,190 - WARNING - discarding data: None
2026-09-12 12:41:58,288 - INFO -    -> beautifulsoup (203 chars)
2026-09-12 12:42:00,191 - INFO - [43/1962] https://nunoa2024.cl/
2026-09-12 12:42:01,482 - INFO -    -> http_error_403 (0 chars)
2026-09-12 12:42:03,270 - INFO - [44/1962] https://www.df.cl/noticias/site/tax/port/all/ajaxtaxport_1_4__118.html
2026-09-12 12:42:04,063 - WARNING - readability_lxml failed: 
2026-09-12 12:42:04,078 - WARNING - discarding data: None
2026-09-12 12:42:04,113 - INFO -    -> insuficiente (101 chars)
2026-09-12 12:42:06,573 - INFO - [45/1962] https://actual.cl/proyecto/vista-egana/
2026-09-12 12:42:10,543 - INFO -    -> trafilatura (638 chars)
2026-09-12 12:42:12,494 - INFO - [46/1962] https://www.unconunoa.cl/mapa-de-proyectos-inmobiliarios-en-nunoa/
2026-09-12 12:42:14,018 - INFO -    -> trafilatura (551 chars)
2026-09-12 12:42:16,001 - INFO - [47/1962] https://www.paz.cl/proyectos/nunoa
2026-09-12 12:42:16,803 - WARNING - discarding data: None
2026-09-12 12:42:16,834 - INFO -    -> insuficiente (0 chars)
2026-09-12 12:42:18,723 - INFO - [48/1962] https://www.iaconcagua.com/proyectos/nueva-nunoa
2026-09-12 12:42:19,600 - INFO -    -> http_error_403 (0 chars)
2026-09-12 12:42:22,284 - INFO - [49/1962] https://icom.cl/distrito-etapa2/
2026-09-12 12:42:25,543 - INFO -    -> trafilatura (530 chars)
2026-09-12 12:42:27,777 - INFO - [50/1962] https://www.nunoa.cl/se-reactiva-la-construccion-de-viviendas-sociales-en-nunoa/
2026-09-12 12:42:30,526 - INFO -    -> trafilatura (3134 chars)
2026-09-12 12:42:32,531 - INFO - [51/1962] https://www.instagram.com/reel/DRTAnFhjQxh/
2026-09-12 12:42:33,548 - WARNING - discarding data: None
2026-09-12 12:42:34,460 - INFO -    -> insuficiente (0 chars)
2026-09-12 12:42:37,435 - INFO - [52/1962] https://serviumetropolitana.minvu.gob.cl/
2026-09-12 12:42:42,226 - INFO -    -> trafilatura (1288 chars)
2026-09-12 12:42:44,033 - INFO - [53/1962] https://www.gob.cl/noticias/gobierno-transfiere-terreno-fiscal-nunoa-para-reacti
2026-09-12 12:42:45,476 - INFO -    -> trafilatura (3867 chars)
2026-09-12 12:42:48,249 - INFO - [54/1962] https://www.youtube.com/watch?v=lbe84REsTAs
2026-09-12 12:42:50,240 - WARNING - discarding data: None
2026-09-12 12:42:50,366 - INFO -    -> beautifulsoup (203 chars)
2026-09-12 12:42:51,970 - INFO - [55/1962] https://www.facebook.com/gobiernodechile/posts/la-vivienda-social-se-habita-con-
2026-09-12 12:42:52,901 - INFO -    -> http_error_400 (0 chars)
2026-09-12 12:42:55,600 - INFO - [56/1962] https://catalogo.minvu.cl/cgi-bin/koha/opac-retrieve-file.pl?id=65b77f77bf3c659c
2026-09-12 12:42:56,670 - ERROR - parsed tree length: 1, wrong data type or not valid HTML
2026-09-12 12:42:56,671 - ERROR - empty HTML tree: None
2026-09-12 12:42:56,671 - WARNING - discarding data: None
2026-09-12 12:42:56,861 - ERROR - parsed tree length: 1, wrong data type or not valid HTML
2026-09-12 12:42:56,942 - WARNING - Some characters could not be decoded, and were replaced with REPLACEMENT CHARACTER.
2026-09-12 12:42:57,284 - INFO -    -> insuficiente (0 chars)
2026-09-12 12:42:59,478 - INFO - [57/1962] https://revistainvi.uchile.cl/index.php/INVI/article/view/63384
2026-09-12 12:43:00,629 - INFO -    -> trafilatura (9288 chars)
2026-09-12 12:43:03,068 - INFO - [58/1962] https://lareina.cl/la-reina-crece-con-seguridad-principales-delitos-disminuyeron
2026-09-12 12:43:04,433 - WARNING - discarding data: None
2026-09-12 12:43:04,609 - INFO -    -> insuficiente (169 chars)
2026-09-12 12:43:07,358 - INFO - [59/1962] https://www.defendamoslaciudad.cl/noticias/item/1068-vecinos-se-oponen-a-constru
2026-09-12 12:43:09,031 - INFO -    -> trafilatura (3127 chars)
2026-09-12 12:43:10,927 - INFO - [60/1962] https://www.t13.cl/videos/nacional/vecinos-reina-decidieron-reducir-altura-edifi
2026-09-12 12:43:12,260 - INFO -    -> trafilatura (318 chars)
2026-09-12 12:43:15,034 - INFO - [61/1962] https://interferencia.cl/articulos/altura-de-edificios-en-nunoa-vecinos-logran-f
2026-09-12 12:43:16,399 - INFO -    -> trafilatura (10981 chars)
2026-09-12 12:43:18,496 - INFO - [62/1962] https://www.latercera.com/diario-impreso/la-reina-inicia-debate-por-cambios-a-ed
2026-09-12 12:43:20,688 - INFO -    -> trafilatura (2422 chars)
2026-09-12 12:43:23,348 - INFO - [63/1962] https://www.tallerdearquitectura.cl/dlplareina
2026-09-12 12:43:24,492 - INFO -    -> trafilatura (543 chars)
2026-09-12 12:43:27,237 - INFO - [64/1962] https://www.youtube.com/watch?v=HNH96OZRF4g
2026-09-12 12:43:28,186 - WARNING - discarding data: None
2026-09-12 12:43:28,270 - INFO -    -> beautifulsoup (203 chars)
2026-09-12 12:43:30,143 - INFO - [65/1962] https://www.todolicitaciones.cl/licitacion/2699-65-LE23/mejoramiento-edificio-co
2026-09-12 12:43:31,485 - INFO -    -> trafilatura (1794 chars)
2026-09-12 12:43:33,875 - INFO - [66/1962] https://ciperchile.cl/pdfs/2014/08/arcis/Recurso_Arcis.pdf
2026-09-12 12:43:34,644 - ERROR - parsed tree length: 1, wrong data type or not valid HTML
2026-09-12 12:43:34,644 - ERROR - empty HTML tree: None
2026-09-12 12:43:34,644 - WARNING - discarding data: None
2026-09-12 12:43:34,664 - ERROR - parsed tree length: 1, wrong data type or not valid HTML
2026-09-12 12:43:34,671 - WARNING - Some characters could not be decoded, and were replaced with REPLACEMENT CHARACTER.
2026-09-12 12:43:34,707 - INFO -    -> insuficiente (0 chars)
2026-09-12 12:43:36,359 - INFO - [67/1962] https://ellibero.cl/actualidad/la-cuestionada-politica-de-preservacion-patrimoni
2026-09-12 12:43:37,596 - INFO -    -> http_error_429 (0 chars)
2026-09-12 12:43:39,352 - INFO - [68/1962] https://www.facebook.com/PoderJudicialdeChile/posts/1416228431806584/
2026-09-12 12:43:40,191 - INFO -    -> http_error_400 (0 chars)
2026-09-12 12:43:43,138 - INFO - [69/1962] https://www.studocu.com/cl/document/universidad-santo-tomas/derecho-procesal-v/r
2026-09-12 12:43:43,695 - INFO -    -> http_error_403 (0 chars)
2026-09-12 12:43:45,797 - INFO - [70/1962] https://www.jurischile.com/2014/04/recurso-de-proteccion-rechazado-derecho.html?
2026-09-12 12:43:47,408 - INFO -    -> trafilatura (13036 chars)
2026-09-12 12:43:49,469 - INFO - [71/1962] https://repositorio.uchile.cl/bitstream/handle/2250/136028/Judicializaci%C3%B3n-
2026-09-12 12:43:50,149 - INFO -    -> trafilatura (1245 chars)
2026-09-12 12:43:52,477 - INFO - [72/1962] https://www.bcn.cl/leychile/navegar?idNorma=96733
2026-09-12 12:43:53,145 - WARNING - discarding data: None
2026-09-12 12:43:53,187 - INFO -    -> insuficiente (189 chars)
2026-09-12 12:43:55,291 - INFO - [73/1962] https://www.monumentos.gob.cl/sites/default/files/2025-06/articles-62690_documen
2026-09-12 12:43:56,147 - ERROR - parsed tree length: 1, wrong data type or not valid HTML
2026-09-12 12:43:56,147 - ERROR - empty HTML tree: None
2026-09-12 12:43:56,147 - WARNING - discarding data: None
2026-09-12 12:43:56,198 - ERROR - parsed tree length: 1, wrong data type or not valid HTML
2026-09-12 12:43:56,213 - WARNING - Some characters could not be decoded, and were replaced with REPLACEMENT CHARACTER.
2026-09-12 12:43:56,397 - INFO -    -> insuficiente (0 chars)
2026-09-12 12:43:58,798 - INFO - [74/1962] https://vlex.cl/vid/inersa-s-servicios-proyectos-548472502
2026-09-12 12:43:59,725 - INFO -    -> trafilatura (16887 chars)
2026-09-12 12:44:01,509 - INFO - [75/1962] https://www.facebook.com/PoderJudicialdeChile/posts/corte-de-santiago-rechaza-re
2026-09-12 12:44:01,735 - INFO -    -> http_error_400 (0 chars)
2026-09-12 12:44:03,977 - INFO - [76/1962] https://www.facebook.com/PoderJudicialdeChile/posts/corte-de-santiago-rechaza-re
2026-09-12 12:44:04,198 - INFO -    -> http_error_400 (0 chars)
2026-09-12 12:44:06,510 - INFO - [77/1962] https://radio.uchile.cl/2024/01/31/corte-suprema-ordeno-tomar-medidas-por-incivi
2026-09-12 12:44:27,478 - WARNING - Error extrayendo https://radio.uchile.cl/2024/01/31/corte-suprema-ordeno-tomar-medidas-: HTTPSConnectionPool(host='radio.uchile.cl', port=443): Read timed out. (read timeout=20)
2026-09-12 12:44:27,487 - INFO -    -> error (0 chars)
2026-09-12 12:44:29,208 - INFO - [78/1962] https://academiaderechocivil.udp.cl/cms/wp-content/uploads/2025/05/52.-Ficha-Rol
2026-09-12 12:44:30,641 - INFO -    -> trafilatura (13001 chars)
2026-09-12 12:44:32,380 - INFO - [79/1962] https://www.cmfchile.cl/sitio/aplic/serdoc/ver_sgd.php?s567=09bd7f4181546619a651
2026-09-12 12:44:34,019 - ERROR - parsed tree length: 1, wrong data type or not valid HTML
2026-09-12 12:44:34,019 - ERROR - empty HTML tree: None
2026-09-12 12:44:34,019 - WARNING - discarding data: None
2026-09-12 12:44:34,064 - ERROR - parsed tree length: 1, wrong data type or not valid HTML
2026-09-12 12:44:34,078 - WARNING - Some characters could not be decoded, and were replaced with REPLACEMENT CHARACTER.
2026-09-12 12:44:34,182 - INFO -    -> insuficiente (0 chars)
2026-09-12 12:44:37,082 - INFO - [80/1962] https://www.instagram.com/p/DY5nN7qxKdA/
2026-09-12 12:44:38,134 - WARNING - discarding data: None
2026-09-12 12:44:39,196 - INFO -    -> insuficiente (0 chars)
2026-09-12 12:44:41,377 - INFO - [81/1962] https://www.doe.cl/alerta/17032026/202603173004
2026-09-12 12:44:43,657 - ERROR - parsed tree length: 1, wrong data type or not valid HTML
2026-09-12 12:44:43,657 - ERROR - empty HTML tree: None
2026-09-12 12:44:43,657 - WARNING - discarding data: None
2026-09-12 12:44:43,681 - ERROR - parsed tree length: 1, wrong data type or not valid HTML
2026-09-12 12:44:43,686 - WARNING - Some characters could not be decoded, and were replaced with REPLACEMENT CHARACTER.
2026-09-12 12:44:43,707 - INFO -    -> insuficiente (0 chars)
2026-09-12 12:44:46,572 - INFO - [82/1962] https://www.facebook.com/PoderJudicialdeChile/photos/corte-de-santiago-rechaza-r
2026-09-12 12:44:47,074 - WARNING - discarding data: None
2026-09-12 12:44:47,790 - INFO -    -> insuficiente (0 chars)
2026-09-12 12:44:49,536 - INFO - [83/1962] https://interferencia.cl/sites/default/files/informe_cde_vargas_watermark_7_2404
2026-09-12 12:44:51,562 - INFO -    -> trafilatura (36782 chars)
2026-09-12 12:44:53,085 - INFO - [84/1962] https://pagina19.cl/nacional/corte-de-apelaciones-de-santiago-declara-admisible-
2026-09-12 12:44:54,716 - INFO -    -> trafilatura (8004 chars)
2026-09-12 12:44:56,533 - INFO - [85/1962] https://www.nic.cl/normativa/corte-stgo-39-2019.pdf
2026-09-12 12:44:57,314 - ERROR - parsed tree length: 1, wrong data type or not valid HTML
2026-09-12 12:44:57,314 - ERROR - empty HTML tree: None
2026-09-12 12:44:57,314 - WARNING - discarding data: None
2026-09-12 12:44:57,329 - ERROR - parsed tree length: 1, wrong data type or not valid HTML
2026-09-12 12:44:57,336 - WARNING - Some characters could not be decoded, and were replaced with REPLACEMENT CHARACTER.
2026-09-12 12:44:57,359 - INFO -    -> insuficiente (0 chars)
2026-09-12 12:45:00,143 - INFO - [86/1962] https://www.nic.cl/acerca/documentos/320-2020(Alex-Morales).pdf
2026-09-12 12:45:00,251 - ERROR - parsed tree length: 1, wrong data type or not valid HTML
2026-09-12 12:45:00,251 - ERROR - empty HTML tree: None
2026-09-12 12:45:00,251 - WARNING - discarding data: None
2026-09-12 12:45:00,304 - ERROR - parsed tree length: 1, wrong data type or not valid HTML
2026-09-12 12:45:00,323 - WARNING - Some characters could not be decoded, and were replaced with REPLACEMENT CHARACTER.
2026-09-12 12:45:00,443 - INFO -    -> insuficiente (0 chars)
2026-09-12 12:45:03,201 - INFO - [87/1962] https://www.laflorida.cl/web/wp-content/uploads/2020/11/Decreto-Exento-N%C2%B0-3
2026-09-12 12:45:03,764 - ERROR - parsed tree length: 1, wrong data type or not valid HTML
2026-09-12 12:45:03,765 - ERROR - empty HTML tree: None
2026-09-12 12:45:03,765 - WARNING - discarding data: None
2026-09-12 12:45:03,789 - ERROR - parsed tree length: 1, wrong data type or not valid HTML
2026-09-12 12:45:03,797 - WARNING - Some characters could not be decoded, and were replaced with REPLACEMENT CHARACTER.
2026-09-12 12:45:03,828 - INFO -    -> insuficiente (0 chars)
2026-09-12 12:45:06,732 - INFO - [88/1962] https://transparencia.sma.gob.cl/doc/resoluciones/RESOL_EXENTA_SMA_2019/RESOL%20
2026-09-12 12:45:07,538 - ERROR - parsed tree length: 1, wrong data type or not valid HTML
2026-09-12 12:45:07,538 - ERROR - empty HTML tree: None
2026-09-12 12:45:07,538 - WARNING - discarding data: None
2026-09-12 12:45:07,716 - ERROR - parsed tree length: 1, wrong data type or not valid HTML
2026-09-12 12:45:07,794 - WARNING - Some characters could not be decoded, and were replaced with REPLACEMENT CHARACTER.
2026-09-12 12:45:08,106 - INFO -    -> insuficiente (0 chars)
2026-09-12 12:45:09,798 - INFO - [89/1962] https://www.facebook.com/elmostrador/posts/en-un-recurso-presentado-ante-la-cort
2026-09-12 12:45:10,342 - INFO -    -> http_error_400 (0 chars)
2026-09-12 12:45:13,069 - INFO - [90/1962] https://www.df.cl/empresas/industria/sundreams-vuelve-a-la-carga-contra-enjoy-en
2026-09-12 12:45:13,994 - INFO -    -> trafilatura (4201 chars)
2026-09-12 12:45:15,676 - INFO - [91/1962] https://www.carabineros.cl/transparencia/Resoluciones_Denegatorias/2020/D_RESOLE
2026-09-12 12:45:16,634 - ERROR - parsed tree length: 1, wrong data type or not valid HTML
2026-09-12 12:45:16,634 - ERROR - empty HTML tree: None
2026-09-12 12:45:16,634 - WARNING - discarding data: None
2026-09-12 12:45:16,717 - ERROR - parsed tree length: 1, wrong data type or not valid HTML
2026-09-12 12:45:16,743 - WARNING - Some characters could not be decoded, and were replaced with REPLACEMENT CHARACTER.
2026-09-12 12:45:16,845 - INFO -    -> insuficiente (0 chars)
2026-09-12 12:45:18,496 - INFO - [92/1962] https://www.jurischile.com/2019/06/
2026-09-12 12:45:19,809 - INFO -    -> trafilatura (973 chars)
2026-09-12 12:45:22,676 - INFO - [93/1962] https://derechoshumanos.udp.cl/cms/wp-content/uploads/2020/12/Boletin42Observato
2026-09-12 12:45:23,563 - ERROR - parsed tree length: 1, wrong data type or not valid HTML
2026-09-12 12:45:23,564 - ERROR - empty HTML tree: None
2026-09-12 12:45:23,564 - WARNING - discarding data: None
2026-09-12 12:45:23,630 - ERROR - parsed tree length: 1, wrong data type or not valid HTML
2026-09-12 12:45:23,643 - WARNING - Some characters could not be decoded, and were replaced with REPLACEMENT CHARACTER.
2026-09-12 12:45:23,737 - INFO -    -> insuficiente (0 chars)
2026-09-12 12:45:26,271 - INFO - [94/1962] https://transparencia.sma.gob.cl/doc/resoluciones/RESOL_EXENTA_SMA_2019/RESOL%20
2026-09-12 12:45:26,950 - INFO -    -> trafilatura (77513 chars)
2026-09-12 12:45:28,798 - INFO - [95/1962] https://www.osva.cl/wp/wp-content/uploads/2021/04/boleti%CC%81n-28-2021.pdf
2026-09-12 12:45:29,745 - ERROR - parsed tree length: 1, wrong data type or not valid HTML
2026-09-12 12:45:29,746 - ERROR - empty HTML tree: None
2026-09-12 12:45:29,746 - WARNING - discarding data: None
2026-09-12 12:45:29,787 - ERROR - parsed tree length: 1, wrong data type or not valid HTML
2026-09-12 12:45:29,800 - WARNING - Some characters could not be decoded, and were replaced with REPLACEMENT CHARACTER.
2026-09-12 12:45:29,874 - INFO -    -> insuficiente (0 chars)
2026-09-12 12:45:32,327 - INFO - [96/1962] https://www.df.cl/mercados/bolsa-monedas/corte-de-apelaciones-rechaza-la-reclama
2026-09-12 12:45:32,677 - INFO -    -> trafilatura (1305 chars)
2026-09-12 12:45:34,783 - INFO - [97/1962] https://derecho.uahurtado.cl/noticias/opinion-del-prof-leonel-gonzalez-sobre-el-
2026-09-12 12:45:36,068 - INFO -    -> trafilatura (2371 chars)
2026-09-12 12:45:38,409 - INFO - [98/1962] https://www.facebook.com/CadenaEcotel/posts/concejal-santiago-err%C3%A1ez-reclam
2026-09-12 12:45:38,672 - INFO -    -> http_error_400 (0 chars)
2026-09-12 12:45:41,624 - INFO - [99/1962] https://www.facebook.com/PeriodicoElCiudadano/posts/corte-de-santiago-ordena-a-l
2026-09-12 12:45:42,018 - INFO -    -> http_error_400 (0 chars)
2026-09-12 12:45:43,874 - INFO - [100/1962] https://transparencia.sma.gob.cl/doc/resoluciones/RESOL_EXENTA_SMA_2023/Res.%20E
2026-09-12 12:45:43,943 - ERROR - parsed tree length: 1, wrong data type or not valid HTML
2026-09-12 12:45:43,945 - ERROR - empty HTML tree: None
2026-09-12 12:45:43,945 - WARNING - discarding data: None
2026-09-12 12:45:43,970 - ERROR - parsed tree length: 1, wrong data type or not valid HTML
2026-09-12 12:45:43,980 - WARNING - Some characters could not be decoded, and were replaced with REPLACEMENT CHARACTER.
2026-09-12 12:45:44,024 - INFO -    -> insuficiente (0 chars)
2026-09-12 12:45:46,087 - INFO - [101/1962] https://www.bcn.cl/leychile/Navegar?idNorma=1041361&idParte=9269971
2026-09-12 12:45:46,900 - WARNING - discarding data: None
2026-09-12 12:45:46,981 - INFO -    -> insuficiente (189 chars)
2026-09-12 12:45:49,711 - INFO - [102/1962] https://www.diariooficial.interior.gob.cl/publicaciones/2023/07/28/43613/01/2349
2026-09-12 12:46:10,925 - ERROR - parsed tree length: 1, wrong data type or not valid HTML
2026-09-12 12:46:10,926 - ERROR - empty HTML tree: None
2026-09-12 12:46:10,926 - WARNING - discarding data: None
2026-09-12 12:46:11,069 - ERROR - parsed tree length: 1, wrong data type or not valid HTML
2026-09-12 12:46:11,145 - WARNING - Some characters could not be decoded, and were replaced with REPLACEMENT CHARACTER.
2026-09-12 12:46:11,371 - INFO -    -> insuficiente (0 chars)
2026-09-12 12:46:14,025 - INFO - [103/1962] https://www.diarioestrategia.cl/texto-diario/mostrar/3033623/cmf-sanciona-direct
2026-09-12 12:46:15,926 - INFO -    -> trafilatura (3395 chars)
2026-09-12 12:46:17,656 - INFO - [104/1962] https://www.circuloverde.cl/cuando-debo-realizar-el-tramite-de-obtencion-traslad
2026-09-12 12:46:19,177 - INFO -    -> trafilatura (7025 chars)
2026-09-12 12:46:21,047 - INFO - [105/1962] https://www.facebook.com/PoderJudicialdeChile/posts/corte-de-santiago-acoge-recl
2026-09-12 12:46:21,276 - INFO -    -> http_error_400 (0 chars)
2026-09-12 12:46:23,014 - INFO - [106/1962] https://academiajudicial.cl/wp-content/uploads/2026/08/Reclamos-de-ilegalidad-y-
2026-09-12 12:46:24,298 - ERROR - parsed tree length: 1, wrong data type or not valid HTML
2026-09-12 12:46:24,298 - ERROR - empty HTML tree: None
2026-09-12 12:46:24,298 - WARNING - discarding data: None
2026-09-12 12:46:24,372 - ERROR - parsed tree length: 1, wrong data type or not valid HTML
2026-09-12 12:46:24,388 - WARNING - Some characters could not be decoded, and were replaced with REPLACEMENT CHARACTER.
2026-09-12 12:46:24,489 - INFO -    -> insuficiente (0 chars)
2026-09-12 12:46:26,675 - INFO - [107/1962] https://www.facebook.com/PoderJudicialdeChile/posts/corte-de-santiago-rechaza-re
2026-09-12 12:46:26,900 - INFO -    -> http_error_400 (0 chars)
2026-09-12 12:46:29,841 - INFO - [108/1962] https://www.pjud.cl/prensa-y-comunicaciones/noticias-del-poder-judicial/122275
2026-09-12 12:46:30,978 - INFO -    -> trafilatura (5747 chars)
2026-09-12 12:46:33,346 - INFO - [109/1962] https://www.facebook.com/PoderJudicialdeChile/posts/corte-de-santiago-rechaza-re
2026-09-12 12:46:33,587 - INFO -    -> http_error_400 (0 chars)
2026-09-12 12:46:35,702 - INFO - [110/1962] https://www.doe.cl/alerta/16052024/202405163004
2026-09-12 12:46:37,395 - ERROR - parsed tree length: 1, wrong data type or not valid HTML
2026-09-12 12:46:37,395 - ERROR - empty HTML tree: None
2026-09-12 12:46:37,395 - WARNING - discarding data: None
2026-09-12 12:46:37,413 - ERROR - parsed tree length: 1, wrong data type or not valid HTML
2026-09-12 12:46:37,420 - WARNING - Some characters could not be decoded, and were replaced with REPLACEMENT CHARACTER.
2026-09-12 12:46:37,453 - INFO -    -> insuficiente (0 chars)
2026-09-12 12:46:39,722 - INFO - [111/1962] https://transparencia.sma.gob.cl/doc/resoluciones/RESOL_EXENTA_SMA_2020/RESOL%20
2026-09-12 12:46:39,832 - ERROR - parsed tree length: 1, wrong data type or not valid HTML
2026-09-12 12:46:39,833 - ERROR - empty HTML tree: None
2026-09-12 12:46:39,833 - WARNING - discarding data: None
2026-09-12 12:46:39,884 - ERROR - parsed tree length: 1, wrong data type or not valid HTML
2026-09-12 12:46:39,900 - WARNING - Some characters could not be decoded, and were replaced with REPLACEMENT CHARACTER.
2026-09-12 12:46:39,982 - INFO -    -> insuficiente (0 chars)
2026-09-12 12:46:42,536 - INFO - [112/1962] https://www.consejotransparencia.cl/wp-content/uploads/instruccion/2025/12/Bolet
2026-09-12 12:46:43,449 - ERROR - parsed tree length: 1, wrong data type or not valid HTML
2026-09-12 12:46:43,449 - ERROR - empty HTML tree: None
2026-09-12 12:46:43,449 - WARNING - discarding data: None
2026-09-12 12:46:43,526 - ERROR - parsed tree length: 1, wrong data type or not valid HTML
2026-09-12 12:46:43,541 - WARNING - Some characters could not be decoded, and were replaced with REPLACEMENT CHARACTER.
2026-09-12 12:46:43,655 - INFO -    -> insuficiente (0 chars)
2026-09-12 12:46:45,403 - INFO - [113/1962] https://www.facebook.com/PaulinaNunezSenadora/posts/nos-fue-bien-se-declara-admi
2026-09-12 12:46:45,801 - INFO -    -> http_error_400 (0 chars)
2026-09-12 12:46:48,541 - INFO - [114/1962] https://www.theclinic.cl/2025/05/27/puede-generar-riesgos-sanitarios-la-millonar
2026-09-12 12:46:49,932 - INFO -    -> trafilatura (5309 chars)
2026-09-12 12:46:51,807 - INFO - [115/1962] https://www.latercera.com/pulso/noticia/corte-de-santiago-confirma-invalidacion-
2026-09-12 12:46:53,628 - INFO -    -> trafilatura (3639 chars)
2026-09-12 12:46:55,254 - INFO - [116/1962] https://radio.uchile.cl/2019/05/09/territorios-y-desacatos/
2026-09-12 12:47:16,257 - WARNING - Error extrayendo https://radio.uchile.cl/2019/05/09/territorios-y-desacatos/: HTTPSConnectionPool(host='radio.uchile.cl', port=443): Read timed out. (read timeout=20)
2026-09-12 12:47:16,269 - INFO -    -> error (0 chars)
2026-09-12 12:47:18,821 - INFO - [117/1962] https://revista.ceacgr.cl/index.php/ceacgr/article/download/125/491
2026-09-12 12:47:19,983 - ERROR - parsed tree length: 1, wrong data type or not valid HTML
2026-09-12 12:47:19,984 - ERROR - empty HTML tree: None
2026-09-12 12:47:19,984 - WARNING - discarding data: None
2026-09-12 12:47:20,011 - ERROR - parsed tree length: 1, wrong data type or not valid HTML
2026-09-12 12:47:20,022 - WARNING - Some characters could not be decoded, and were replaced with REPLACEMENT CHARACTER.
2026-09-12 12:47:20,071 - INFO -    -> insuficiente (0 chars)
2026-09-12 12:47:21,622 - INFO - [118/1962] https://www.facebook.com/MuniConce/posts/hoy-como-municipio-ingresamos-solicitud
2026-09-12 12:47:22,075 - INFO -    -> http_error_400 (0 chars)
2026-09-12 12:47:24,448 - INFO - [119/1962] https://interferencia.cl/articulos/guetos-verticales-de-estacion-central-sufren-
2026-09-12 12:47:25,325 - INFO -    -> trafilatura (5739 chars)
2026-09-12 12:47:27,428 - INFO - [120/1962] https://arquitectura.uc.cl/proyectos/noticias/3531-estacion-central-ya-notifico-
2026-09-12 12:47:28,784 - INFO -    -> trafilatura (530 chars)
2026-09-12 12:47:31,320 - INFO - [121/1962] https://www.ciperchile.cl/2018/06/06/se-atrevera-la-alcaldesa-evelyn-matthei-a-c
2026-09-12 12:47:33,226 - INFO -    -> trafilatura (8478 chars)
2026-09-12 12:47:35,230 - INFO - [122/1962] https://www.emol.com/noticias/Nacional/2020/03/10/979333/Corte-rechaza-recursos-
2026-09-12 12:47:36,088 - INFO -    -> trafilatura (1731 chars)
2026-09-12 12:47:38,506 - INFO - [123/1962] https://www.diarioestrategia.cl/texto-diario/mostrar/1038791/independencia-inici
2026-09-12 12:47:40,101 - INFO -    -> trafilatura (1674 chars)
2026-09-12 12:47:42,880 - INFO - [124/1962] https://www.latercera.com/pulso/noticia/inmobiliaria-va-al-tc-dictamen-contralor
2026-09-12 12:47:44,208 - INFO -    -> trafilatura (3698 chars)
2026-09-12 12:47:45,867 - INFO - [125/1962] https://www.facebook.com/listindiario/posts/editorialenvoz-l-urge-evaluar-las-ed
2026-09-12 12:47:46,188 - INFO -    -> http_error_400 (0 chars)
2026-09-12 12:47:48,483 - INFO - [126/1962] https://www.facebook.com/limatopias/posts/estaci%C3%B3n-central-la-historia-de-c
2026-09-12 12:47:48,769 - INFO -    -> http_error_400 (0 chars)
2026-09-12 12:47:50,764 - INFO - [127/1962] https://www.facebook.com/eleccionespresidencialeschile/posts/as%C3%AD-luce-estac
2026-09-12 12:47:51,062 - INFO -    -> http_error_400 (0 chars)
2026-09-12 12:47:53,099 - INFO - [128/1962] https://www.facebook.com/lima.moderna/posts/construcci%C3%B3n-en-marcha-edificio
2026-09-12 12:47:53,425 - INFO -    -> http_error_400 (0 chars)
2026-09-12 12:47:55,733 - INFO - [129/1962] https://www.facebook.com/elpaismexico/posts/-las-torres-descomunales-de-santa-pe
2026-09-12 12:47:55,967 - INFO -    -> http_error_400 (0 chars)
2026-09-12 12:47:57,799 - INFO - [130/1962] https://www.facebook.com/listindiario/posts/alcald%C3%ADa-de-santiago-reanudar%C
2026-09-12 12:47:58,029 - INFO -    -> http_error_400 (0 chars)
2026-09-12 12:48:00,482 - INFO - [131/1962] https://transportevertical.org/sitio/guetos-verticales-en-santiago/
2026-09-12 12:48:03,660 - INFO -    -> trafilatura (3705 chars)
2026-09-12 12:48:05,929 - INFO - [132/1962] https://www.eldinamo.cl/opinion/2017/09/04/guetos-verticales-todos-los-analizado
2026-09-12 12:48:06,707 - INFO -    -> trafilatura (6367 chars)
2026-09-12 12:48:08,415 - INFO - [133/1962] https://www.df.cl/empresas/infraestructura-inmobiliaria/guetos-verticales-estaci
2026-09-12 12:48:09,419 - INFO -    -> trafilatura (4173 chars)
2026-09-12 12:48:12,098 - INFO - [134/1962] https://www.biobiochile.cl/noticias/blogs/el-blog-de-patricio-herman/2020/10/28/
2026-09-12 12:48:13,002 - INFO -    -> trafilatura (14480 chars)
2026-09-12 12:48:15,128 - INFO - [135/1962] https://www.eldinamo.cl/opinion/2017/07/31/guetos-verticales-miente-miente-que-a
2026-09-12 12:48:15,689 - INFO -    -> trafilatura (6545 chars)
2026-09-12 12:48:17,956 - INFO - [136/1962] https://criticaurbana.com/wp-content/uploads/2019/03/CU5-Almendra-G%C3%B3mez.pdf
2026-09-12 12:48:19,932 - ERROR - parsed tree length: 1, wrong data type or not valid HTML
2026-09-12 12:48:19,932 - ERROR - empty HTML tree: None
2026-09-12 12:48:19,932 - WARNING - discarding data: None
2026-09-12 12:48:19,951 - ERROR - parsed tree length: 1, wrong data type or not valid HTML
2026-09-12 12:48:19,960 - WARNING - Some characters could not be decoded, and were replaced with REPLACEMENT CHARACTER.
2026-09-12 12:48:19,997 - INFO -    -> insuficiente (0 chars)
2026-09-12 12:48:22,889 - INFO - [137/1962] https://www.facebook.com/museohistoriconacional/posts/novedades-de-nuestra-bibli
2026-09-12 12:48:23,279 - INFO -    -> http_error_400 (0 chars)
2026-09-12 12:48:25,964 - INFO - [138/1962] https://www.scielo.cl/scielo.php?script=sci_arttext&pid=S0717-69962018000100132
2026-09-12 12:48:26,963 - INFO -    -> trafilatura (10016 chars)
2026-09-12 12:48:29,236 - INFO - [139/1962] https://www.eldinamo.cl/opinion/2017/04/28/guetos-verticales-estacion-central-si
2026-09-12 12:48:29,942 - INFO -    -> trafilatura (8888 chars)
2026-09-12 12:48:31,717 - INFO - [140/1962] https://www.instagram.com/p/B1o4KA9HZUH/
2026-09-12 12:48:33,040 - WARNING - discarding data: None
2026-09-12 12:48:33,964 - INFO -    -> insuficiente (0 chars)
2026-09-12 12:48:36,260 - INFO - [141/1962] https://www.hogardecristo.cl/entrevistas/felipe-munoz-estacion-central/
2026-09-12 12:48:37,592 - INFO -    -> trafilatura (14544 chars)
2026-09-12 12:48:40,453 - INFO - [142/1962] https://es.wikipedia.org/wiki/Estaci%C3%B3n_Central
2026-09-12 12:48:41,560 - INFO -    -> trafilatura (22050 chars)
2026-09-12 12:48:44,438 - INFO - [143/1962] https://www.df.cl/empresas/construccion/alcalde-de-maipu-congela-permisos-de-nue
2026-09-12 12:48:44,720 - INFO -    -> trafilatura (2120 chars)
2026-09-12 12:48:46,993 - INFO - [144/1962] https://www.youtube.com/watch?v=1r_O3SnSBCE
2026-09-12 12:48:48,371 - WARNING - discarding data: None
2026-09-12 12:48:48,502 - INFO -    -> beautifulsoup (203 chars)
2026-09-12 12:48:50,343 - INFO - [145/1962] https://www.facebook.com/gabrielboric/posts/la-alcaldesa-irac%C3%AD-hassler-me-e
2026-09-12 12:48:50,916 - INFO -    -> http_error_400 (0 chars)
2026-09-12 12:48:52,480 - INFO - [146/1962] https://www.facebook.com/MinvuChile/videos/parque-mapocho-r%C3%ADo-junto-a-estud
2026-09-12 12:48:53,850 - WARNING - discarding data: None
2026-09-12 12:48:54,557 - INFO -    -> insuficiente (0 chars)
2026-09-12 12:48:56,593 - INFO - [147/1962] https://www.facebook.com/canal13c/posts/la-arquitectura-es-cosa-de-gustos-federi
2026-09-12 12:48:57,014 - INFO -    -> http_error_400 (0 chars)
2026-09-12 12:48:58,574 - INFO - [148/1962] https://www.instagram.com/p/CvqNG69ulr0/?img_index=4
2026-09-12 12:48:58,988 - WARNING - discarding data: None
2026-09-12 12:48:59,854 - INFO -    -> insuficiente (0 chars)
2026-09-12 12:49:02,519 - INFO - [149/1962] https://www.facebook.com/PCdeChile/posts/en-santiago-el-pueblo-hizo-historia-la-
2026-09-12 12:49:02,882 - INFO -    -> http_error_400 (0 chars)
2026-09-12 12:49:05,636 - INFO - [150/1962] http://marsino.cl/en-proceso
2026-09-12 12:49:07,610 - INFO -    -> trafilatura (3658 chars)
2026-09-12 12:49:09,543 - INFO - [151/1962] https://www.redalyc.org/pdf/171/17149048012.pdf
2026-09-12 12:49:30,501 - WARNING - Error extrayendo https://www.redalyc.org/pdf/171/17149048012.pdf: HTTPSConnectionPool(host='www.redalyc.org', port=443): Read timed out. (read timeout=20)
2026-09-12 12:49:30,512 - INFO -    -> error (0 chars)
2026-09-12 12:49:33,256 - INFO - [152/1962] https://www.latercera.com/pulso/grupo-schiess-alista-megaproyecto-en-santa-maria
2026-09-12 12:49:35,302 - INFO -    -> trafilatura (5966 chars)
2026-09-12 12:49:37,608 - INFO - [153/1962] https://www.bcn.cl/leychile/navegar?idNorma=1075618
2026-09-12 12:49:38,361 - WARNING - discarding data: None
2026-09-12 12:49:38,416 - INFO -    -> insuficiente (189 chars)
2026-09-12 12:49:41,050 - INFO - [154/1962] https://www.facebook.com/Colegioarq/posts/articulos-ca152-la-deuda-habitacional-
2026-09-12 12:49:41,274 - INFO -    -> http_error_400 (0 chars)
2026-09-12 12:49:43,354 - INFO - [155/1962] https://bibliotecadigital.indh.cl/server/api/core/bitstreams/85463170-db75-4798-
2026-09-12 12:49:45,373 - ERROR - parsed tree length: 1, wrong data type or not valid HTML
2026-09-12 12:49:45,374 - ERROR - empty HTML tree: None
2026-09-12 12:49:45,374 - WARNING - discarding data: None
2026-09-12 12:49:45,513 - ERROR - parsed tree length: 1, wrong data type or not valid HTML
2026-09-12 12:49:45,564 - WARNING - Some characters could not be decoded, and were replaced with REPLACEMENT CHARACTER.
2026-09-12 12:49:45,799 - INFO -    -> insuficiente (0 chars)
2026-09-12 12:49:47,912 - INFO - [156/1962] https://www.scielo.cl/scielo.php?script=sci_arttext&pid=S0250-71612017000300297
2026-09-12 12:49:48,996 - INFO -    -> trafilatura (26445 chars)
2026-09-12 12:49:51,685 - INFO - [157/1962] https://repositorioinstitucional.buap.mx/server/api/core/bitstreams/1f1e9a40-caa
2026-09-12 12:50:00,117 - ERROR - parsed tree length: 1, wrong data type or not valid HTML
2026-09-12 12:50:00,118 - ERROR - empty HTML tree: None
2026-09-12 12:50:00,118 - WARNING - discarding data: None
2026-09-12 12:50:00,197 - ERROR - parsed tree length: 1, wrong data type or not valid HTML
2026-09-12 12:50:00,216 - WARNING - Some characters could not be decoded, and were replaced with REPLACEMENT CHARACTER.
2026-09-12 12:50:00,349 - INFO -    -> insuficiente (0 chars)
2026-09-12 12:50:02,216 - INFO - [158/1962] https://www.df.cl/empresas/actualidad/sky-detalla-tarifas-pasajes-a-la-serena-co
2026-09-12 12:50:03,089 - INFO -    -> trafilatura (1428 chars)
2026-09-12 12:50:05,136 - INFO - [159/1962] https://www.latercera.com/pulso/inmobiliaria-lo-campino-invertira-us154-millones
2026-09-12 12:50:06,518 - INFO -    -> trafilatura (2815 chars)
2026-09-12 12:50:09,216 - INFO - [160/1962] https://olca.cl/articulo/nota.php?id=105104
2026-09-12 12:50:11,277 - INFO -    -> trafilatura (3914 chars)
2026-09-12 12:50:13,678 - INFO - [161/1962] https://www.latercera.com/pulso/noticia/corte-suprema-falla-megaproyecto-inmobil
2026-09-12 12:50:15,152 - INFO -    -> trafilatura (3627 chars)
2026-09-12 12:50:17,275 - INFO - [162/1962] https://www.facebook.com/teletrece/videos/el-proyecto-inmobiliario-que-divide-a-
2026-09-12 12:50:18,124 - WARNING - discarding data: None
2026-09-12 12:50:18,653 - INFO -    -> insuficiente (0 chars)
2026-09-12 12:50:20,808 - INFO - [163/1962] https://eldesconcierto.cl/2020/02/11/vecinos-de-nunoa-en-pie-de-guerra-contra-pr
2026-09-12 12:50:21,572 - INFO -    -> trafilatura (8535 chars)
2026-09-12 12:50:24,372 - INFO - [164/1962] https://segreader.emol.cl/2019/05/31/B/H53K696G/light?gt=173001
2026-09-12 12:50:25,195 - ERROR - parsed tree length: 1, wrong data type or not valid HTML
2026-09-12 12:50:25,195 - ERROR - empty HTML tree: None
2026-09-12 12:50:25,196 - WARNING - discarding data: None
2026-09-12 12:50:25,198 - ERROR - parsed tree length: 1, wrong data type or not valid HTML
2026-09-12 12:50:25,229 - INFO -    -> beautifulsoup (3807 chars)
2026-09-12 12:50:27,604 - INFO - [165/1962] https://www.facebook.com/villarricaldia/posts/una-mala-decisi%C3%B3n-aprobaci%C3
2026-09-12 12:50:28,075 - INFO -    -> http_error_400 (0 chars)
2026-09-12 12:50:30,713 - INFO - [166/1962] https://www.facebook.com/groups/algarroboaldia/posts/1688120001348712/
2026-09-12 12:50:31,025 - INFO -    -> http_error_400 (0 chars)
2026-09-12 12:50:33,801 - INFO - [167/1962] https://www.elmostrador.cl/braga/2019/10/10/maria-isabel-baeza-y-su-lucha-por-la
2026-09-12 12:50:34,616 - INFO -    -> trafilatura (4262 chars)
2026-09-12 12:50:37,529 - INFO - [168/1962] https://www.facebook.com/municipiodebuin/posts/charla-para-familias-de-proyecto-
2026-09-12 12:50:37,937 - INFO -    -> http_error_400 (0 chars)
2026-09-12 12:50:40,455 - INFO - [169/1962] https://www.df.cl/empresas/construccion/echeverria-izquierdo-irrumpe-en-vivienda
2026-09-12 12:50:40,758 - INFO -    -> trafilatura (4017 chars)
2026-09-12 12:50:42,794 - INFO - [170/1962] https://interferencia.cl/articulos/pinera-acumulo-sus-primeros-millones-de-dolar
2026-09-12 12:50:44,047 - INFO -    -> trafilatura (22656 chars)
2026-09-12 12:50:46,941 - INFO - [171/1962] https://www.facebook.com/muniquilicura/posts/noticia-%EF%B8%8Fnosotros-no-hemos-
2026-09-12 12:50:47,176 - INFO -    -> http_error_400 (0 chars)
2026-09-12 12:50:49,525 - INFO - [172/1962] https://www.pauta.cl/ciudad/2023/01/20/reactivacion-de-megaproyecto-de-fundament
2026-09-12 12:50:50,423 - INFO -    -> trafilatura (6378 chars)
2026-09-12 12:50:53,422 - INFO - [173/1962] https://interferencia.cl/articulos/maratue-vecinos-de-puchuncavi-piden-la-suprem
2026-09-12 12:50:53,761 - INFO -    -> trafilatura (5156 chars)
2026-09-12 12:50:56,582 - INFO - [174/1962] https://www.latercera.com/nacional/noticia/el-megaproyecto-que-san-miguel-busca-
2026-09-12 12:50:58,032 - INFO -    -> trafilatura (5242 chars)
2026-09-12 12:51:00,024 - INFO - [175/1962] https://www.cooperativa.cl/noticias/pais/ciudades/santiago/sea-aprobo-construcci
2026-09-12 12:51:00,682 - INFO -    -> trafilatura (3208 chars)
2026-09-12 12:51:02,747 - INFO - [176/1962] https://www.facebook.com/groups/algarroboaldia/posts/2068907339936641/
2026-09-12 12:51:03,046 - INFO -    -> http_error_400 (0 chars)
2026-09-12 12:51:04,805 - INFO - [177/1962] https://www.df.cl/empresas/retail/el-penon-de-walmart-tribunal-ambiental-falla-a
2026-09-12 12:51:05,276 - INFO -    -> trafilatura (3775 chars)
2026-09-12 12:51:06,780 - INFO - [178/1962] https://www.pauta.cl/ciudad/2023/02/23/aprueban-nuevo-megaproyecto-en-quilicura-
2026-09-12 12:51:07,501 - INFO -    -> trafilatura (2331 chars)
2026-09-12 12:51:09,166 - INFO - [179/1962] https://interferencia.cl/articulos/fundamenta-denuncian-en-contraloria-estudio-d
2026-09-12 12:51:09,718 - INFO -    -> trafilatura (5517 chars)
2026-09-12 12:51:11,985 - INFO - [180/1962] https://www.facebook.com/adncl/posts/-tribunal-confirma-aprobaci%C3%B3n-de-megap
2026-09-12 12:51:12,272 - INFO -    -> http_error_400 (0 chars)
2026-09-12 12:51:14,677 - INFO - [181/1962] https://www.df.cl/empresas/construccion/luz-verde-a-megaproyecto-en-penalolen-in
2026-09-12 12:51:15,131 - INFO -    -> trafilatura (3223 chars)
2026-09-12 12:51:17,936 - INFO - [182/1962] https://www.instagram.com/p/DVleuNqDQs0/
2026-09-12 12:51:18,899 - WARNING - discarding data: None
2026-09-12 12:51:19,642 - INFO -    -> insuficiente (0 chars)
2026-09-12 12:51:21,812 - INFO - [183/1962] https://www.elciudadano.com/chile/la-ciudad-no-se-vende-vecinos-de-penalolen-se-
2026-09-12 12:51:22,811 - INFO -    -> trafilatura (8172 chars)
2026-09-12 12:51:24,319 - INFO - [184/1962] https://www.facebook.com/meganoticiascl/videos/megainvestiga-vecinos-de-estaci%C
2026-09-12 12:51:25,014 - WARNING - discarding data: None
2026-09-12 12:51:25,524 - INFO -    -> insuficiente (0 chars)
2026-09-12 12:51:27,263 - INFO - [185/1962] https://www.facebook.com/LaderaSurOficial/posts/tras-ocho-a%C3%B1os-de-disputa-a
2026-09-12 12:51:27,597 - INFO -    -> http_error_400 (0 chars)
2026-09-12 12:51:29,229 - INFO - [186/1962] https://estudiosurbanos.uc.cl/wp-content/uploads/2022/05/TESIS-FNVR.pdf
2026-09-12 12:51:30,692 - ERROR - parsed tree length: 1, wrong data type or not valid HTML
2026-09-12 12:51:30,693 - ERROR - empty HTML tree: None
2026-09-12 12:51:30,694 - WARNING - discarding data: None
2026-09-12 12:51:30,874 - ERROR - parsed tree length: 1, wrong data type or not valid HTML
2026-09-12 12:51:30,955 - WARNING - Some characters could not be decoded, and were replaced with REPLACEMENT CHARACTER.
2026-09-12 12:51:31,449 - INFO -    -> insuficiente (0 chars)
2026-09-12 12:51:33,510 - INFO - [187/1962] https://eldesconcierto.cl/medio-ambiente/vecinos-puchuncavi-alerta-mega-proyecto
2026-09-12 12:51:34,469 - INFO -    -> trafilatura (5174 chars)
2026-09-12 12:51:37,225 - INFO - [188/1962] https://www.facebook.com/elmostrador/videos/opini%C3%B3n-la-decisi%C3%B3n-adopta
2026-09-12 12:51:38,116 - WARNING - discarding data: None
2026-09-12 12:51:38,643 - INFO -    -> insuficiente (0 chars)
2026-09-12 12:51:40,760 - INFO - [189/1962] https://www.facebook.com/movimientodefendamoschiloe/posts/-de-no-creer-pero-es-c
2026-09-12 12:51:41,001 - INFO -    -> http_error_400 (0 chars)
2026-09-12 12:51:43,078 - INFO - [190/1962] https://www.ciperchile.cl/2014/10/09/gentrificacion-y-burbuja-inmobiliaria-en-el
2026-09-12 12:51:44,652 - INFO -    -> trafilatura (16139 chars)
2026-09-12 12:51:47,060 - INFO - [191/1962] https://www.scielo.cl/scielo.php?script=sci_arttext&pid=S0718-34022014000200014
2026-09-12 12:52:07,617 - WARNING - Error extrayendo https://www.scielo.cl/scielo.php?script=sci_arttext&pid=S0718-34022014: HTTPSConnectionPool(host='www.scielo.cl', port=443): Read timed out. (read timeout=20)
2026-09-12 12:52:07,638 - INFO -    -> error (0 chars)
2026-09-12 12:52:10,272 - INFO - [192/1962] http://www.scielo.cl/scielo.php?script=sci_arttext&pid=S0250-71612016000200006
2026-09-12 12:52:30,861 - WARNING - Error extrayendo http://www.scielo.cl/scielo.php?script=sci_arttext&pid=S0250-716120160: HTTPSConnectionPool(host='www.scielo.cl', port=443): Read timed out. (read timeout=20)
2026-09-12 12:52:30,870 - INFO -    -> error (0 chars)
2026-09-12 12:52:32,688 - INFO - [193/1962] https://www.redalyc.org/pdf/4028/402833928012.pdf
2026-09-12 12:52:39,670 - ERROR - parsed tree length: 1, wrong data type or not valid HTML
2026-09-12 12:52:39,671 - ERROR - empty HTML tree: None
2026-09-12 12:52:39,671 - WARNING - discarding data: None
2026-09-12 12:52:40,094 - ERROR - parsed tree length: 1, wrong data type or not valid HTML
2026-09-12 12:52:40,256 - WARNING - Some characters could not be decoded, and were replaced with REPLACEMENT CHARACTER.
2026-09-12 12:52:41,097 - INFO -    -> insuficiente (0 chars)
2026-09-12 12:52:43,600 - INFO - [194/1962] http://contested-cities.net/wp-content/uploads/2016/09/CC-MODULO-1-web.pdf
2026-09-12 12:52:48,892 - ERROR - parsed tree length: 1, wrong data type or not valid HTML
2026-09-12 12:52:48,893 - ERROR - empty HTML tree: None
2026-09-12 12:52:48,893 - WARNING - discarding data: None
2026-09-12 12:52:48,957 - ERROR - parsed tree length: 1, wrong data type or not valid HTML
2026-09-12 12:52:48,976 - WARNING - Some characters could not be decoded, and were replaced with REPLACEMENT CHARACTER.
2026-09-12 12:52:49,186 - INFO -    -> insuficiente (0 chars)
2026-09-12 12:52:51,596 - INFO - [195/1962] https://revistainvi.uchile.cl/index.php/INVI/article/view/62769
2026-09-12 12:52:52,626 - INFO -    -> trafilatura (8918 chars)
2026-09-12 12:52:55,064 - INFO - [196/1962] https://derecho.uahurtado.cl/noticias/miguel-perez-publica-en-latin-american-per
2026-09-12 12:52:56,198 - INFO -    -> trafilatura (1648 chars)
2026-09-12 12:52:58,399 - INFO - [197/1962] https://cafedelasciudades.com.ar/articulos/sobre-la-nueva-geografia-de-la-gentri
2026-09-12 12:53:02,225 - INFO -    -> trafilatura (22181 chars)
2026-09-12 12:53:03,985 - INFO - [198/1962] https://icsoh.udp.cl/cms/wp-content/uploads/2016/01/ICSO_DT29_Contreras_Perret.p
2026-09-12 12:53:05,279 - ERROR - parsed tree length: 1, wrong data type or not valid HTML
2026-09-12 12:53:05,280 - ERROR - empty HTML tree: None
2026-09-12 12:53:05,280 - WARNING - discarding data: None
2026-09-12 12:53:05,354 - ERROR - parsed tree length: 1, wrong data type or not valid HTML
2026-09-12 12:53:05,374 - WARNING - Some characters could not be decoded, and were replaced with REPLACEMENT CHARACTER.
2026-09-12 12:53:05,482 - INFO -    -> insuficiente (0 chars)
2026-09-12 12:53:08,325 - INFO - [199/1962] https://diseno.uc.cl/memorias/pdf/memoria_dno_uc_2017_2_SALINAS_TORO_J.pdf
2026-09-12 12:53:12,322 - ERROR - parsed tree length: 1, wrong data type or not valid HTML
2026-09-12 12:53:12,326 - ERROR - empty HTML tree: None
2026-09-12 12:53:12,327 - WARNING - discarding data: None
2026-09-12 12:53:14,982 - ERROR - parsed tree length: 1, wrong data type or not valid HTML
2026-09-12 12:53:16,061 - WARNING - Some characters could not be decoded, and were replaced with REPLACEMENT CHARACTER.
2026-09-12 12:53:17,976 - INFO -    -> insuficiente (0 chars)
2026-09-12 12:53:20,762 - INFO - [200/1962] https://www.researchgate.net/publication/344309004_Renovacion_y_gentrificacion_e
2026-09-12 12:53:21,380 - INFO -    -> http_error_403 (0 chars)
2026-09-12 12:53:23,589 - INFO - [201/1962] https://dialnet.unirioja.es/descarga/articulo/6916505.pdf
2026-09-12 12:54:28,405 - WARNING - Error extrayendo https://dialnet.unirioja.es/descarga/articulo/6916505.pdf: HTTPSConnectionPool(host='dialnet.unirioja.es', port=443): Read timed out.
2026-09-12 12:54:28,426 - INFO -    -> error (0 chars)
2026-09-12 12:54:30,505 - INFO - [202/1962] https://bage.age-geografia.es/ojs/index.php/bage/article/download/3471/111111314
2026-09-12 12:54:34,998 - ERROR - parsed tree length: 1, wrong data type or not valid HTML
2026-09-12 12:54:34,999 - ERROR - empty HTML tree: None
2026-09-12 12:54:34,999 - WARNING - discarding data: None
2026-09-12 12:54:35,063 - ERROR - parsed tree length: 1, wrong data type or not valid HTML
2026-09-12 12:54:35,079 - WARNING - Some characters could not be decoded, and were replaced with REPLACEMENT CHARACTER.
2026-09-12 12:54:35,252 - INFO -    -> insuficiente (0 chars)
2026-09-12 12:54:37,103 - INFO - [203/1962] https://www.infraestructurapublica.cl/dos-miradas-la-segregacion-santiago/
2026-09-12 12:54:39,928 - INFO -    -> trafilatura (32244 chars)
2026-09-12 12:54:41,740 - INFO - [204/1962] https://cafedelasciudades.com.ar/articulos/la-recuperacion-demografica-de-la-com
2026-09-12 12:54:45,117 - INFO -    -> trafilatura (10074 chars)
2026-09-12 12:54:46,793 - INFO - [205/1962] https://www.scielo.cl/article_plus.php?pid=S0718-34022018000200131&tlng=es&lng=e
2026-09-12 12:54:47,385 - INFO -    -> http_error_403 (0 chars)
2026-09-12 12:54:50,260 - INFO - [206/1962] https://www.redalyc.org/journal/258/25859724003/25859724003.pdf
2026-09-12 12:55:11,953 - WARNING - Error extrayendo https://www.redalyc.org/journal/258/25859724003/25859724003.pdf: HTTPSConnectionPool(host='www.redalyc.org', port=443): Read timed out. (read timeout=20)
2026-09-12 12:55:11,961 - INFO -    -> error (0 chars)
2026-09-12 12:55:13,524 - INFO - [207/1962] https://www.ciperchile.cl/2018/07/25/arriendos-por-las-nubes-efecto-de-la-crecie
2026-09-12 12:55:15,609 - INFO -    -> trafilatura (20188 chars)
2026-09-12 12:55:18,433 - INFO - [208/1962] https://hic-net.org/el-movimiento-de-pobladores-en-luchasantiago-chile/
2026-09-12 12:55:22,874 - INFO -    -> trafilatura (25187 chars)
2026-09-12 12:55:24,956 - INFO - [209/1962] http://www.scielo.cl/scielo.php?script=sci_arttext&pid=S0718-34022014000200001
2026-09-12 12:55:25,989 - INFO -    -> trafilatura (6613 chars)
2026-09-12 12:55:27,751 - INFO - [210/1962] https://www.latercera.com/la-tercera-sabado/noticia/yungay-la-otra-cara-del-barr
2026-09-12 12:55:30,032 - INFO -    -> trafilatura (17658 chars)
2026-09-12 12:55:32,756 - INFO - [211/1962] https://revistes.ub.edu/index.php/b3w/article/download/46338/43727/144501
2026-09-12 12:56:04,033 - ERROR - parsed tree length: 1, wrong data type or not valid HTML
2026-09-12 12:56:04,033 - ERROR - empty HTML tree: None
2026-09-12 12:56:04,034 - WARNING - discarding data: None
2026-09-12 12:56:04,101 - ERROR - parsed tree length: 1, wrong data type or not valid HTML
2026-09-12 12:56:04,120 - WARNING - Some characters could not be decoded, and were replaced with REPLACEMENT CHARACTER.
2026-09-12 12:56:04,270 - INFO -    -> insuficiente (0 chars)
2026-09-12 12:56:07,114 - INFO - [212/1962] https://www.scielo.cl/scielo.php?script=sci_arttext&pid=S0718-23762022000100203
2026-09-12 12:56:11,137 - INFO -    -> trafilatura (39601 chars)
2026-09-12 12:56:12,765 - INFO - [213/1962] https://revistaiztapalapa.izt.uam.mx/index.php/izt/article/view/1734?articlesByS
2026-09-12 12:56:18,305 - INFO -    -> trafilatura (7979 chars)
2026-09-12 12:56:20,694 - INFO - [214/1962] https://dspace.uazuay.edu.ec/bitstream/datos/10936/1/16477.pdf
2026-09-12 12:56:26,705 - ERROR - parsed tree length: 1, wrong data type or not valid HTML
2026-09-12 12:56:26,708 - ERROR - empty HTML tree: None
2026-09-12 12:56:26,709 - WARNING - discarding data: None
2026-09-12 12:56:28,933 - ERROR - parsed tree length: 1, wrong data type or not valid HTML
2026-09-12 12:56:29,880 - WARNING - Some characters could not be decoded, and were replaced with REPLACEMENT CHARACTER.
2026-09-12 12:56:33,586 - INFO -    -> insuficiente (0 chars)
2026-09-12 12:56:35,469 - INFO - [215/1962] https://www.scielo.org.mx/scielo.php?script=sci_arttext&pid=S2007-91762022000200
2026-09-12 12:56:40,272 - INFO -    -> trafilatura (55392 chars)
2026-09-12 12:56:42,375 - INFO - [216/1962] https://www.academia.edu/24344550/_Libro_Perspectivas_del_estudio_de_la_gentrifi
2026-09-12 12:56:42,959 - INFO -    -> http_error_403 (0 chars)
2026-09-12 12:56:44,805 - INFO - [217/1962] https://estudiosurbanos.uc.cl/wp-content/uploads/2021/03/TESIS-ADN.pdf
2026-09-12 12:56:47,397 - ERROR - parsed tree length: 1, wrong data type or not valid HTML
2026-09-12 12:56:47,399 - ERROR - empty HTML tree: None
2026-09-12 12:56:47,399 - WARNING - discarding data: None
2026-09-12 12:56:47,818 - ERROR - parsed tree length: 1, wrong data type or not valid HTML
2026-09-12 12:56:48,000 - WARNING - Some characters could not be decoded, and were replaced with REPLACEMENT CHARACTER.
2026-09-12 12:56:48,594 - INFO -    -> insuficiente (0 chars)
2026-09-12 12:56:51,373 - INFO - [218/1962] https://repositorio.uchile.cl/bitstream/handle/2250/198278/Desaf%C3%ADos%20para%
2026-09-12 12:56:52,079 - INFO -    -> trafilatura (1245 chars)
2026-09-12 12:56:55,016 - INFO - [219/1962] https://www.instagram.com/p/DP6w4ynjr7S/
2026-09-12 12:56:55,986 - WARNING - discarding data: None
2026-09-12 12:56:56,845 - INFO -    -> insuficiente (0 chars)
2026-09-12 12:56:59,659 - INFO - [220/1962] https://revistes.ub.edu/index.php/b3w/article/view/46338
2026-09-12 12:57:05,351 - INFO -    -> trafilatura (30860 chars)
2026-09-12 12:57:08,322 - INFO - [221/1962] https://www.redalyc.org/journal/198/19881865009/19881865009.pdf
2026-09-12 12:57:21,128 - INFO -    -> trafilatura (158510 chars)
2026-09-12 12:57:23,009 - INFO - [222/1962] https://www.sciencedirect.com/user/error/ATN-20?errorContext=arp-e0229275-7d78-4
2026-09-12 12:57:23,549 - INFO -    -> http_error_403 (0 chars)
2026-09-12 12:57:25,383 - INFO - [223/1962] https://www.scielo.cl/scielo.php?script=sci_arttext&pid=S0717-50512024000100004&
2026-09-12 12:57:43,104 - INFO -    -> trafilatura (55424 chars)
2026-09-12 12:57:45,157 - INFO - [224/1962] https://www.facebook.com/fadfinisterrae/videos/el-cierre-de-ciudades-invisibles-
2026-09-12 12:57:46,395 - WARNING - discarding data: None
2026-09-12 12:57:47,006 - INFO -    -> insuficiente (0 chars)
2026-09-12 12:57:49,315 - INFO - [225/1962] https://www.gobiernosantiago.cl/wp-content/uploads/2026/05/ERD-RM_2035.pdf
2026-09-12 12:57:50,274 - WARNING - wrong encoding detected: iso8859_3
2026-09-12 12:57:50,912 - ERROR - parsed tree length: 1, wrong data type or not valid HTML
2026-09-12 12:57:50,913 - ERROR - empty HTML tree: None
2026-09-12 12:57:50,914 - WARNING - discarding data: None
2026-09-12 12:57:50,927 - WARNING - wrong encoding detected: iso8859_3
2026-09-12 12:57:51,362 - ERROR - parsed tree length: 1, wrong data type or not valid HTML
2026-09-12 12:57:51,627 - WARNING - Some characters could not be decoded, and were replaced with REPLACEMENT CHARACTER.
2026-09-12 12:57:53,799 - INFO -    -> insuficiente (0 chars)
2026-09-12 12:57:55,492 - INFO - [226/1962] https://www.tiktok.com/@playground.americas/video/7504734075605896479
2026-09-12 12:57:57,891 - WARNING - discarding data: None
2026-09-12 12:57:58,529 - INFO -    -> insuficiente (0 chars)
2026-09-12 12:58:00,686 - INFO - [227/1962] https://www.santiagoenlinea.cl/1-2-1-2-asesorias-orientacion-y-mediacion-extraju
2026-09-12 12:58:02,525 - INFO -    -> trafilatura (2410 chars)
2026-09-12 12:58:04,446 - INFO - [228/1962] https://www.munistgo.cl/convive-santiago-2/
2026-09-12 12:58:05,921 - INFO -    -> trafilatura (482 chars)
2026-09-12 12:58:08,814 - INFO - [229/1962] https://www.observatoriosantiago.cl/wp-content/uploads/2014/09/OP-INFORME_1_DIAG
2026-09-12 12:58:12,291 - ERROR - parsed tree length: 1, wrong data type or not valid HTML
2026-09-12 12:58:12,302 - ERROR - empty HTML tree: None
2026-09-12 12:58:12,302 - WARNING - discarding data: None
2026-09-12 12:58:14,548 - ERROR - parsed tree length: 1, wrong data type or not valid HTML
2026-09-12 12:58:15,552 - WARNING - Some characters could not be decoded, and were replaced with REPLACEMENT CHARACTER.
2026-09-12 12:58:19,514 - INFO -    -> insuficiente (0 chars)
2026-09-12 12:58:21,897 - INFO - [230/1962] https://www.penalolen.cl/edificios-municipales/
2026-09-12 12:58:24,063 - INFO -    -> trafilatura (5438 chars)
2026-09-12 12:58:26,206 - INFO - [231/1962] https://www.facebook.com/groups/jubaeachilensis/posts/1562195547173904/
2026-09-12 12:58:26,510 - INFO -    -> http_error_400 (0 chars)
2026-09-12 12:58:29,053 - INFO - [232/1962] https://www.instagram.com/p/9KAf7FQS6M/
2026-09-12 12:58:29,892 - WARNING - discarding data: None
2026-09-12 12:58:30,717 - INFO -    -> insuficiente (0 chars)
2026-09-12 12:58:33,652 - INFO - [233/1962] https://www.elmostrador.cl/noticias/pais/2015/10/06/memorial-de-victimas-del-cas
2026-09-12 12:58:34,383 - INFO -    -> trafilatura (3302 chars)
2026-09-12 12:58:35,956 - INFO - [234/1962] https://www.bcn.cl/leychile/navegar?idNorma=96279
2026-09-12 12:58:36,972 - WARNING - discarding data: None
2026-09-12 12:58:37,011 - INFO -    -> insuficiente (189 chars)
2026-09-12 12:58:39,092 - INFO - [235/1962] https://www.urbipedia.org/hoja/Unidad_Vecinal_Portales
2026-09-12 12:58:39,866 - INFO -    -> http_error_403 (0 chars)
2026-09-12 12:58:41,824 - INFO - [236/1962] https://www.munistgo.cl/31411-2/
2026-09-12 12:58:43,222 - INFO -    -> trafilatura (2905 chars)
2026-09-12 12:58:45,140 - INFO - [237/1962] https://www.biobiochile.cl/noticias/nacional/region-metropolitana/2020/02/13/mun
2026-09-12 12:58:46,047 - INFO -    -> trafilatura (3317 chars)
2026-09-12 12:58:48,265 - INFO - [238/1962] https://www.latercera.com/nacional/noticia/seguridad-santiago-edificio-patrimoni
2026-09-12 12:58:50,324 - INFO -    -> trafilatura (3306 chars)
2026-09-12 12:58:52,700 - INFO - [239/1962] https://datovecino.gob.cl/
2026-09-12 12:58:53,384 - WARNING - discarding data: None
2026-09-12 12:58:53,397 - INFO -    -> insuficiente (0 chars)
2026-09-12 12:58:55,731 - INFO - [240/1962] https://www.instagram.com/p/CGVx5U_HMjh/
2026-09-12 12:58:56,237 - WARNING - discarding data: None
2026-09-12 12:58:57,040 - INFO -    -> insuficiente (0 chars)
2026-09-12 12:58:58,663 - INFO - [241/1962] https://www.facebook.com/natalesilustremunicipalidad/videos/ampliaci%C3%B3n-y-re
2026-09-12 12:58:59,936 - WARNING - discarding data: None
2026-09-12 12:59:00,481 - INFO -    -> insuficiente (0 chars)
2026-09-12 12:59:02,982 - INFO - [242/1962] https://hiddenarchitecture.net/unidad-vecinal-portales/
2026-09-12 12:59:05,666 - INFO -    -> trafilatura (14527 chars)
2026-09-12 12:59:08,607 - INFO - [243/1962] https://www.clubbarriosantiago.cl/faq.html
2026-09-12 12:59:09,897 - INFO -    -> trafilatura (1432 chars)
2026-09-12 12:59:11,545 - INFO - [244/1962] https://www.facebook.com/MinvuChile/posts/proyecto-de-integraci%C3%B3n-social-y-
2026-09-12 12:59:11,866 - INFO -    -> http_error_400 (0 chars)
2026-09-12 12:59:13,915 - INFO - [245/1962] https://www.bcn.cl/api-leyfacil/servicio/ObtenerGuiaPublicadaHTML?uri=condominio
2026-09-12 12:59:13,955 - INFO -    -> trafilatura (5839 chars)
2026-09-12 12:59:15,597 - INFO - [246/1962] https://www.scielo.cl/pdf/invi/v36n103/0718-8358-invi-36-103-268.pdf
2026-09-12 12:59:26,085 - ERROR - parsed tree length: 1, wrong data type or not valid HTML
2026-09-12 12:59:26,086 - ERROR - empty HTML tree: None
2026-09-12 12:59:26,087 - WARNING - discarding data: None
2026-09-12 12:59:26,534 - ERROR - parsed tree length: 1, wrong data type or not valid HTML
2026-09-12 12:59:26,790 - WARNING - Some characters could not be decoded, and were replaced with REPLACEMENT CHARACTER.
2026-09-12 12:59:28,349 - INFO -    -> insuficiente (0 chars)
2026-09-12 12:59:30,377 - INFO - [247/1962] https://www.tiktok.com/@esperanza.avances.chile/video/7294433446569577733
2026-09-12 12:59:34,079 - WARNING - discarding data: None
2026-09-12 12:59:34,714 - INFO -    -> insuficiente (0 chars)
2026-09-12 12:59:37,621 - INFO - [248/1962] https://revistainvi.uchile.cl/index.php/INVI/article/view/63809
2026-09-12 12:59:38,691 - INFO -    -> trafilatura (10897 chars)
2026-09-12 12:59:40,557 - INFO - [249/1962] https://www.facebook.com/PeriodicoElCiudadano/posts/hoy-en-la-ma%C3%B1ana-los-co
2026-09-12 12:59:40,821 - INFO -    -> http_error_400 (0 chars)
2026-09-12 12:59:43,763 - INFO - [250/1962] https://www.redalyc.org/journal/1931/193174205027/html/
2026-09-12 12:59:46,909 - INFO -    -> trafilatura (56126 chars)
2026-09-12 12:59:49,216 - INFO - [251/1962] https://www.eure.cl/index.php/eure/article/download/EURE.48.143.05/1410/25819
2026-09-12 12:59:49,951 - ERROR - parsed tree length: 1, wrong data type or not valid HTML
2026-09-12 12:59:49,952 - ERROR - empty HTML tree: None
2026-09-12 12:59:49,952 - WARNING - discarding data: None
2026-09-12 12:59:49,983 - ERROR - parsed tree length: 1, wrong data type or not valid HTML
2026-09-12 12:59:49,990 - WARNING - Some characters could not be decoded, and were replaced with REPLACEMENT CHARACTER.
2026-09-12 12:59:50,048 - INFO -    -> insuficiente (0 chars)
2026-09-12 12:59:51,594 - INFO - [252/1962] https://estudiosurbanos.uc.cl/documento/radiografia-del-arriendo-de-piezas-en-el
2026-09-12 12:59:52,436 - INFO -    -> trafilatura (10969 chars)
2026-09-12 12:59:55,427 - INFO - [253/1962] https://ide.minvu.cl/pages/visores
2026-09-12 12:59:56,637 - WARNING - discarding data: None
2026-09-12 12:59:56,658 - INFO -    -> insuficiente (0 chars)
2026-09-12 12:59:59,281 - INFO - [254/1962] https://www.ex-ante.cl/nacional/el-proyecto-de-viviendas-sociales-anunciado-por-
2026-09-12 13:00:00,431 - INFO -    -> trafilatura (5819 chars)
2026-09-12 13:00:03,018 - INFO - [255/1962] https://www.facebook.com/tuopinas.cl/posts/losandes-una-fiscalizaci%C3%B3n-reali
2026-09-12 13:00:03,235 - INFO -    -> http_error_400 (0 chars)
2026-09-12 13:00:05,475 - INFO - [256/1962] https://www.bcn.cl/leychile/navegar?idNorma=1206434
2026-09-12 13:00:05,557 - WARNING - discarding data: None
2026-09-12 13:00:05,608 - INFO -    -> insuficiente (189 chars)
2026-09-12 13:00:07,814 - INFO - [257/1962] https://www.instagram.com/reel/DXRrOhFOmZW/
2026-09-12 13:00:08,819 - WARNING - discarding data: None
2026-09-12 13:00:09,627 - INFO -    -> insuficiente (0 chars)
2026-09-12 13:00:11,835 - INFO - [258/1962] https://www.scielo.cl/article_plus.php?pid=S0718-83582026000100086&tlng=es&lng=e
2026-09-12 13:00:12,376 - INFO -    -> http_error_403 (0 chars)
2026-09-12 13:00:14,839 - INFO - [259/1962] https://construye2025.cl/tag/vivienda-social/
2026-09-12 13:00:16,239 - INFO -    -> trafilatura (51205 chars)
2026-09-12 13:00:17,953 - INFO - [260/1962] https://lavozdemaipu.cl/vivienda-social-publica-caso-de-maipu-el-siglo-xx/
2026-09-12 13:00:19,152 - INFO -    -> trafilatura (10995 chars)
2026-09-12 13:00:20,866 - INFO - [261/1962] https://deficitcero.cl/uploads/estudios/D0-Diversidad_en_el_acceso_a_la_vivienda
2026-09-12 13:00:23,040 - WARNING - discarding data: None
2026-09-12 13:00:23,770 - WARNING - Some characters could not be decoded, and were replaced with REPLACEMENT CHARACTER.
2026-09-12 13:00:24,884 - INFO -    -> insuficiente (0 chars)
2026-09-12 13:00:26,738 - INFO - [262/1962] https://www.facebook.com/MunicipalidadDeSanPedroDeLaPaz/posts/el-sue%C3%B1o-de-l
2026-09-12 13:00:27,018 - INFO -    -> http_error_400 (0 chars)
2026-09-12 13:00:28,674 - INFO - [263/1962] https://www.facebook.com/MunicipalidadDeProvidencia/posts/en-7-barrios-de-provid
2026-09-12 13:00:28,988 - INFO -    -> http_error_400 (0 chars)
2026-09-12 13:00:30,549 - INFO - [264/1962] https://www.bcn.cl/leychile/Navegar/imprimir?idNorma=188651&idVersion=2017-07-19
2026-09-12 13:00:30,568 - WARNING - discarding data: None
2026-09-12 13:00:30,613 - INFO -    -> insuficiente (189 chars)
2026-09-12 13:00:33,318 - INFO - [265/1962] https://www.elmostrador.cl/noticias/pais/2017/10/31/felipe-alessandri-presenta-r
2026-09-12 13:00:33,946 - INFO -    -> trafilatura (5527 chars)
2026-09-12 13:00:36,452 - INFO - [266/1962] https://www.munistgo.cl/wp-content/uploads/2017/07/op-Laminas-Exposicion-publico
2026-09-12 13:00:37,597 - ERROR - parsed tree length: 1, wrong data type or not valid HTML
2026-09-12 13:00:37,598 - ERROR - empty HTML tree: None
2026-09-12 13:00:37,598 - WARNING - discarding data: None
2026-09-12 13:00:37,805 - ERROR - parsed tree length: 1, wrong data type or not valid HTML
2026-09-12 13:00:37,947 - WARNING - Some characters could not be decoded, and were replaced with REPLACEMENT CHARACTER.
2026-09-12 13:00:38,651 - INFO -    -> insuficiente (0 chars)
2026-09-12 13:00:40,434 - INFO - [267/1962] https://www.constructoraoval.cl/
2026-09-12 13:00:41,671 - WARNING - discarding data: None
2026-09-12 13:00:41,884 - INFO -    -> beautifulsoup (365 chars)
2026-09-12 13:00:43,826 - INFO - [268/1962] https://www.facebook.com/MunicipalidadDeProvidencia/posts/en-7-barrios-de-provid
2026-09-12 13:00:44,119 - INFO -    -> http_error_400 (0 chars)
2026-09-12 13:00:46,978 - INFO - [269/1962] https://www.monumentos.gob.cl/sites/default/files/20171213_acta_sesion_env_88bis
2026-09-12 13:00:47,997 - ERROR - parsed tree length: 1, wrong data type or not valid HTML
2026-09-12 13:00:47,998 - ERROR - empty HTML tree: None
2026-09-12 13:00:47,998 - WARNING - discarding data: None
2026-09-12 13:00:48,118 - ERROR - parsed tree length: 1, wrong data type or not valid HTML
2026-09-12 13:00:48,172 - WARNING - Some characters could not be decoded, and were replaced with REPLACEMENT CHARACTER.
2026-09-12 13:00:48,472 - INFO -    -> insuficiente (0 chars)
2026-09-12 13:00:50,467 - INFO - [270/1962] https://www.facebook.com/munilaflorida/posts/floridanos-les-contamos-que-hoy-se-
2026-09-12 13:00:50,742 - INFO -    -> http_error_400 (0 chars)
2026-09-12 13:00:53,277 - INFO - [271/1962] https://www.df.cl/empresas/construccion/se-disparan-proyectos-de-edificios-en-ej
2026-09-12 13:00:54,648 - INFO -    -> trafilatura (4419 chars)
2026-09-12 13:00:56,894 - INFO - [272/1962] https://www.facebook.com/munilaflorida/posts/porque-todo-tiene-un-l%C3%ADmite-la
2026-09-12 13:00:57,151 - INFO -    -> http_error_400 (0 chars)
2026-09-12 13:00:59,738 - INFO - [273/1962] https://www.bcn.cl/leychile/navegar?idNorma=255402
2026-09-12 13:00:59,939 - WARNING - discarding data: None
2026-09-12 13:00:59,997 - INFO -    -> insuficiente (189 chars)
2026-09-12 13:01:02,010 - INFO - [274/1962] https://www.facebook.com/RobertoCavada/posts/el-joven-abogado-denuncia-que-el-pr
2026-09-12 13:01:02,436 - INFO -    -> http_error_400 (0 chars)
2026-09-12 13:01:05,299 - INFO - [275/1962] https://www.municoquimbo.cl/images/estructura/2025/Octubre/pr2019/1-actualizacio
2026-09-12 13:01:09,506 - ERROR - parsed tree length: 1, wrong data type or not valid HTML
2026-09-12 13:01:09,515 - ERROR - empty HTML tree: None
2026-09-12 13:01:09,516 - WARNING - discarding data: None
2026-09-12 13:01:11,559 - ERROR - parsed tree length: 1, wrong data type or not valid HTML
2026-09-12 13:01:12,357 - WARNING - Some characters could not be decoded, and were replaced with REPLACEMENT CHARACTER.
2026-09-12 13:01:18,146 - INFO -    -> insuficiente (0 chars)
2026-09-12 13:01:20,834 - INFO - [276/1962] https://www.lareina.cl/wp-content/uploads/2020/06/cuenta_2005.pdf
2026-09-12 13:01:22,016 - ERROR - parsed tree length: 1, wrong data type or not valid HTML
2026-09-12 13:01:22,017 - ERROR - empty HTML tree: None
2026-09-12 13:01:22,017 - WARNING - discarding data: None
2026-09-12 13:01:22,106 - ERROR - parsed tree length: 1, wrong data type or not valid HTML
2026-09-12 13:01:22,135 - WARNING - Some characters could not be decoded, and were replaced with REPLACEMENT CHARACTER.
2026-09-12 13:01:22,337 - INFO -    -> insuficiente (0 chars)
2026-09-12 13:01:25,107 - INFO - [277/1962] https://www.ciperchile.cl/2019/01/31/el-mega-negocio-inmobiliario-que-enfrenta-a
2026-09-12 13:01:27,726 - INFO -    -> trafilatura (18909 chars)
2026-09-12 13:01:29,333 - INFO - [278/1962] https://www.facebook.com/listindiario/videos/urge-evaluar-las-edificaciones-en-s
2026-09-12 13:01:30,193 - WARNING - discarding data: None
2026-09-12 13:01:30,982 - INFO -    -> insuficiente (0 chars)
2026-09-12 13:01:33,685 - INFO - [279/1962] https://www.scielo.cl/pdf/eure/v49n148/0717-6236-eure-49-148-0003.pdf
2026-09-12 13:01:54,506 - WARNING - Error extrayendo https://www.scielo.cl/pdf/eure/v49n148/0717-6236-eure-49-148-0003.pdf: HTTPSConnectionPool(host='www.scielo.cl', port=443): Read timed out. (read timeout=20)
2026-09-12 13:01:54,515 - INFO -    -> error (0 chars)
2026-09-12 13:01:57,351 - INFO - [280/1962] https://www.bcn.cl/leychile/navegar?idNorma=188651
2026-09-12 13:01:57,378 - WARNING - discarding data: None
2026-09-12 13:01:57,427 - INFO -    -> insuficiente (189 chars)
2026-09-12 13:01:59,595 - INFO - [281/1962] https://www.pauta.cl/ciudad/2023/05/26/proyecto-pajaritos-la-polemica-por-tres-t
2026-09-12 13:02:00,591 - INFO -    -> trafilatura (8316 chars)
2026-09-12 13:02:02,560 - INFO - [282/1962] https://www.facebook.com/resistenciasocioambiental/posts/es-impactante-ver-las-t
2026-09-12 13:02:02,875 - INFO -    -> http_error_400 (0 chars)
2026-09-12 13:02:04,834 - INFO - [283/1962] https://repositorio.uchile.cl/bitstream/handle/2250/203804/viviendo-entre-extran
2026-09-12 13:02:05,619 - INFO -    -> trafilatura (1245 chars)
2026-09-12 13:02:07,701 - INFO - [284/1962] https://documentos.minvu.cl/regionXIII/seremi/resoluciones_exentas/Documentos/21
2026-09-12 13:02:10,123 - INFO -    -> trafilatura (126684 chars)
2026-09-12 13:02:12,988 - INFO - [285/1962] https://archivos.lascondes.cl/descargas/transparencia/plan_desarrollo_comunal/Pl
2026-09-12 13:02:19,600 - ERROR - parsed tree length: 1, wrong data type or not valid HTML
2026-09-12 13:02:19,620 - ERROR - empty HTML tree: None
2026-09-12 13:02:19,621 - WARNING - discarding data: None
2026-09-12 13:02:24,571 - ERROR - parsed tree length: 1, wrong data type or not valid HTML
2026-09-12 13:02:26,480 - WARNING - Some characters could not be decoded, and were replaced with REPLACEMENT CHARACTER.
2026-09-12 13:02:27,873 - INFO -    -> insuficiente (0 chars)
2026-09-12 13:02:29,999 - INFO - [286/1962] https://web.sanmiguel.cl/category/direccion-de-obras/
2026-09-12 13:02:32,156 - INFO -    -> trafilatura (1641 chars)
2026-09-12 13:02:34,995 - INFO - [287/1962] https://www.facebook.com/thecliniccl/posts/un-estudio-de-la-inmobiliaria-ags-que
2026-09-12 13:02:35,472 - INFO -    -> http_error_400 (0 chars)
2026-09-12 13:02:37,780 - INFO - [288/1962] https://www.facebook.com/felipemunozvallejos/posts/estuvimos-conversando-con-meg
2026-09-12 13:02:38,029 - INFO -    -> http_error_400 (0 chars)
2026-09-12 13:02:39,944 - INFO - [289/1962] https://www.facebook.com/impudahuel/posts/buenas-noticias-para-el-desarrollo-urb
2026-09-12 13:02:40,209 - INFO -    -> http_error_400 (0 chars)
2026-09-12 13:02:42,124 - INFO - [290/1962] https://www.infobae.com/peru/2025/06/12/vecinos-de-surco-se-oponen-a-construccio
2026-09-12 13:02:44,025 - INFO -    -> trafilatura (5371 chars)
2026-09-12 13:02:46,491 - INFO - [291/1962] https://www.facebook.com/TVUCanal/posts/la-reciente-apertura-de-la-municipalidad
2026-09-12 13:02:46,825 - INFO -    -> http_error_400 (0 chars)
2026-09-12 13:02:49,484 - INFO - [292/1962] https://www.facebook.com/meganoticiascl/posts/-megainvestiga-los-vecinos-de-esta
2026-09-12 13:02:49,710 - INFO -    -> http_error_400 (0 chars)
2026-09-12 13:02:51,482 - INFO - [293/1962] https://www.instagram.com/p/DVg9NARDejA/
2026-09-12 13:02:52,689 - WARNING - discarding data: None
2026-09-12 13:02:53,732 - INFO -    -> insuficiente (0 chars)
2026-09-12 13:02:56,659 - INFO - [294/1962] https://www.instagram.com/reel/DZsrUaQMMSq/
2026-09-12 13:02:57,100 - WARNING - discarding data: None
2026-09-12 13:02:58,147 - INFO -    -> insuficiente (0 chars)
2026-09-12 13:03:00,683 - INFO - [295/1962] https://www.eldinamo.cl/pais/2017/08/29/corte-rechaza-recursos-de-vecinos-por-co
2026-09-12 13:03:01,716 - INFO -    -> trafilatura (1688 chars)
2026-09-12 13:03:04,647 - INFO - [296/1962] https://www.paz.cl/
2026-09-12 13:03:05,354 - WARNING - discarding data: None
2026-09-12 13:03:05,396 - INFO -    -> insuficiente (0 chars)
2026-09-12 13:03:07,089 - INFO - [297/1962] https://www.facebook.com/PoderJudicialdeChile/posts/19-juzgado-civil-de-santiago
2026-09-12 13:03:07,384 - INFO -    -> http_error_400 (0 chars)
2026-09-12 13:03:09,537 - INFO - [298/1962] https://elquintopoder.cl/ciudad/pretenden-demoler-edificio-patrimonial-en-comuna
2026-09-12 13:03:12,161 - INFO -    -> trafilatura (5828 chars)
2026-09-12 13:03:13,787 - INFO - [299/1962] https://www.sernac.cl/portal/604/w3-article-4957.html
2026-09-12 13:03:14,924 - INFO -    -> trafilatura (12453 chars)
2026-09-12 13:03:17,479 - INFO - [300/1962] https://fontaineycia.cl/rechazos-reclamos-y-discrecionalidad-el-desafio-frente-a
2026-09-12 13:03:19,296 - INFO -    -> trafilatura (809 chars)
2026-09-12 13:03:21,132 - INFO - [301/1962] https://eae.mma.gob.cl/storage/documents/02_1er_IA_PRMS-105-Cerrillos.pdf.pdf
2026-09-12 13:03:23,213 - ERROR - parsed tree length: 1, wrong data type or not valid HTML
2026-09-12 13:03:23,216 - ERROR - empty HTML tree: None
2026-09-12 13:03:23,216 - WARNING - discarding data: None
2026-09-12 13:03:24,165 - ERROR - parsed tree length: 1, wrong data type or not valid HTML
2026-09-12 13:03:24,571 - WARNING - Some characters could not be decoded, and were replaced with REPLACEMENT CHARACTER.
2026-09-12 13:03:26,875 - INFO -    -> insuficiente (0 chars)
2026-09-12 13:03:29,118 - INFO - [302/1962] https://actual.cl/proyecto/
2026-09-12 13:03:32,410 - WARNING - discarding data: None
2026-09-12 13:03:32,561 - INFO -    -> beautifulsoup (777 chars)
2026-09-12 13:03:35,335 - INFO - [303/1962] https://www.almagro.cl/
2026-09-12 13:03:37,418 - INFO -    -> trafilatura (1797 chars)
2026-09-12 13:03:39,893 - INFO - [304/1962] https://tribunalambiental.cl/sentencia-confirma-rechazo-torres-habitacionales-es
2026-09-12 13:03:41,918 - INFO -    -> trafilatura (7400 chars)
2026-09-12 13:03:43,845 - INFO - [305/1962] https://www.facebook.com/PoderJudicialdeChile/posts/5-juzgado-civil-de-santiago-
2026-09-12 13:03:44,196 - INFO -    -> http_error_400 (0 chars)
2026-09-12 13:03:45,761 - INFO - [306/1962] https://www.ciperchile.cl/2019/01/31/proyectos-inmobiliarios-en-pudahuel-las-irr
2026-09-12 13:03:47,948 - INFO -    -> trafilatura (20069 chars)
2026-09-12 13:03:50,478 - INFO - [307/1962] https://www.facebook.com/MinvuChile/posts/m%C3%A1s-integraci%C3%B3n-social-para-
2026-09-12 13:03:50,744 - INFO -    -> http_error_400 (0 chars)
2026-09-12 13:03:52,920 - INFO - [308/1962] https://www.facebook.com/PoderJudicialdeChile/posts/20%C2%BA-juzgado-civil-de-sa
2026-09-12 13:03:53,369 - INFO -    -> http_error_400 (0 chars)
2026-09-12 13:03:56,203 - INFO - [309/1962] https://tribunalambiental.cl/audiencia-r-212-2019-crillon-sea-proyecto-inmobilia
2026-09-12 13:03:58,285 - INFO -    -> trafilatura (4306 chars)
2026-09-12 13:04:00,945 - INFO - [310/1962] https://www.elmostrador.cl/noticias/pais/2019/07/10/lo-barnechea-en-conflicto-pr
2026-09-12 13:04:01,922 - INFO -    -> trafilatura (9291 chars)
2026-09-12 13:04:03,662 - INFO - [311/1962] https://tribunalambiental.cl/audiencia-r-263-2020-carmen-oriente-huechuraba/
2026-09-12 13:04:05,856 - INFO -    -> trafilatura (3975 chars)
2026-09-12 13:04:08,830 - INFO - [312/1962] https://www.facebook.com/CONAF/posts/paralizaci%C3%B3n-de-proyectos-de-parcelaci
2026-09-12 13:04:09,312 - INFO -    -> http_error_400 (0 chars)
2026-09-12 13:04:10,968 - INFO - [313/1962] https://www.pauta.cl/economia/2022/04/11/alfredo-palominos-fundamenta-rechazo-me
2026-09-12 13:04:11,958 - INFO -    -> trafilatura (5033 chars)
2026-09-12 13:04:14,837 - INFO - [314/1962] https://www.latercera.com/pulso/noticia/fundamenta-presenta-reclamacion-por-rech
2026-09-12 13:04:17,432 - INFO -    -> trafilatura (6342 chars)
2026-09-12 13:04:20,143 - INFO - [315/1962] https://www.pjud.cl/prensa-y-comunicaciones/getRulingNew/12314
2026-09-12 13:04:21,387 - ERROR - parsed tree length: 1, wrong data type or not valid HTML
2026-09-12 13:04:21,387 - ERROR - empty HTML tree: None
2026-09-12 13:04:21,387 - WARNING - discarding data: None
2026-09-12 13:04:21,405 - ERROR - parsed tree length: 1, wrong data type or not valid HTML
2026-09-12 13:04:21,412 - WARNING - Some characters could not be decoded, and were replaced with REPLACEMENT CHARACTER.
2026-09-12 13:04:21,440 - INFO -    -> insuficiente (158 chars)
2026-09-12 13:04:24,065 - INFO - [316/1962] https://www.paz.cl/proyectos
2026-09-12 13:04:24,815 - WARNING - discarding data: None
2026-09-12 13:04:24,843 - INFO -    -> insuficiente (0 chars)
2026-09-12 13:04:26,945 - INFO - [317/1962] https://www.df.cl/empresas/construccion/humedales-urbanos-tribunal-rechaza-recla
2026-09-12 13:04:28,089 - INFO -    -> trafilatura (4918 chars)
2026-09-12 13:04:30,169 - INFO - [318/1962] https://www.youtube.com/watch?v=BhfbR-UMHEI
2026-09-12 13:04:31,900 - WARNING - discarding data: None
2026-09-12 13:04:32,009 - INFO -    -> beautifulsoup (203 chars)
2026-09-12 13:04:34,578 - INFO - [319/1962] https://tribunalambiental.cl/sentencia-r-404-2023-municipalidad-maipu-sea-edific
2026-09-12 13:04:35,317 - INFO -    -> trafilatura (9169 chars)
2026-09-12 13:04:37,188 - INFO - [320/1962] https://www.facebook.com/PoderJudicialdeChile/posts/corte-de-santiago-confirma-f
2026-09-12 13:04:37,424 - INFO -    -> http_error_400 (0 chars)
2026-09-12 13:04:39,627 - INFO - [321/1962] https://www.instagram.com/p/DZ-OqVZDi9s/
2026-09-12 13:04:40,673 - WARNING - discarding data: None
2026-09-12 13:04:41,600 - INFO -    -> insuficiente (0 chars)
2026-09-12 13:04:43,928 - INFO - [322/1962] https://www.latercera.com/pulso/noticia/conflicto-inmobiliario-en-lo-barnechea-m
2026-09-12 13:04:45,581 - INFO -    -> trafilatura (5605 chars)
2026-09-12 13:04:48,561 - INFO - [323/1962] https://www.df.cl/empresas/construccion/dos-recursos-de-vecinos-y-ambientalistas
2026-09-12 13:04:48,857 - INFO -    -> trafilatura (5428 chars)
2026-09-12 13:04:51,196 - INFO - [324/1962] https://www.youtube.com/watch?v=mPW5_mq7XRE
2026-09-12 13:04:52,032 - WARNING - discarding data: None
2026-09-12 13:04:52,099 - INFO -    -> beautifulsoup (203 chars)
2026-09-12 13:04:54,829 - INFO - [325/1962] https://tribunalambiental.cl/sentencia-r-428-2023-edificio-duo-seia
2026-09-12 13:04:55,781 - INFO -    -> trafilatura (4554 chars)
2026-09-12 13:04:58,633 - INFO - [326/1962] https://isinergia.cl/conviene-invertir-en-departamentos-en-santiago-centro/
2026-09-12 13:05:00,424 - INFO -    -> trafilatura (7329 chars)
2026-09-12 13:05:03,022 - INFO - [327/1962] https://www.facebook.com/elmostrador/posts/opini%C3%B3n-la-decisi%C3%B3n-adoptad
2026-09-12 13:05:03,376 - INFO -    -> http_error_400 (0 chars)
2026-09-12 13:05:05,613 - INFO - [328/1962] https://www.facebook.com/groups/OGUCChile/posts/1640815095936976/
2026-09-12 13:05:05,859 - INFO -    -> http_error_400 (0 chars)
2026-09-12 13:05:08,416 - INFO - [329/1962] https://opinion.cooperativa.cl/opinion/ciudadania/patrimonio-en-riesgo-en-la-com
2026-09-12 13:05:09,244 - INFO -    -> trafilatura (6697 chars)
2026-09-12 13:05:10,895 - INFO - [330/1962] https://www.ciperchile.cl/2017/02/02/contraloria-constata-ilegalidad-en-decreto-
2026-09-12 13:05:12,677 - INFO -    -> trafilatura (10775 chars)
2026-09-12 13:05:15,312 - INFO - [331/1962] https://www.facebook.com/agcontrol/posts/si-ves-irregularidades-en-obras-pod%C3%
2026-09-12 13:05:15,641 - INFO -    -> http_error_400 (0 chars)
2026-09-12 13:05:17,178 - INFO - [332/1962] https://www.monumentos.gob.cl/sites/default/files/articles-74865_documento_01.pd
2026-09-12 13:05:18,053 - ERROR - parsed tree length: 1, wrong data type or not valid HTML
2026-09-12 13:05:18,054 - ERROR - empty HTML tree: None
2026-09-12 13:05:18,054 - WARNING - discarding data: None
2026-09-12 13:05:18,169 - ERROR - parsed tree length: 1, wrong data type or not valid HTML
2026-09-12 13:05:18,204 - WARNING - Some characters could not be decoded, and were replaced with REPLACEMENT CHARACTER.
2026-09-12 13:05:18,416 - INFO -    -> insuficiente (0 chars)
2026-09-12 13:05:20,630 - INFO - [333/1962] https://www.emol.com/noticias/Nacional/2016/02/05/787092/Contraloria-ordena-a-Mu
2026-09-12 13:05:21,785 - INFO -    -> trafilatura (1964 chars)
2026-09-12 13:05:23,566 - INFO - [334/1962] https://www.minsal.cl/contraloria-regional-de-los-lagos-tomo-razon-de-la-adjudic
2026-09-12 13:05:24,865 - INFO -    -> trafilatura (4814 chars)
2026-09-12 13:05:27,062 - INFO - [335/1962] https://www.consejotransparencia.cl/portal-de-transparencia/
2026-09-12 13:05:28,594 - INFO -    -> trafilatura (379 chars)
2026-09-12 13:05:31,361 - INFO - [336/1962] https://tramites.penalolen.cl/Tramites/buscar
2026-09-12 13:05:33,009 - INFO -    -> trafilatura (7239 chars)
2026-09-12 13:05:34,865 - INFO - [337/1962] https://documentos.minvu.cl/regionXIV/seremi/resoluciones_exentas/Documentos/RES
2026-09-12 13:05:36,633 - ERROR - parsed tree length: 1, wrong data type or not valid HTML
2026-09-12 13:05:36,633 - ERROR - empty HTML tree: None
2026-09-12 13:05:36,633 - WARNING - discarding data: None
2026-09-12 13:05:36,689 - ERROR - parsed tree length: 1, wrong data type or not valid HTML
2026-09-12 13:05:36,708 - WARNING - Some characters could not be decoded, and were replaced with REPLACEMENT CHARACTER.
2026-09-12 13:05:36,776 - INFO -    -> insuficiente (0 chars)
2026-09-12 13:05:38,858 - INFO - [338/1962] https://www.facebook.com/contraloriacl/posts/sab%C3%ADas-qu%C3%A9-contralor%C3%A
2026-09-12 13:05:39,238 - INFO -    -> http_error_400 (0 chars)
2026-09-12 13:05:42,114 - INFO - [339/1962] https://codad.cl/falta-de-servicio-en-la-actuacion-dictaminadora-de-la-contralor
2026-09-12 13:05:43,314 - INFO -    -> trafilatura (9864 chars)
2026-09-12 13:05:46,302 - INFO - [340/1962] https://fontaineycia.cl/dictamen-de-contraloria-ratifica-criterio-que-afecta-a-u
2026-09-12 13:05:48,064 - INFO -    -> trafilatura (809 chars)
2026-09-12 13:05:50,373 - INFO - [341/1962] https://www.facebook.com/Munilosangeles/posts/-consejo-de-seguridad-p%C3%BAblica
2026-09-12 13:05:50,791 - INFO -    -> http_error_400 (0 chars)
2026-09-12 13:05:53,546 - INFO - [342/1962] https://www.diarioestrategia.cl/texto-diario/mostrar/1371111/fundacion-defendamo
2026-09-12 13:05:55,588 - INFO -    -> trafilatura (2164 chars)
2026-09-12 13:05:58,404 - INFO - [343/1962] https://interferencia.cl/articulos/pudahuel-recibe-nuevas-denuncias-por-entregar
2026-09-12 13:05:59,809 - INFO -    -> trafilatura (5707 chars)
2026-09-12 13:06:01,932 - INFO - [344/1962] https://www.ciperchile.cl/2019/01/11/pudahuel-municipalidad-entrego-permisos-de-
2026-09-12 13:06:04,293 - INFO -    -> trafilatura (17360 chars)
2026-09-12 13:06:06,388 - INFO - [345/1962] https://denuncia.minvu.cl/
2026-09-12 13:06:07,328 - INFO -    -> trafilatura (718 chars)
2026-09-12 13:06:09,468 - INFO - [346/1962] https://www.latercera.com/nacional/noticia/lunes-las-tres-denuncias-que-han-lleg
2026-09-12 13:06:11,669 - INFO -    -> trafilatura (7264 chars)
2026-09-12 13:06:13,686 - INFO - [347/1962] https://providencia.cl/provi/explora/noticias/municipalidad/contraloria-desestim
2026-09-12 13:06:14,567 - INFO -    -> trafilatura (1832 chars)
2026-09-12 13:06:17,102 - INFO - [348/1962] https://lavozdelosquesobran.cl/hoy/por-ilegalidades-en-el-permiso-de-construccio
2026-09-12 13:06:18,722 - INFO -    -> trafilatura (4248 chars)
2026-09-12 13:06:21,667 - INFO - [349/1962] https://www.facebook.com/LaVozDePucon/posts/contralor%C3%ADa-exime-a-la-municipa
2026-09-12 13:06:22,018 - INFO -    -> http_error_400 (0 chars)
2026-09-12 13:06:24,429 - INFO - [350/1962] https://obtienearchivo.bcn.cl:443/obtienearchivo?id=repositorio/10221/34423/1/BC
2026-09-12 13:06:25,358 - ERROR - parsed tree length: 1, wrong data type or not valid HTML
2026-09-12 13:06:25,358 - ERROR - empty HTML tree: None
2026-09-12 13:06:25,358 - WARNING - discarding data: None
2026-09-12 13:06:25,383 - ERROR - parsed tree length: 1, wrong data type or not valid HTML
2026-09-12 13:06:25,390 - WARNING - Some characters could not be decoded, and were replaced with REPLACEMENT CHARACTER.
2026-09-12 13:06:25,422 - INFO -    -> insuficiente (0 chars)
2026-09-12 13:06:27,820 - INFO - [351/1962] https://www.facebook.com/Municipiovalpo/posts/conoces-la-dom-digital-ingresa-a-p
2026-09-12 13:06:28,121 - INFO -    -> http_error_400 (0 chars)
2026-09-12 13:06:29,901 - INFO - [352/1962] https://diariolaquinta.cl/2021/05/07/opinion-denuncia-en-contraloria-las-ilegali
2026-09-12 13:06:31,036 - INFO -    -> http_error_429 (0 chars)
2026-09-12 13:06:32,738 - INFO - [353/1962] https://www.facebook.com/canalviax/posts/los-mega-edificios-levantados-en-la-com
2026-09-12 13:06:33,126 - INFO -    -> http_error_400 (0 chars)
2026-09-12 13:06:34,758 - INFO - [354/1962] https://www.facebook.com/munistgo/posts/santiago-ya-van-m%C3%A1s-de-1500-multas-
2026-09-12 13:06:35,210 - INFO -    -> http_error_400 (0 chars)
2026-09-12 13:06:36,745 - INFO - [355/1962] https://www.facebook.com/diarioconstitucional/posts/la-corte-de-apelaciones-de-s
2026-09-12 13:06:36,980 - INFO -    -> http_error_400 (0 chars)
2026-09-12 13:06:39,833 - INFO - [356/1962] https://www.munistgo.cl/municipalidad-de-santiago-emite-informe-tecnico-que-rech
2026-09-12 13:06:41,253 - INFO -    -> trafilatura (3498 chars)
2026-09-12 13:06:42,862 - INFO - [357/1962] https://www.diarioconstitucional.cl/2025/02/24/invalidacion-de-recepcion-final-y
2026-09-12 13:06:43,967 - INFO -    -> trafilatura (3766 chars)
2026-09-12 13:06:46,942 - INFO - [358/1962] https://www.bcn.cl/leychile/navegar?idNorma=1208743
2026-09-12 13:06:47,769 - WARNING - discarding data: None
2026-09-12 13:06:47,821 - INFO -    -> insuficiente (189 chars)
2026-09-12 13:06:49,640 - INFO - [359/1962] https://www.instagram.com/p/DQ9lEirDj4s/
2026-09-12 13:06:50,617 - WARNING - discarding data: None
2026-09-12 13:06:51,548 - INFO -    -> insuficiente (0 chars)
2026-09-12 13:06:54,419 - INFO - [360/1962] https://www.facebook.com/TVUCanal/posts/con-la-decisi%C3%B3n-del-concejo-municip
2026-09-12 13:06:54,752 - INFO -    -> http_error_400 (0 chars)
2026-09-12 13:06:57,299 - INFO - [361/1962] https://documentos.minvu.cl/server/api/core/bitstreams/c44eaf55-0c0b-465b-be55-c
2026-09-12 13:06:59,336 - ERROR - parsed tree length: 1, wrong data type or not valid HTML
2026-09-12 13:06:59,337 - ERROR - empty HTML tree: None
2026-09-12 13:06:59,337 - WARNING - discarding data: None
2026-09-12 13:06:59,476 - ERROR - parsed tree length: 1, wrong data type or not valid HTML
2026-09-12 13:06:59,537 - WARNING - Some characters could not be decoded, and were replaced with REPLACEMENT CHARACTER.
2026-09-12 13:06:59,656 - INFO -    -> insuficiente (0 chars)
2026-09-12 13:07:02,158 - INFO - [362/1962] https://repositorio.uft.cl/server/api/core/bitstreams/95109860-16c0-45cc-9d65-d8
2026-09-12 13:07:02,982 - ERROR - parsed tree length: 1, wrong data type or not valid HTML
2026-09-12 13:07:02,983 - ERROR - empty HTML tree: None
2026-09-12 13:07:02,983 - WARNING - discarding data: None
2026-09-12 13:07:03,039 - ERROR - parsed tree length: 1, wrong data type or not valid HTML
2026-09-12 13:07:03,053 - WARNING - Some characters could not be decoded, and were replaced with REPLACEMENT CHARACTER.
2026-09-12 13:07:03,135 - INFO -    -> insuficiente (0 chars)
2026-09-12 13:07:05,490 - INFO - [363/1962] https://www.munistgo.cl/tag/inmobiliaria/
2026-09-12 13:07:08,309 - WARNING - discarding data: None
2026-09-12 13:07:09,940 - INFO -    -> beautifulsoup (84654 chars)
2026-09-12 13:07:12,289 - INFO - [364/1962] https://www.camara.cl/verDoc.aspx?prmID=195838&prmTipo=DOCUMENTO_COMISION
2026-09-12 13:07:13,563 - ERROR - parsed tree length: 1, wrong data type or not valid HTML
2026-09-12 13:07:13,563 - ERROR - empty HTML tree: None
2026-09-12 13:07:13,563 - WARNING - discarding data: None
2026-09-12 13:07:13,588 - ERROR - parsed tree length: 1, wrong data type or not valid HTML
2026-09-12 13:07:13,600 - WARNING - Some characters could not be decoded, and were replaced with REPLACEMENT CHARACTER.
2026-09-12 13:07:13,640 - INFO -    -> insuficiente (0 chars)
2026-09-12 13:07:15,999 - INFO - [365/1962] https://www.facebook.com/munistgo/posts/santiago-hoy-se-inaugur%C3%B3-la-2da-eta
2026-09-12 13:07:16,331 - INFO -    -> http_error_400 (0 chars)
2026-09-12 13:07:18,524 - INFO - [366/1962] https://providencia.cl/provi/site/artic/20210102/pags/20210102181613.html
2026-09-12 13:07:19,359 - INFO -    -> trafilatura (6803 chars)
2026-09-12 13:07:21,160 - INFO - [367/1962] https://www.facebook.com/MLoBarnechea/posts/vecinos-la-inmobiliaria-neohaus-y-la
2026-09-12 13:07:21,544 - INFO -    -> http_error_400 (0 chars)
2026-09-12 13:07:24,082 - INFO - [368/1962] https://www.comunidadfeliz.cl/post/municipalidades-y-su-influencia-en-el-mercado
2026-09-12 13:07:25,209 - INFO -    -> trafilatura (5711 chars)
2026-09-12 13:07:27,245 - INFO - [369/1962] https://radio.uchile.cl/2018/01/11/vecinos-de-nunoa-las-inmobiliarias-son-un-adv
2026-09-12 13:07:28,949 - INFO -    -> trafilatura (9070 chars)
2026-09-12 13:07:31,758 - INFO - [370/1962] https://elsoberano.org/derechos-sociales/vecinos-de-pedro-de-valdivia-norte-se-m
2026-09-12 13:07:32,603 - INFO -    -> trafilatura (5087 chars)
2026-09-12 13:07:34,593 - INFO - [371/1962] https://www.munistgo.cl/tag/junta-de-vecinos/
2026-09-12 13:07:37,265 - WARNING - discarding data: None
2026-09-12 13:07:39,355 - INFO -    -> beautifulsoup (95324 chars)
2026-09-12 13:07:41,241 - INFO - [372/1962] https://www.facebook.com/MuniConce/posts/la-jjvv-estero-nongu%C3%A9n-de-concepci
2026-09-12 13:07:41,690 - INFO -    -> http_error_400 (0 chars)
2026-09-12 13:07:43,310 - INFO - [373/1962] https://www.bienesnacionales.cl/bienes-nacionales-entrega-concesion-a-union-comu
2026-09-12 13:07:44,776 - INFO -    -> trafilatura (2959 chars)
2026-09-12 13:07:46,341 - INFO - [374/1962] https://www.instagram.com/reel/CwBardyggOy/
2026-09-12 13:07:47,537 - WARNING - discarding data: None
2026-09-12 13:07:48,512 - INFO -    -> insuficiente (0 chars)
2026-09-12 13:07:50,454 - INFO - [375/1962] https://www.facebook.com/municipiodebuin/videos/quiero-mi-barrio-344-viviendas-y
2026-09-12 13:07:51,562 - WARNING - discarding data: None
2026-09-12 13:07:52,280 - INFO -    -> insuficiente (0 chars)
2026-09-12 13:07:54,707 - INFO - [376/1962] https://www.bcn.cl/leychile/navegar?idNorma=174749
2026-09-12 13:07:55,521 - WARNING - discarding data: None
2026-09-12 13:07:55,570 - INFO -    -> insuficiente (189 chars)
2026-09-12 13:07:58,057 - INFO - [377/1962] https://www.facebook.com/FOSISValpo/posts/en-la-sede-de-la-junta-de-vecinos-edua
2026-09-12 13:07:58,443 - INFO -    -> http_error_400 (0 chars)
2026-09-12 13:08:00,171 - INFO - [378/1962] https://www.biobiochile.cl/noticias/nacional/region-metropolitana/2021/11/26/tri
2026-09-12 13:08:01,210 - INFO -    -> trafilatura (4192 chars)
2026-09-12 13:08:03,944 - INFO - [379/1962] https://www.facebook.com/MegaDeportesCL/posts/-fue-la-superintendencia-de-medioa
2026-09-12 13:08:04,226 - INFO -    -> http_error_400 (0 chars)
2026-09-12 13:08:06,571 - INFO - [380/1962] https://www.facebook.com/claudiorrego/?locale=ru_RU
2026-09-12 13:08:06,779 - INFO -    -> http_error_400 (0 chars)
2026-09-12 13:08:08,894 - INFO - [381/1962] https://proactiva.subdere.gov.cl/bitstream/handle/123456789/52/GESTION_AMBIENTAL
2026-09-12 13:08:10,035 - ERROR - parsed tree length: 1, wrong data type or not valid HTML
2026-09-12 13:08:10,035 - ERROR - empty HTML tree: None
2026-09-12 13:08:10,035 - WARNING - discarding data: None
2026-09-12 13:08:10,125 - ERROR - parsed tree length: 1, wrong data type or not valid HTML
2026-09-12 13:08:10,159 - WARNING - Some characters could not be decoded, and were replaced with REPLACEMENT CHARACTER.
2026-09-12 13:08:10,362 - INFO -    -> insuficiente (0 chars)
2026-09-12 13:08:11,977 - INFO - [382/1962] https://www.scielo.cl/scielo.php?script=sci_arttext&pid=S0250-71612014000200003
2026-09-12 13:08:17,710 - INFO -    -> http_error_503 (0 chars)
2026-09-12 13:08:20,214 - INFO - [383/1962] https://repositorio.uchile.cl/bitstream/handle/2250/145045/Los-primeros-planes-i
2026-09-12 13:08:20,846 - INFO -    -> trafilatura (1245 chars)
2026-09-12 13:08:22,465 - INFO - [384/1962] https://www.tdx.cat/bitstream/handle/10803/145497/LAC_TESIS.pdf?sequence=1
2026-09-12 13:08:23,089 - INFO -    -> http_error_403 (0 chars)
2026-09-12 13:08:26,004 - INFO - [385/1962] https://www.scielo.org.ar/scielo.php?script=sci_arttext&pid=S1852-42652014000200
2026-09-12 13:08:27,460 - INFO -    -> trafilatura (68504 chars)
2026-09-12 13:08:30,429 - INFO - [386/1962] https://www.facebook.com/munipena/posts/alcaldesa-denuncia-efecto-segregador-de-
2026-09-12 13:08:30,712 - INFO -    -> http_error_400 (0 chars)
2026-09-12 13:08:32,969 - INFO - [387/1962] https://www.ciperchile.cl/2018/12/21/irregularidades-del-proceso-de-actualizacio
2026-09-12 13:08:34,600 - INFO -    -> trafilatura (14777 chars)
2026-09-12 13:08:37,322 - INFO - [388/1962] https://web.sanmiguel.cl/author/marcela/page/39/
2026-09-12 13:08:38,714 - INFO -    -> trafilatura (1343 chars)
2026-09-12 13:08:41,386 - INFO - [389/1962] https://www.facebook.com/MinvuChile/posts/llamado-especial-mejoramiento-de-cit%C
2026-09-12 13:08:41,795 - INFO -    -> http_error_400 (0 chars)
2026-09-12 13:08:43,746 - INFO - [390/1962] https://eae.mma.gob.cl/storage/documents/04_Anteproyecto-Memoria_PRC_Isla_de_Mai
2026-09-12 13:08:53,028 - INFO -    -> trafilatura (46437 chars)
2026-09-12 13:08:55,700 - INFO - [391/1962] https://www.facebook.com/PoderJudicialdeChile/posts/tvpoderjudicial-nuevo-edific
2026-09-12 13:08:56,121 - INFO -    -> http_error_400 (0 chars)
2026-09-12 13:08:58,670 - INFO - [392/1962] https://www.facebook.com/PoderJudicialdeChile/posts/corte-suprema-acoge-recurso-
2026-09-12 13:08:58,954 - INFO -    -> http_error_400 (0 chars)
2026-09-12 13:09:01,685 - INFO - [393/1962] https://www.ciperchile.cl/2017/04/28/la-batalla-legal-entre-vitacura-y-cencosud-
2026-09-12 13:09:03,681 - INFO -    -> trafilatura (12816 chars)
2026-09-12 13:09:06,480 - INFO - [394/1962] https://radio.uchile.cl/2014/04/22/justicia-falla-contra-inmobiliaria-por-constr
2026-09-12 13:09:07,989 - INFO -    -> trafilatura (3975 chars)
2026-09-12 13:09:09,754 - INFO - [395/1962] https://www.facebook.com/PoderJudicialdeChile/posts/corte-suprema-condena-a-prim
2026-09-12 13:09:10,081 - INFO -    -> http_error_400 (0 chars)
2026-09-12 13:09:12,724 - INFO - [396/1962] https://www.youtube.com/watch?v=I1Rs-jUtmoE
2026-09-12 13:09:14,319 - WARNING - discarding data: None
2026-09-12 13:09:14,420 - INFO -    -> beautifulsoup (203 chars)
2026-09-12 13:09:17,295 - INFO - [397/1962] https://es.wikipedia.org/wiki/Villa_Compa%C3%B1ero_Ministro_Carlos_Cort%C3%A9s
2026-09-12 13:09:18,522 - INFO -    -> trafilatura (18558 chars)
2026-09-12 13:09:20,372 - INFO - [398/1962] https://www.fne.gob.cl/wp-content/uploads/2017/05/Sentencia_140_2014.pdf
2026-09-12 13:09:21,334 - ERROR - parsed tree length: 1, wrong data type or not valid HTML
2026-09-12 13:09:21,334 - ERROR - empty HTML tree: None
2026-09-12 13:09:21,334 - WARNING - discarding data: None
2026-09-12 13:09:21,361 - ERROR - parsed tree length: 1, wrong data type or not valid HTML
2026-09-12 13:09:21,369 - WARNING - Some characters could not be decoded, and were replaced with REPLACEMENT CHARACTER.
2026-09-12 13:09:21,403 - INFO -    -> insuficiente (0 chars)
2026-09-12 13:09:24,039 - INFO - [399/1962] https://www.facebook.com/PoderJudicialdeChile/posts/corte-de-apelaciones-de-sant
2026-09-12 13:09:24,307 - INFO -    -> http_error_400 (0 chars)
2026-09-12 13:09:27,009 - INFO - [400/1962] https://interferencia.cl/articulos/inmobiliaria-pocuro-inicia-tala-de-arboles-na
2026-09-12 13:09:28,408 - INFO -    -> trafilatura (7513 chars)
2026-09-12 13:09:30,254 - INFO - [401/1962] https://colegioabogados.cl/corte-suprema-ordena-someter-a-evaluacion-ambiental-p
2026-09-12 13:09:32,615 - INFO -    -> trafilatura (5523 chars)
2026-09-12 13:09:34,777 - INFO - [402/1962] https://www.latercera.com/pulso/noticia/corte-suprema-confirma-validez-actuacion
2026-09-12 13:09:36,973 - INFO -    -> trafilatura (3081 chars)
2026-09-12 13:09:38,614 - INFO - [403/1962] https://www.infraestructurapublica.cl/lucha-gigantes-conflicto-contraloria-e-inm
2026-09-12 13:09:41,842 - INFO -    -> trafilatura (50271 chars)
2026-09-12 13:09:44,832 - INFO - [404/1962] https://www.fne.gob.cl/wp-content/uploads/2019/10/inpu_017_2019.pdf
2026-09-12 13:09:45,699 - ERROR - parsed tree length: 1, wrong data type or not valid HTML
2026-09-12 13:09:45,699 - ERROR - empty HTML tree: None
2026-09-12 13:09:45,699 - WARNING - discarding data: None
2026-09-12 13:09:45,745 - ERROR - parsed tree length: 1, wrong data type or not valid HTML
2026-09-12 13:09:45,760 - WARNING - Some characters could not be decoded, and were replaced with REPLACEMENT CHARACTER.
2026-09-12 13:09:45,837 - INFO -    -> insuficiente (0 chars)
2026-09-12 13:09:47,997 - INFO - [405/1962] https://www.facebook.com/DiarioFinanciero/posts/inmobiliaria-santolaya-y-cambios
2026-09-12 13:09:48,261 - INFO -    -> http_error_400 (0 chars)
2026-09-12 13:09:51,193 - INFO - [406/1962] https://www.tribunalambiental.cl/wp-content/uploads/2014/07/R-132-2016-20-10-201
2026-09-12 13:09:52,333 - ERROR - parsed tree length: 1, wrong data type or not valid HTML
2026-09-12 13:09:52,334 - ERROR - empty HTML tree: None
2026-09-12 13:09:52,334 - WARNING - discarding data: None
2026-09-12 13:09:52,486 - ERROR - parsed tree length: 1, wrong data type or not valid HTML
2026-09-12 13:09:52,557 - WARNING - Some characters could not be decoded, and were replaced with REPLACEMENT CHARACTER.
2026-09-12 13:09:53,005 - INFO -    -> insuficiente (0 chars)
2026-09-12 13:09:55,081 - INFO - [407/1962] https://www.jurischile.com/2016/05/reclamo-de-ilegalidad-municipali.html
2026-09-12 13:09:56,818 - INFO -    -> trafilatura (311 chars)
2026-09-12 13:09:58,750 - INFO - [408/1962] https://repositorio.uchile.cl/bitstream/handle/2250/117619/de-chible_m.pdf?seque
2026-09-12 13:09:59,502 - INFO -    -> trafilatura (1245 chars)
2026-09-12 13:10:01,571 - INFO - [409/1962] https://www.3ta.cl/wp-content/uploads/2016/12/sentencia-R-38-2016.pdf
2026-09-12 13:10:03,557 - ERROR - parsed tree length: 1, wrong data type or not valid HTML
2026-09-12 13:10:03,558 - ERROR - empty HTML tree: None
2026-09-12 13:10:03,558 - WARNING - discarding data: None
2026-09-12 13:10:04,202 - ERROR - parsed tree length: 1, wrong data type or not valid HTML
2026-09-12 13:10:04,621 - WARNING - Some characters could not be decoded, and were replaced with REPLACEMENT CHARACTER.
2026-09-12 13:10:06,384 - INFO -    -> insuficiente (0 chars)
2026-09-12 13:10:08,785 - INFO - [410/1962] https://www.redalyc.org/pdf/4517/451744546004.pdf
2026-09-12 13:10:32,659 - WARNING - Error extrayendo https://www.redalyc.org/pdf/4517/451744546004.pdf: HTTPSConnectionPool(host='www.redalyc.org', port=443): Read timed out. (read timeout=20)
2026-09-12 13:10:32,672 - INFO -    -> error (0 chars)
2026-09-12 13:10:34,621 - INFO - [411/1962] https://www.sii.cl/normativa_legislacion/jurisprudencia_judicial/tribunales_trib
2026-09-12 13:10:35,316 - INFO -    -> trafilatura (38030 chars)
2026-09-12 13:10:37,389 - INFO - [412/1962] https://www.u-cursos.cl/derecho/2021/1/D123C0621/1/material_docente/bajar?id=399
2026-09-12 13:10:38,402 - ERROR - parsed tree length: 1, wrong data type or not valid HTML
2026-09-12 13:10:38,402 - ERROR - empty HTML tree: None
2026-09-12 13:10:38,402 - WARNING - discarding data: None
2026-09-12 13:10:38,434 - ERROR - parsed tree length: 1, wrong data type or not valid HTML
2026-09-12 13:10:38,440 - WARNING - Some characters could not be decoded, and were replaced with REPLACEMENT CHARACTER.
2026-09-12 13:10:38,473 - INFO -    -> insuficiente (0 chars)
2026-09-12 13:10:40,319 - INFO - [413/1962] https://www.emol.com/noticias/Nacional/2018/06/06/908832/Corte-Suprema-rechaza-r
2026-09-12 13:10:41,165 - INFO -    -> trafilatura (1812 chars)
2026-09-12 13:10:43,671 - INFO - [414/1962] https://www.facebook.com/munipena/posts/serviu-y-municipio-acuerdan-trabajo-conj
2026-09-12 13:10:43,935 - INFO -    -> http_error_400 (0 chars)
2026-09-12 13:10:46,156 - INFO - [415/1962] https://documentos.minvu.cl/min_vivienda/resoluciones_exentas/Documents/REDIJURN
2026-09-12 13:10:47,789 - ERROR - parsed tree length: 1, wrong data type or not valid HTML
2026-09-12 13:10:47,789 - ERROR - empty HTML tree: None
2026-09-12 13:10:47,790 - WARNING - discarding data: None
2026-09-12 13:10:47,832 - ERROR - parsed tree length: 1, wrong data type or not valid HTML
2026-09-12 13:10:47,843 - WARNING - Some characters could not be decoded, and were replaced with REPLACEMENT CHARACTER.
2026-09-12 13:10:47,862 - INFO -    -> insuficiente (0 chars)
2026-09-12 13:10:49,747 - INFO - [416/1962] https://www.camara.cl/verDoc.aspx?prmTipo=SIAL&prmID=45632&formato=pdf
2026-09-12 13:10:51,512 - ERROR - parsed tree length: 1, wrong data type or not valid HTML
2026-09-12 13:10:51,512 - ERROR - empty HTML tree: None
2026-09-12 13:10:51,512 - WARNING - discarding data: None
2026-09-12 13:10:51,568 - ERROR - parsed tree length: 1, wrong data type or not valid HTML
2026-09-12 13:10:51,592 - WARNING - Some characters could not be decoded, and were replaced with REPLACEMENT CHARACTER.
2026-09-12 13:10:51,691 - INFO -    -> insuficiente (0 chars)
2026-09-12 13:10:54,274 - INFO - [417/1962] https://www.bcn.cl/leychile/navegar?idNorma=30497
2026-09-12 13:10:55,244 - WARNING - discarding data: None
2026-09-12 13:10:55,280 - INFO -    -> insuficiente (189 chars)
2026-09-12 13:10:57,542 - INFO - [418/1962] https://www.monumentos.gob.cl/sites/default/files/20201111_acta_env_def_f.pdf
2026-09-12 13:10:58,488 - ERROR - parsed tree length: 1, wrong data type or not valid HTML
2026-09-12 13:10:58,488 - ERROR - empty HTML tree: None
2026-09-12 13:10:58,488 - WARNING - discarding data: None
2026-09-12 13:10:58,625 - ERROR - parsed tree length: 1, wrong data type or not valid HTML
2026-09-12 13:10:58,686 - WARNING - Some characters could not be decoded, and were replaced with REPLACEMENT CHARACTER.
2026-09-12 13:10:58,943 - INFO -    -> insuficiente (0 chars)
2026-09-12 13:11:01,310 - INFO - [419/1962] https://transparencia.sma.gob.cl/doc/resoluciones/RCA_CADUCIDAD/ACREDITA/2020/RE
2026-09-12 13:11:02,273 - ERROR - parsed tree length: 1, wrong data type or not valid HTML
2026-09-12 13:11:02,274 - ERROR - empty HTML tree: None
2026-09-12 13:11:02,274 - WARNING - discarding data: None
2026-09-12 13:11:02,456 - ERROR - parsed tree length: 1, wrong data type or not valid HTML
2026-09-12 13:11:02,529 - WARNING - Some characters could not be decoded, and were replaced with REPLACEMENT CHARACTER.
2026-09-12 13:11:02,814 - INFO -    -> insuficiente (0 chars)
2026-09-12 13:11:04,504 - INFO - [420/1962] https://www2.tribunalconstitucional.cl/2023/05/18/impugnacion-de-normas-de-plane
2026-09-12 13:11:06,348 - INFO -    -> trafilatura (2082 chars)
2026-09-12 13:11:08,299 - INFO - [421/1962] https://actualidadjuridica.doe.cl/corte-suprema-rechazo-recursos-de-casacion-en-
2026-09-12 13:11:09,756 - INFO -    -> trafilatura (7097 chars)
2026-09-12 13:11:11,612 - INFO - [422/1962] https://tribunalambiental.cl/wp-content/uploads/2022/01/Sentencia_Corte-Suprema_
2026-09-12 13:11:12,289 - ERROR - parsed tree length: 1, wrong data type or not valid HTML
2026-09-12 13:11:12,289 - ERROR - empty HTML tree: None
2026-09-12 13:11:12,289 - WARNING - discarding data: None
2026-09-12 13:11:12,311 - ERROR - parsed tree length: 1, wrong data type or not valid HTML
2026-09-12 13:11:12,317 - WARNING - Some characters could not be decoded, and were replaced with REPLACEMENT CHARACTER.
2026-09-12 13:11:12,340 - INFO -    -> insuficiente (0 chars)
2026-09-12 13:11:14,368 - INFO - [423/1962] https://redad.uc.cl/index.php/REDAE/article/download/47469/42195
2026-09-12 13:11:15,218 - INFO -    -> http_error_403 (0 chars)
2026-09-12 13:11:17,796 - INFO - [424/1962] https://interferencia.cl/sites/default/files/respuesta_municipalidad_de_la_flori
2026-09-12 13:11:19,154 - ERROR - parsed tree length: 1, wrong data type or not valid HTML
2026-09-12 13:11:19,154 - ERROR - empty HTML tree: None
2026-09-12 13:11:19,154 - WARNING - discarding data: None
2026-09-12 13:11:19,219 - ERROR - parsed tree length: 1, wrong data type or not valid HTML
2026-09-12 13:11:19,232 - WARNING - Some characters could not be decoded, and were replaced with REPLACEMENT CHARACTER.
2026-09-12 13:11:19,324 - INFO -    -> insuficiente (0 chars)
2026-09-12 13:11:22,042 - INFO - [425/1962] https://www.facebook.com/municipiotemuco/posts/nuevo-humedal-urbano-para-temucoe
2026-09-12 13:11:23,055 - INFO -    -> http_error_400 (0 chars)
2026-09-12 13:11:25,795 - INFO - [426/1962] https://www.ciperchile.cl/wp-content/uploads/Demanda-Causa-Rol-C-11409-2022-7o-J
2026-09-12 13:11:26,621 - ERROR - parsed tree length: 1, wrong data type or not valid HTML
2026-09-12 13:11:26,622 - ERROR - empty HTML tree: None
2026-09-12 13:11:26,622 - WARNING - discarding data: None
2026-09-12 13:11:26,663 - ERROR - parsed tree length: 1, wrong data type or not valid HTML
2026-09-12 13:11:26,675 - WARNING - Some characters could not be decoded, and were replaced with REPLACEMENT CHARACTER.
2026-09-12 13:11:26,796 - INFO -    -> insuficiente (0 chars)
2026-09-12 13:11:29,498 - INFO - [427/1962] https://3ta.cl/wp-content/uploads/2023/07/Boletin-Jurisprudencia-y-Actualidad-No
2026-09-12 13:11:30,525 - ERROR - parsed tree length: 1, wrong data type or not valid HTML
2026-09-12 13:11:30,526 - ERROR - empty HTML tree: None
2026-09-12 13:11:30,526 - WARNING - discarding data: None
2026-09-12 13:11:30,644 - ERROR - parsed tree length: 1, wrong data type or not valid HTML
2026-09-12 13:11:30,699 - WARNING - Some characters could not be decoded, and were replaced with REPLACEMENT CHARACTER.
2026-09-12 13:11:30,941 - INFO -    -> insuficiente (0 chars)
2026-09-12 13:11:32,791 - INFO - [428/1962] https://radio.uchile.cl/2022/04/28/cencosud-via-artimanas-intenta-sobrepasar-la-
2026-09-12 13:11:34,406 - INFO -    -> trafilatura (10582 chars)
2026-09-12 13:11:36,030 - INFO - [429/1962] http://www.scielo.cl/scielo.php?script=sci_arttext&pid=S0718-34372013000300005
2026-09-12 13:11:41,704 - INFO -    -> http_error_503 (0 chars)
2026-09-12 13:11:43,229 - INFO - [430/1962] https://www.facebook.com/PoderJudicialdeChile/posts/corte-de-apelaciones-de-sant
2026-09-12 13:11:43,475 - INFO -    -> http_error_400 (0 chars)
2026-09-12 13:11:46,067 - INFO - [431/1962] https://www.jurischile.com/2017/08/ca-de-valdivia-acoge-recurso-de.html
2026-09-12 13:11:47,491 - INFO -    -> trafilatura (311 chars)
2026-09-12 13:11:49,957 - INFO - [432/1962] https://www.emol.com/noticias/Economia/2017/07/17/867189/Alto-Las-Condes-II-la-c
2026-09-12 13:11:50,801 - INFO -    -> trafilatura (3590 chars)
2026-09-12 13:11:52,916 - INFO - [433/1962] https://agronomia.uchile.cl/noticias/104254/laboratorio-de-cs-agronomicas-detect
2026-09-12 13:11:53,741 - INFO -    -> trafilatura (3097 chars)
2026-09-12 13:11:56,120 - INFO - [434/1962] https://www.clinicasdechile.cl/noticias/suprema-autoriza-isapres-negar-afiliacio
2026-09-12 13:11:59,140 - INFO -    -> trafilatura (5499 chars)
2026-09-12 13:12:01,913 - INFO - [435/1962] https://www.ciperchile.cl/2014/06/30/practicas-discriminatorias-de-la-junta-de-v
2026-09-12 13:12:03,717 - INFO -    -> trafilatura (6144 chars)
2026-09-12 13:12:06,496 - INFO - [436/1962] https://www.elmostrador.cl/noticias/pais/2017/09/06/escolar-se-suicida-tras-pole
2026-09-12 13:12:07,302 - INFO -    -> trafilatura (8892 chars)
2026-09-12 13:12:09,228 - INFO - [437/1962] https://www.facebook.com/PoderJudicialdeChile/posts/corte-de-santiago-acoge-recu
2026-09-12 13:12:09,466 - INFO -    -> http_error_400 (0 chars)
2026-09-12 13:12:11,556 - INFO - [438/1962] https://www.emol.com/noticias/Economia/2018/09/21/921362/Justicia-rechaza-recurs
2026-09-12 13:12:12,499 - INFO -    -> trafilatura (2318 chars)
2026-09-12 13:12:14,806 - INFO - [439/1962] https://www.facebook.com/PoderJudicialdeChile/posts/corte-de-santiago-habilita-n
2026-09-12 13:12:15,169 - INFO -    -> http_error_400 (0 chars)
2026-09-12 13:12:17,123 - INFO - [440/1962] https://media-front.elmostrador.cl/2018/08/PROTECCION-DOROTHY-PEREZ-CONTRALOR-1-
2026-09-12 13:12:18,442 - INFO -    -> trafilatura (23089 chars)
2026-09-12 13:12:20,777 - INFO - [441/1962] https://vlex.cl/vid/causa-n-8366-2018-743546089
2026-09-12 13:12:21,486 - INFO -    -> trafilatura (6271 chars)
2026-09-12 13:12:23,752 - INFO - [442/1962] https://www.facebook.com/PoderJudicialdeChile/photos/-corte-suprema-anula-permis
2026-09-12 13:12:24,434 - WARNING - discarding data: None
2026-09-12 13:12:24,968 - INFO -    -> insuficiente (0 chars)
2026-09-12 13:12:26,838 - INFO - [443/1962] https://arhabogados.com/corte-suprema-confirma-fallo-que-rechazo-recurso-de-prot
2026-09-12 13:12:30,067 - INFO -    -> trafilatura (646 chars)
2026-09-12 13:12:32,873 - INFO - [444/1962] https://www.t13.cl/noticia/nacional/corte-apelaciones-declara-ilegal-cobro-multa
2026-09-12 13:12:34,249 - INFO -    -> trafilatura (2280 chars)
2026-09-12 13:12:36,769 - INFO - [445/1962] https://www.cmfchile.cl/institucional/inc/sentencias/sentencias_visualiza_doc.ph
2026-09-12 13:12:37,598 - ERROR - parsed tree length: 1, wrong data type or not valid HTML
2026-09-12 13:12:37,598 - ERROR - empty HTML tree: None
2026-09-12 13:12:37,598 - WARNING - discarding data: None
2026-09-12 13:12:37,624 - ERROR - parsed tree length: 1, wrong data type or not valid HTML
2026-09-12 13:12:37,632 - WARNING - Some characters could not be decoded, and were replaced with REPLACEMENT CHARACTER.
2026-09-12 13:12:37,660 - INFO -    -> insuficiente (0 chars)
2026-09-12 13:12:40,365 - INFO - [446/1962] https://www.lizamabogados.cl/carta-al-director-de-la-tercera-tutela-laboral-a-fu
2026-09-12 13:12:43,314 - INFO -    -> trafilatura (1748 chars)
2026-09-12 13:12:44,878 - INFO - [447/1962] https://www.elmercurio.com/legal/movil/detalle.aspx?Id=903199&Path=/0D/C8/
2026-09-12 13:12:45,696 - INFO -    -> trafilatura (10524 chars)
2026-09-12 13:12:47,320 - INFO - [448/1962] https://repositorio.uchile.cl/bitstream/handle/2250/132993/Estatuto-de-los-profe
2026-09-12 13:12:47,960 - INFO -    -> trafilatura (1245 chars)
2026-09-12 13:12:50,547 - INFO - [449/1962] https://media.biobiochile.cl/wp-content/uploads/2017/12/2017-09-29-acusacin-fisc
2026-09-12 13:12:51,601 - ERROR - parsed tree length: 1, wrong data type or not valid HTML
2026-09-12 13:12:51,602 - ERROR - empty HTML tree: None
2026-09-12 13:12:51,603 - WARNING - discarding data: None
2026-09-12 13:12:51,770 - ERROR - parsed tree length: 1, wrong data type or not valid HTML
2026-09-12 13:12:51,827 - WARNING - Some characters could not be decoded, and were replaced with REPLACEMENT CHARACTER.
2026-09-12 13:12:52,107 - INFO -    -> insuficiente (0 chars)
2026-09-12 13:12:54,231 - INFO - [450/1962] https://www.enel.cl/content/dam/enel-cl/inversionistas/enel-chile/reportes/memor
2026-09-12 13:12:55,209 - INFO -    -> trafilatura (627 chars)
2026-09-12 13:12:57,858 - INFO - [451/1962] https://www.facebook.com/radiotvichilo/posts/el-curichi-las-garzas-tiene-mas-pos
2026-09-12 13:12:58,239 - INFO -    -> http_error_400 (0 chars)
2026-09-12 13:13:00,115 - INFO - [452/1962] https://www.facebook.com/groups/noalatalacochabamba/posts/1174134062687056/
2026-09-12 13:13:00,409 - INFO -    -> http_error_400 (0 chars)
2026-09-12 13:13:03,267 - INFO - [453/1962] https://www.pjud.cl/prensa-y-comunicaciones/getRulingNew/39167
2026-09-12 13:13:04,267 - ERROR - parsed tree length: 1, wrong data type or not valid HTML
2026-09-12 13:13:04,268 - ERROR - empty HTML tree: None
2026-09-12 13:13:04,268 - WARNING - discarding data: None
2026-09-12 13:13:04,291 - ERROR - parsed tree length: 1, wrong data type or not valid HTML
2026-09-12 13:13:04,298 - WARNING - Some characters could not be decoded, and were replaced with REPLACEMENT CHARACTER.
2026-09-12 13:13:04,328 - INFO -    -> insuficiente (158 chars)
2026-09-12 13:13:05,857 - INFO - [454/1962] https://www.latercera.com/pulso/noticia/municipalidad-de-vitacura-escala-conflic
2026-09-12 13:13:08,243 - INFO -    -> trafilatura (3833 chars)
2026-09-12 13:13:09,882 - INFO - [455/1962] https://www.linkedin.com/posts/leonardocardenashidalgo_municipalidad-de-vitacura
2026-09-12 13:13:11,175 - INFO -    -> trafilatura (228 chars)
2026-09-12 13:13:12,989 - INFO - [456/1962] https://www.bcn.cl/leychile/navegar?idNorma=96138
2026-09-12 13:13:13,737 - WARNING - discarding data: None
2026-09-12 13:13:13,784 - INFO -    -> insuficiente (189 chars)
2026-09-12 13:13:16,288 - INFO - [457/1962] https://www.theclinic.cl/2023/12/22/contienda-judicial-enfrenta-nuevamente-a-bar
2026-09-12 13:13:17,820 - INFO -    -> trafilatura (3238 chars)
2026-09-12 13:13:19,620 - INFO - [458/1962] https://www.doe.cl/alerta/07072025/202507073002
2026-09-12 13:13:21,857 - ERROR - parsed tree length: 1, wrong data type or not valid HTML
2026-09-12 13:13:21,858 - ERROR - empty HTML tree: None
2026-09-12 13:13:21,858 - WARNING - discarding data: None
2026-09-12 13:13:21,886 - ERROR - parsed tree length: 1, wrong data type or not valid HTML
2026-09-12 13:13:21,896 - WARNING - Some characters could not be decoded, and were replaced with REPLACEMENT CHARACTER.
2026-09-12 13:13:21,937 - INFO -    -> insuficiente (0 chars)
2026-09-12 13:13:24,234 - INFO - [459/1962] https://www.prieto.cl/presidente-de-la-republica-ingresa-proyecto-de-ley-que-oto
2026-09-12 13:13:25,211 - INFO -    -> trafilatura (4388 chars)
2026-09-12 13:13:27,830 - INFO - [460/1962] https://www.biobiochile.cl/noticias/economia/negocios-y-empresas/2022/12/14/cort
2026-09-12 13:13:28,593 - INFO -    -> trafilatura (3190 chars)
2026-09-12 13:13:30,384 - INFO - [461/1962] https://www.pjud.cl/prensa-y-comunicaciones/getRulingNew/3706
2026-09-12 13:13:31,411 - ERROR - parsed tree length: 1, wrong data type or not valid HTML
2026-09-12 13:13:31,412 - ERROR - empty HTML tree: None
2026-09-12 13:13:31,412 - WARNING - discarding data: None
2026-09-12 13:13:31,426 - ERROR - parsed tree length: 1, wrong data type or not valid HTML
2026-09-12 13:13:31,434 - WARNING - Some characters could not be decoded, and were replaced with REPLACEMENT CHARACTER.
2026-09-12 13:13:31,454 - INFO -    -> insuficiente (158 chars)
2026-09-12 13:13:33,094 - INFO - [462/1962] https://www.pjud.cl/prensa-y-comunicaciones/noticias-del-poder-judicial/115130
2026-09-12 13:13:34,278 - INFO -    -> trafilatura (8276 chars)
2026-09-12 13:13:36,157 - INFO - [463/1962] https://www.diarioconstitucional.cl/2025/07/24/corte-de-santiago-ratifica-clausu
2026-09-12 13:13:37,118 - INFO -    -> trafilatura (3114 chars)
2026-09-12 13:13:40,090 - INFO - [464/1962] https://www.doe.cl/alerta/25072025/202507253001
2026-09-12 13:13:41,384 - ERROR - parsed tree length: 1, wrong data type or not valid HTML
2026-09-12 13:13:41,384 - ERROR - empty HTML tree: None
2026-09-12 13:13:41,385 - WARNING - discarding data: None
2026-09-12 13:13:41,413 - ERROR - parsed tree length: 1, wrong data type or not valid HTML
2026-09-12 13:13:41,424 - WARNING - Some characters could not be decoded, and were replaced with REPLACEMENT CHARACTER.
2026-09-12 13:13:41,468 - INFO -    -> insuficiente (158 chars)
2026-09-12 13:13:43,072 - INFO - [465/1962] https://www.instagram.com/p/DYkJM6Nk8Nb/
2026-09-12 13:13:44,083 - WARNING - discarding data: None
2026-09-12 13:13:44,955 - INFO -    -> insuficiente (0 chars)
2026-09-12 13:13:46,784 - INFO - [466/1962] https://adad.cl/boletines-adad/diciembre2025-xs9a3-em93b
2026-09-12 13:13:49,273 - INFO -    -> trafilatura (66145 chars)
2026-09-12 13:13:51,366 - INFO - [467/1962] https://www.instagram.com/reel/DbWRZskO1x2/
2026-09-12 13:13:51,705 - WARNING - discarding data: None
2026-09-12 13:13:52,488 - INFO -    -> insuficiente (0 chars)
2026-09-12 13:13:54,251 - INFO - [468/1962] https://cl.linkedin.com/showcase/prelia-chile/
2026-09-12 13:13:56,155 - INFO -    -> trafilatura (9595 chars)
2026-09-12 13:13:58,347 - INFO - [469/1962] https://www.biobiochile.cl/especial/bbcl-investiga/noticias/articulos/2024/04/24
2026-09-12 13:13:59,124 - INFO -    -> trafilatura (857 chars)
2026-09-12 13:14:01,371 - INFO - [470/1962] https://www.ciperchile.cl/2016/07/27/ardides-para-violar-las-reglas-del-mercado-
2026-09-12 13:14:03,340 - INFO -    -> trafilatura (13876 chars)
2026-09-12 13:14:05,393 - INFO - [471/1962] https://www.scielo.cl/scielo.php?script=sci_arttext&pid=S0718-09502017000200010
2026-09-12 13:14:26,037 - WARNING - Error extrayendo https://www.scielo.cl/scielo.php?script=sci_arttext&pid=S0718-09502017: HTTPSConnectionPool(host='www.scielo.cl', port=443): Read timed out. (read timeout=20)
2026-09-12 13:14:26,051 - INFO -    -> error (0 chars)
2026-09-12 13:14:28,779 - INFO - [472/1962] https://www.facebook.com/munilascondes/posts/desde-valencia-el-alcalde-joaqu%C3%
2026-09-12 13:14:29,669 - INFO -    -> http_error_400 (0 chars)
2026-09-12 13:14:31,999 - INFO - [473/1962] https://www.monumentos.gob.cl/sites/default/files/articles-39498_documento_01.pd
2026-09-12 13:14:32,788 - ERROR - parsed tree length: 1, wrong data type or not valid HTML
2026-09-12 13:14:32,788 - ERROR - empty HTML tree: None
2026-09-12 13:14:32,789 - WARNING - discarding data: None
2026-09-12 13:14:32,850 - ERROR - parsed tree length: 1, wrong data type or not valid HTML
2026-09-12 13:14:32,868 - WARNING - Some characters could not be decoded, and were replaced with REPLACEMENT CHARACTER.
2026-09-12 13:14:33,050 - INFO -    -> insuficiente (0 chars)
2026-09-12 13:14:35,685 - INFO - [474/1962] https://www.santiagoenlinea.cl/2-1-1-4patente-de-alcohol/
2026-09-12 13:14:37,023 - INFO -    -> trafilatura (4180 chars)
2026-09-12 13:14:39,380 - INFO - [475/1962] https://www.ciperchile.cl/2014/02/24/el-asesor-del-minvu-que-instalo-%E2%80%9Cle
2026-09-12 13:14:41,091 - INFO -    -> trafilatura (26738 chars)
2026-09-12 13:14:42,989 - INFO - [476/1962] https://www.df.cl/empresas/infraestructura-inmobiliaria/a-dos-anos-de-aprobada-l
2026-09-12 13:14:44,143 - INFO -    -> trafilatura (2805 chars)
2026-09-12 13:14:45,733 - INFO - [477/1962] https://derecho-chile.cl/cs-ordena-pagar-indemnizacion-200-000-000-por-concepto-
2026-09-12 13:14:48,416 - INFO -    -> trafilatura (33059 chars)
2026-09-12 13:14:51,226 - INFO - [478/1962] https://www.subdere.gov.cl/sites/default/files/documentos/ley_19175_actualizada_
2026-09-12 13:14:51,994 - ERROR - parsed tree length: 1, wrong data type or not valid HTML
2026-09-12 13:14:51,994 - ERROR - empty HTML tree: None
2026-09-12 13:14:51,994 - WARNING - discarding data: None
2026-09-12 13:14:52,025 - ERROR - parsed tree length: 1, wrong data type or not valid HTML
2026-09-12 13:14:52,031 - WARNING - Some characters could not be decoded, and were replaced with REPLACEMENT CHARACTER.
2026-09-12 13:14:52,076 - INFO -    -> insuficiente (0 chars)
2026-09-12 13:14:54,568 - INFO - [479/1962] https://www.facebook.com/DiarioLibre/posts/construcci%C3%B3n-que-sufri%C3%B3-der
2026-09-12 13:14:55,090 - INFO -    -> http_error_400 (0 chars)
2026-09-12 13:14:56,727 - INFO - [480/1962] https://www.facebook.com/TelenocheUY/posts/el-sindicato-lleva-adelante-una-serie
2026-09-12 13:14:57,125 - INFO -    -> http_error_400 (0 chars)
2026-09-12 13:14:59,559 - INFO - [481/1962] https://www.elmostrador.cl/noticias/pais/2017/04/15/alberto-texido-sobre-los-gue
2026-09-12 13:15:00,280 - INFO -    -> trafilatura (6117 chars)
2026-09-12 13:15:03,132 - INFO - [482/1962] https://www.facebook.com/djmpropiedades/?locale=es_LA
2026-09-12 13:15:03,525 - INFO -    -> http_error_400 (0 chars)
2026-09-12 13:15:05,172 - INFO - [483/1962] https://www.ciperchile.cl/2017/07/26/inmobiliarias-capturan-la-mayor-plusvalia-q
2026-09-12 13:15:05,950 - INFO -    -> trafilatura (16910 chars)
2026-09-12 13:15:08,852 - INFO - [484/1962] https://adi-ag.cl/nuestra-vision/
2026-09-12 13:15:10,158 - INFO -    -> trafilatura (9719 chars)
2026-09-12 13:15:12,934 - INFO - [485/1962] https://www.facebook.com/ProfitRent/
2026-09-12 13:15:13,235 - INFO -    -> http_error_400 (0 chars)
2026-09-12 13:15:15,084 - INFO - [486/1962] https://www.elperiodista.cl/2017/07/alexis-sanchez-y-el-buen-vivir/
2026-09-12 13:15:16,946 - INFO -    -> trafilatura (3731 chars)
2026-09-12 13:15:19,271 - INFO - [487/1962] https://www.theclinic.cl/2016/01/13/alejandro-aravena-ganador-del-premio-pritzke
2026-09-12 13:15:21,110 - INFO -    -> trafilatura (12197 chars)
2026-09-12 13:15:22,971 - INFO - [488/1962] https://www.facebook.com/InmobiliariaimaginaCL/posts/concepto-magic-es-un-nuevo-
2026-09-12 13:15:23,351 - INFO -    -> http_error_400 (0 chars)
2026-09-12 13:15:26,342 - INFO - [489/1962] https://www.facebook.com/24horas.cl/videos/descontrol-de-guetos-verticales/10156
2026-09-12 13:15:27,402 - WARNING - discarding data: None
2026-09-12 13:15:28,076 - INFO -    -> insuficiente (0 chars)
2026-09-12 13:15:29,948 - INFO - [490/1962] https://www.elmostrador.cl/noticias/opinion/columnas/2019/08/23/la-segregacion-s
2026-09-12 13:15:31,021 - INFO -    -> trafilatura (5819 chars)
2026-09-12 13:15:33,002 - INFO - [491/1962] https://www.instagram.com/p/CHB3ASzntFq/
2026-09-12 13:15:34,367 - WARNING - discarding data: None
2026-09-12 13:15:35,418 - INFO -    -> insuficiente (0 chars)
2026-09-12 13:15:38,335 - INFO - [492/1962] https://www.facebook.com/PeriodicoElCiudadano/posts/el-actual-alcalde-de-estaci%
2026-09-12 13:15:38,686 - INFO -    -> http_error_400 (0 chars)
2026-09-12 13:15:40,353 - INFO - [493/1962] https://uchile.cl/noticias/162736/vivir-y-habitar-en-cuarentena
2026-09-12 13:15:41,758 - INFO -    -> trafilatura (9055 chars)
2026-09-12 13:15:44,012 - INFO - [494/1962] https://www.ciperchile.cl/2019/07/12/viviendas-a-precios-demenciales-causas-y-re
2026-09-12 13:15:45,862 - INFO -    -> trafilatura (17745 chars)
2026-09-12 13:15:48,485 - INFO - [495/1962] https://x.com/felirarrazaval
2026-09-12 13:15:52,174 - INFO -    -> trafilatura (350 chars)
2026-09-12 13:15:54,468 - INFO - [496/1962] https://www.latercera.com/pulso/noticia/cchc-cambio-criterio-contraloria-todas-e
2026-09-12 13:15:57,142 - INFO -    -> trafilatura (11696 chars)
2026-09-12 13:15:59,963 - INFO - [497/1962] https://laventanaciudadana.cl/se-trata-solo-de-un-problema-economico/
2026-09-12 13:16:01,362 - INFO -    -> trafilatura (6691 chars)
2026-09-12 13:16:04,260 - INFO - [498/1962] https://www.facebook.com/InterferenciaChile/posts/entrevista-a-rodrigo-vald%C3%A
2026-09-12 13:16:04,516 - INFO -    -> http_error_400 (0 chars)
2026-09-12 13:16:07,264 - INFO - [499/1962] https://www.elciudadano.com/reportaje-investigacion/estacion-central-administrac
2026-09-12 13:16:09,768 - INFO -    -> trafilatura (15514 chars)
2026-09-12 13:16:11,814 - INFO - [500/1962] https://www.elmostrador.cl/noticias/2023/05/06/los-vinculos-del-candidato-delgad
2026-09-12 13:16:13,360 - INFO -    -> trafilatura (11943 chars)
2026-09-12 13:16:15,177 - INFO - [501/1962] https://www.latercera.com/la-tercera-pm/noticia/batalla-por-cuestionado-proyecto
2026-09-12 13:16:16,746 - INFO -    -> trafilatura (8308 chars)
2026-09-12 13:16:19,237 - INFO - [502/1962] https://interferencia.cl/articulos/el-intenso-lobby-del-cunado-de-torrealba-por-
2026-09-12 13:16:21,171 - INFO -    -> trafilatura (8053 chars)
2026-09-12 13:16:22,917 - INFO - [503/1962] https://www.instagram.com/p/CNH2sgNHX_H/
2026-09-12 13:16:23,314 - WARNING - discarding data: None
2026-09-12 13:16:24,591 - INFO -    -> insuficiente (0 chars)
2026-09-12 13:16:26,861 - INFO - [504/1962] https://www.fraccional.cl/blog/posts/la-forma-sigue-las-finanzas
2026-09-12 13:16:28,173 - INFO -    -> trafilatura (4731 chars)
2026-09-12 13:16:30,183 - INFO - [505/1962] https://www.fraccional.cl/blog/posts/la-verdad-detras-de-los-mega-edificios-de-e
2026-09-12 13:16:30,513 - INFO -    -> trafilatura (11145 chars)
2026-09-12 13:16:32,467 - INFO - [506/1962] https://www.instagram.com/reel/DXakt0lCirV/
2026-09-12 13:16:32,836 - WARNING - discarding data: None
2026-09-12 13:16:34,101 - INFO -    -> insuficiente (0 chars)
2026-09-12 13:16:36,431 - INFO - [507/1962] https://x.com/ciper/status/1936406966739648809
2026-09-12 13:16:37,709 - INFO -    -> trafilatura (1002 chars)
2026-09-12 13:16:39,351 - INFO - [508/1962] https://www.researchgate.net/figure/Figura-3-Guetos-verticales-en-Estacion-Centr
2026-09-12 13:16:40,196 - INFO -    -> http_error_403 (0 chars)
2026-09-12 13:16:42,279 - INFO - [509/1962] https://www.theclinic.cl/2026/08/21/el-polemico-decreto-del-minvu-que-podria-tri
2026-09-12 13:16:44,592 - INFO -    -> trafilatura (7675 chars)
2026-09-12 13:16:47,562 - INFO - [510/1962] https://www.instagram.com/p/DcBfLJujv_Z/
2026-09-12 13:16:47,911 - WARNING - discarding data: None
2026-09-12 13:16:49,190 - INFO -    -> insuficiente (0 chars)
2026-09-12 13:16:51,809 - INFO - [511/1962] https://www.instagram.com/reel/DXrxkafkYRE/
2026-09-12 13:16:52,152 - WARNING - discarding data: None
2026-09-12 13:16:53,117 - INFO -    -> insuficiente (0 chars)
2026-09-12 13:16:55,812 - INFO - [512/1962] https://www.facebook.com/delosquesobran/videos/-joel-olmos-alcalde-de-la-cistern
2026-09-12 13:16:57,108 - WARNING - discarding data: None
2026-09-12 13:16:58,042 - INFO -    -> insuficiente (0 chars)
2026-09-12 13:17:00,115 - INFO - [513/1962] https://www.instagram.com/reel/DBeAPbcP0mD/
2026-09-12 13:17:00,518 - WARNING - discarding data: None
2026-09-12 13:17:01,975 - INFO -    -> insuficiente (0 chars)
2026-09-12 13:17:04,381 - INFO - [514/1962] https://www.emol.com/noticias/Economia/2023/08/21/1104744/grupo-pg-portezuelo-vi
2026-09-12 13:17:05,814 - INFO -    -> trafilatura (1782 chars)
2026-09-12 13:17:07,927 - INFO - [515/1962] https://www.df.cl/empresas/retail/cencosud-suspende-tramitacion-ambiental-de-mal
2026-09-12 13:17:09,381 - INFO -    -> trafilatura (1632 chars)
2026-09-12 13:17:11,006 - INFO - [516/1962] https://www.facebook.com/MUZOSARE/posts/proyecto-maratueen-quirilluca-y-los-conf
2026-09-12 13:17:11,430 - INFO -    -> http_error_400 (0 chars)
2026-09-12 13:17:14,290 - INFO - [517/1962] https://interferencia.cl/personas/andronico-luksic-craig
2026-09-12 13:17:14,658 - INFO -    -> trafilatura (3367 chars)
2026-09-12 13:17:17,030 - INFO - [518/1962] https://www.df.cl/empresas/construccion/fundamenta-reinicia-obras-de-megaproyect
2026-09-12 13:17:17,411 - INFO -    -> trafilatura (1691 chars)
2026-09-12 13:17:20,226 - INFO - [519/1962] https://www.facebook.com/CerroNaviaCL/posts/sab%C3%ADasen-su-primera-etapa-cuya-
2026-09-12 13:17:20,519 - INFO -    -> http_error_400 (0 chars)
2026-09-12 13:17:22,326 - INFO - [520/1962] https://www.latercera.com/pulso/noticia/senerman-la-historia-de-una-crisis/2OZ4A
2026-09-12 13:17:23,824 - INFO -    -> trafilatura (11926 chars)
2026-09-12 13:17:26,134 - INFO - [521/1962] https://www.instagram.com/p/COWpdGQj2TF/
2026-09-12 13:17:26,504 - WARNING - discarding data: None
2026-09-12 13:17:27,417 - INFO -    -> insuficiente (0 chars)
2026-09-12 13:17:29,535 - INFO - [522/1962] https://www.cntv.cl/wp-content/uploads/2022/01/Informe-de-Cumplimiento-Norma-Cul
2026-09-12 13:17:31,960 - ERROR - parsed tree length: 1, wrong data type or not valid HTML
2026-09-12 13:17:31,961 - ERROR - empty HTML tree: None
2026-09-12 13:17:31,961 - WARNING - discarding data: None
2026-09-12 13:17:32,194 - ERROR - parsed tree length: 1, wrong data type or not valid HTML
2026-09-12 13:17:32,321 - WARNING - Some characters could not be decoded, and were replaced with REPLACEMENT CHARACTER.
2026-09-12 13:17:33,038 - INFO -    -> insuficiente (0 chars)
2026-09-12 13:17:35,603 - INFO - [523/1962] https://www.facebook.com/canaloncepuntadeleste/posts/sergio-muniz-informe-gerard
2026-09-12 13:17:35,934 - INFO -    -> http_error_400 (0 chars)
2026-09-12 13:17:37,611 - INFO - [524/1962] https://www.facebook.com/groups/boricpresidentedetodos/posts/1689002576140305/
2026-09-12 13:17:37,888 - INFO -    -> http_error_400 (0 chars)
2026-09-12 13:17:40,541 - INFO - [525/1962] https://www.ex-ante.cl/economia/los-contratos-por-trato-directo-del-alcalde-voda
2026-09-12 13:17:44,535 - INFO -    -> trafilatura (6584 chars)
2026-09-12 13:17:46,442 - INFO - [526/1962] https://www.instagram.com/reel/DX9mZMJRiaC/
2026-09-12 13:17:46,763 - WARNING - discarding data: None
2026-09-12 13:17:47,734 - INFO -    -> insuficiente (0 chars)
2026-09-12 13:17:50,134 - INFO - [527/1962] https://www.instagram.com/p/DRUUMMWjool/
2026-09-12 13:17:50,654 - WARNING - discarding data: None
2026-09-12 13:17:51,586 - INFO -    -> insuficiente (0 chars)
2026-09-12 13:17:54,094 - INFO - [528/1962] https://www.facebook.com/saladeprensacl/posts/sea-aprueba-construcci%C3%B3n-de-1
2026-09-12 13:17:54,399 - INFO -    -> http_error_400 (0 chars)
2026-09-12 13:17:55,998 - INFO - [529/1962] https://www.tiktok.com/@panamericanatelevision/video/7471075439973256454
2026-09-12 13:18:07,751 - WARNING - discarding data: None
2026-09-12 13:18:08,989 - INFO -    -> insuficiente (0 chars)
2026-09-12 13:18:11,011 - INFO - [530/1962] https://www.df.cl/empresas/construccion/hermanos-galmez-activan-uno-de-los-mayor
2026-09-12 13:18:11,478 - INFO -    -> trafilatura (4579 chars)
2026-09-12 13:18:14,412 - INFO - [531/1962] https://www.latercera.com/pulso/noticia/jorge-labra-y-el-renacimiento-de-ciudad-
2026-09-12 13:18:15,920 - INFO -    -> trafilatura (7420 chars)
2026-09-12 13:18:18,842 - INFO - [532/1962] https://revista180.udp.cl/index.php/revista180/article/view/283/311
2026-09-12 13:18:20,480 - WARNING - discarding data: None
2026-09-12 13:18:20,508 - INFO -    -> insuficiente (199 chars)
2026-09-12 13:18:22,487 - INFO - [533/1962] https://www.biobiochile.cl/noticias/artes-y-cultura/blogs-arte-cultura/2017/10/1
2026-09-12 13:18:23,510 - INFO -    -> trafilatura (5421 chars)
2026-09-12 13:18:25,289 - INFO - [534/1962] http://www.economiaynegocios.cl/noticias/noticias.asp?id=141549
2026-09-12 13:18:26,693 - INFO -    -> trafilatura (3329 chars)
2026-09-12 13:18:29,207 - INFO - [535/1962] https://www.scielo.cl/scielo.php?script=sci_arttext&pid=S0718-83582017000200127
2026-09-12 13:18:34,946 - INFO -    -> http_error_503 (0 chars)
2026-09-12 13:18:37,096 - INFO - [536/1962] https://designlatinamerica.wordpress.com/wp-content/uploads/2016/08/trabajo-fina
2026-09-12 13:18:38,362 - ERROR - parsed tree length: 1, wrong data type or not valid HTML
2026-09-12 13:18:38,363 - ERROR - empty HTML tree: None
2026-09-12 13:18:38,364 - WARNING - discarding data: None
2026-09-12 13:18:38,542 - ERROR - parsed tree length: 1, wrong data type or not valid HTML
2026-09-12 13:18:38,621 - WARNING - Some characters could not be decoded, and were replaced with REPLACEMENT CHARACTER.
2026-09-12 13:18:38,941 - INFO -    -> insuficiente (0 chars)
2026-09-12 13:18:41,453 - INFO - [537/1962] https://www.reddit.com/r/chile/comments/71cv9s/%C3%ADndice_de_desarrollo_humano_
2026-09-12 13:18:42,113 - WARNING - discarding data: None
2026-09-12 13:18:42,134 - INFO -    -> insuficiente (0 chars)
2026-09-12 13:18:44,742 - INFO - [538/1962] https://repositorio.cepal.org/server/api/core/bitstreams/4045553b-f9d6-4f29-886b
2026-09-12 13:18:46,478 - ERROR - parsed tree length: 1, wrong data type or not valid HTML
2026-09-12 13:18:46,484 - ERROR - empty HTML tree: None
2026-09-12 13:18:46,484 - WARNING - discarding data: None
2026-09-12 13:18:47,233 - ERROR - parsed tree length: 1, wrong data type or not valid HTML
2026-09-12 13:18:47,570 - WARNING - Some characters could not be decoded, and were replaced with REPLACEMENT CHARACTER.
2026-09-12 13:18:55,035 - INFO -    -> insuficiente (0 chars)
2026-09-12 13:18:57,791 - INFO - [539/1962] https://www.scielo.cl/scielo.php?pid=S0718-83582019000300157&script=sci_arttext
2026-09-12 13:19:17,802 - WARNING - Error extrayendo https://www.scielo.cl/scielo.php?pid=S0718-83582019000300157&script=sc: HTTPSConnectionPool(host='www.scielo.cl', port=443): Read timed out. (read timeout=20)
2026-09-12 13:19:17,812 - INFO -    -> error (0 chars)
2026-09-12 13:19:20,139 - INFO - [540/1962] https://www.latercera.com/opinion/noticia/viviendas-sociales-vitacura-ganan-los-
2026-09-12 13:19:21,534 - INFO -    -> trafilatura (7823 chars)
2026-09-12 13:19:23,296 - INFO - [541/1962] https://www.facebook.com/fundacionsolchile/posts/aislamiento-social-y-desigualda
2026-09-12 13:19:24,218 - INFO -    -> http_error_400 (0 chars)
2026-09-12 13:19:26,016 - INFO - [542/1962] https://www.instagram.com/p/BkLy6yZlqBG/
2026-09-12 13:19:27,079 - WARNING - discarding data: None
2026-09-12 13:19:28,021 - INFO -    -> insuficiente (0 chars)
2026-09-12 13:19:29,760 - INFO - [543/1962] https://www.lemondediplomatique.cl/si-a-las-viviendas-sociales-en-las-condes-per
2026-09-12 13:19:31,158 - INFO -    -> trafilatura (11492 chars)
2026-09-12 13:19:32,893 - INFO - [544/1962] https://www.elmostrador.cl/noticias/opinion/2020/10/05/la-pasion-por-destruir-el
2026-09-12 13:19:33,690 - INFO -    -> trafilatura (6581 chars)
2026-09-12 13:19:36,193 - INFO - [545/1962] https://revistainvi.uchile.cl/index.php/INVI/article/view/63210/70423
2026-09-12 13:19:38,175 - WARNING - discarding data: None
2026-09-12 13:19:38,230 - INFO -    -> beautifulsoup (909 chars)
2026-09-12 13:19:40,852 - INFO - [546/1962] https://revistas.academia.cl/index.php/esp/article/download/868/868
2026-09-12 13:19:41,805 - ERROR - parsed tree length: 1, wrong data type or not valid HTML
2026-09-12 13:19:41,805 - ERROR - empty HTML tree: None
2026-09-12 13:19:41,805 - WARNING - discarding data: None
2026-09-12 13:19:41,936 - ERROR - parsed tree length: 1, wrong data type or not valid HTML
2026-09-12 13:19:42,007 - WARNING - Some characters could not be decoded, and were replaced with REPLACEMENT CHARACTER.
2026-09-12 13:19:42,273 - INFO -    -> insuficiente (0 chars)
2026-09-12 13:19:44,655 - INFO - [547/1962] https://www.elciudadano.com/academia-ciudadana/la-revolucion-urbanistica-imposte
2026-09-12 13:19:45,759 - INFO -    -> trafilatura (21833 chars)
2026-09-12 13:19:47,318 - INFO - [548/1962] https://www.biobiochile.cl/noticias/nacional/region-metropolitana/2018/08/31/que
2026-09-12 13:19:48,252 - INFO -    -> trafilatura (10397 chars)
2026-09-12 13:19:50,028 - INFO - [549/1962] https://www.reddit.com/r/chile/comments/1fnx83i/existe_la_gentrificaci%C3%B3n_en
2026-09-12 13:19:50,720 - WARNING - discarding data: None
2026-09-12 13:19:50,749 - INFO -    -> insuficiente (0 chars)
2026-09-12 13:19:52,565 - INFO - [550/1962] https://www.facebook.com/diarioconcepcion/posts/expertos-advierten-procesos-de-g
2026-09-12 13:19:52,819 - INFO -    -> http_error_400 (0 chars)
2026-09-12 13:19:54,337 - INFO - [551/1962] https://www.instagram.com/p/DHRFPRHOV46/
2026-09-12 13:19:54,622 - WARNING - discarding data: None
2026-09-12 13:19:55,373 - INFO -    -> insuficiente (0 chars)
2026-09-12 13:19:58,188 - INFO - [552/1962] https://www.uai.cl/columnas/artesliberales/valparaiso-entre-el-ecocidio-urbano-y
2026-09-12 13:19:59,970 - INFO -    -> trafilatura (473 chars)
2026-09-12 13:20:01,850 - INFO - [553/1962] https://www.instagram.com/reel/DX9a9xND10d/
2026-09-12 13:20:02,231 - WARNING - discarding data: None
2026-09-12 13:20:03,017 - INFO -    -> insuficiente (0 chars)
2026-09-12 13:20:05,175 - INFO - [554/1962] https://www.instagram.com/reel/DaJJiSOI6xi/
2026-09-12 13:20:05,495 - WARNING - discarding data: None
2026-09-12 13:20:06,267 - INFO -    -> insuficiente (0 chars)
2026-09-12 13:20:07,804 - INFO - [555/1962] https://www.facebook.com/prensavivax/posts/resumenvitacura-inicia-la-modificaci%
2026-09-12 13:20:08,203 - INFO -    -> http_error_400 (0 chars)
2026-09-12 13:20:10,107 - INFO - [556/1962] https://blog.portalpm.cl/tendencias-del-mercado/los-barrios-emergentes-que-estan
2026-09-12 13:20:12,820 - INFO -    -> trafilatura (8112 chars)
2026-09-12 13:20:15,724 - INFO - [557/1962] https://divergentepropiedades.cl/vivir-en-una-comuna-elegida
2026-09-12 13:20:17,649 - INFO -    -> trafilatura (1552 chars)
2026-09-12 13:20:19,185 - INFO - [558/1962] https://fundacionsol.cl/cl_luzit_herramientas/static/adjuntos/7638/CARTILLA%205.
2026-09-12 13:20:36,407 - ERROR - parsed tree length: 1, wrong data type or not valid HTML
2026-09-12 13:20:36,408 - ERROR - empty HTML tree: None
2026-09-12 13:20:36,408 - WARNING - discarding data: None
2026-09-12 13:20:36,827 - ERROR - parsed tree length: 1, wrong data type or not valid HTML
2026-09-12 13:20:37,007 - WARNING - Some characters could not be decoded, and were replaced with REPLACEMENT CHARACTER.
2026-09-12 13:20:38,305 - INFO -    -> insuficiente (0 chars)
2026-09-12 13:20:41,230 - INFO - [559/1962] https://vitacura.cl/vecinos/atencion-al-vecino/
2026-09-12 13:20:46,147 - INFO -    -> trafilatura (1308 chars)
2026-09-12 13:20:47,982 - INFO - [560/1962] https://vitacuracultura.cl/vida-social/vitavecino-expuso-los-trabajos-de-las-org
2026-09-12 13:20:50,670 - INFO -    -> trafilatura (347 chars)
2026-09-12 13:20:52,599 - INFO - [561/1962] https://www.tanicainmobiliaria.com/
2026-09-12 13:20:55,700 - INFO -    -> beautifulsoup (614 chars)
2026-09-12 13:20:58,071 - INFO - [562/1962] https://pradoverde.cl/
2026-09-12 13:21:01,806 - INFO -    -> trafilatura (2685 chars)
2026-09-12 13:21:03,665 - INFO - [563/1962] https://www.facebook.com/vitacura/posts/vecinos-tenemos-una-gran-noticia-ayer-se
2026-09-12 13:21:04,109 - INFO -    -> http_error_400 (0 chars)
2026-09-12 13:21:06,168 - INFO - [564/1962] https://www.instagram.com/edificioalonso/
2026-09-12 13:21:06,470 - WARNING - discarding data: None
2026-09-12 13:21:07,478 - INFO -    -> insuficiente (0 chars)
2026-09-12 13:21:09,891 - INFO - [565/1962] https://www.bcn.cl/leychile/navegar?idNorma=1126441
2026-09-12 13:21:10,719 - WARNING - discarding data: None
2026-09-12 13:21:10,774 - INFO -    -> insuficiente (189 chars)
2026-09-12 13:21:13,023 - INFO - [566/1962] https://deisaplus.cl/ciudad_av
2026-09-12 13:21:15,368 - INFO -    -> trafilatura (3833 chars)
2026-09-12 13:21:17,769 - INFO - [567/1962] https://vitacura.cl/municipalidad/planificacion-urbana/visor-interactivo-prcv/
2026-09-12 13:21:18,793 - INFO -    -> trafilatura (562 chars)
2026-09-12 13:21:20,404 - INFO - [568/1962] https://www.mpc.cl/proyecto/edificio-las-nieves-3631
2026-09-12 13:21:22,164 - INFO -    -> trafilatura (715 chars)
2026-09-12 13:21:25,157 - INFO - [569/1962] https://vitacuracultura.cl/noticia/me-presta-su-obra-exposicion-coleccion-vecina
2026-09-12 13:21:26,481 - INFO -    -> trafilatura (438 chars)
2026-09-12 13:21:28,896 - INFO - [570/1962] https://bancoestado.enlaceinmobiliario.cl/listado/region-metropolitana/vitacura
2026-09-12 13:21:29,662 - INFO -    -> http_error_403 (0 chars)
2026-09-12 13:21:31,892 - INFO - [571/1962] https://www.puertoarquitectura.cl/camoens
2026-09-12 13:21:33,104 - INFO -    -> beautifulsoup (356 chars)
2026-09-12 13:21:34,906 - INFO - [572/1962] https://pradoverde.cl/proyectos-en-venta/
2026-09-12 13:21:37,634 - INFO -    -> trafilatura (1741 chars)
2026-09-12 13:21:39,419 - INFO - [573/1962] https://www.facebook.com/groups/asieralascondes/posts/725865131749193/
2026-09-12 13:21:39,649 - INFO -    -> http_error_400 (0 chars)
2026-09-12 13:21:42,297 - INFO - [574/1962] https://www.instagram.com/edificioatempora/
2026-09-12 13:21:42,702 - WARNING - discarding data: None
2026-09-12 13:21:43,557 - INFO -    -> insuficiente (0 chars)
2026-09-12 13:21:45,918 - INFO - [575/1962] https://www.scielo.cl/scielo.php?script=sci_arttext&pid=S0250-71612016000100004
2026-09-12 13:22:17,540 - WARNING - Error extrayendo https://www.scielo.cl/scielo.php?script=sci_arttext&pid=S0250-71612016: HTTPSConnectionPool(host='www.scielo.cl', port=443): Read timed out. (read timeout=20)
2026-09-12 13:22:17,728 - INFO -    -> error (0 chars)
2026-09-12 13:22:19,873 - INFO - [576/1962] https://www.facebook.com/groups/constituyente/posts/835145569956865/
2026-09-12 13:22:20,430 - INFO -    -> http_error_400 (0 chars)
2026-09-12 13:22:22,335 - INFO - [577/1962] https://www.cepal.org/es/publicaciones/40668-la-matriz-la-desigualdad-social-ame
2026-09-12 13:22:41,735 - INFO -    -> trafilatura (2923 chars)
2026-09-12 13:22:43,693 - INFO - [578/1962] https://minmujeryeg.gob.cl/?page_id=4023
2026-09-12 13:23:03,827 - WARNING - Error extrayendo https://minmujeryeg.gob.cl/?page_id=4023: HTTPSConnectionPool(host='minmujeryeg.gob.cl', port=443): Max retries exceeded with url: /?page_id=4023 (Caused by ConnectTimeoutError(<HTTPSConnection(host='minmujeryeg.gob.cl', port=443) at 0x2cc639b4410>, 'Connection to minmujeryeg.gob.cl timed out. (connect timeout=20)'))
2026-09-12 13:23:04,119 - INFO -    -> error (0 chars)
2026-09-12 13:23:05,893 - INFO - [579/1962] https://www.munistgo.cl/tag/barrios/page/3/
2026-09-12 13:23:17,703 - WARNING - discarding data: None
2026-09-12 13:23:23,922 - INFO -    -> beautifulsoup (87899 chars)
2026-09-12 13:23:26,562 - INFO - [580/1962] https://www.mpc.cl/uploads/media/documents/0001/01/778c846ef0e6e6f59637c30ed9219
2026-09-12 13:23:32,038 - ERROR - parsed tree length: 1, wrong data type or not valid HTML
2026-09-12 13:23:32,046 - ERROR - empty HTML tree: None
2026-09-12 13:23:32,046 - WARNING - discarding data: None
2026-09-12 13:23:34,122 - ERROR - parsed tree length: 1, wrong data type or not valid HTML
2026-09-12 13:23:34,755 - WARNING - Some characters could not be decoded, and were replaced with REPLACEMENT CHARACTER.
2026-09-12 13:23:39,156 - INFO -    -> insuficiente (0 chars)
2026-09-12 13:23:41,291 - INFO - [581/1962] https://www.minsal.cl/wp-content/uploads/2015/09/2018.05.02_Modelo-de-Gesti%C3%B
2026-09-12 13:23:43,134 - WARNING - wrong encoding detected: cp1250
2026-09-12 13:23:43,138 - WARNING - wrong encoding detected: cp1257
2026-09-12 13:23:43,141 - WARNING - wrong encoding detected: cp1258
2026-09-12 13:23:43,895 - WARNING - wrong encoding detected: cp1250
2026-09-12 13:23:43,899 - WARNING - wrong encoding detected: cp1257
2026-09-12 13:23:43,902 - WARNING - wrong encoding detected: cp1258
2026-09-12 13:23:44,431 - INFO -    -> trafilatura (83696 chars)
2026-09-12 13:23:46,785 - INFO - [582/1962] https://www.biobiochile.cl/noticias/nacional/region-metropolitana/2018/07/04/ter
2026-09-12 13:23:48,133 - INFO -    -> trafilatura (2534 chars)
2026-09-12 13:23:50,338 - INFO - [583/1962] https://www.facebook.com/MinvuChile/posts/m%C3%A1s-viviendas-sociales-para-lo-ba
2026-09-12 13:23:51,541 - INFO -    -> http_error_400 (0 chars)
2026-09-12 13:23:54,011 - INFO - [584/1962] https://www.facebook.com/MinvuChile/videos/m%C3%A1s-integraci%C3%B3n-social-para
2026-09-12 13:23:54,946 - WARNING - discarding data: None
2026-09-12 13:23:55,742 - INFO -    -> insuficiente (0 chars)
2026-09-12 13:23:58,339 - INFO - [585/1962] https://www.emol.com/noticias/Nacional/2018/11/19/927628/Ante-anuncio-de-21-mil-
2026-09-12 13:23:59,259 - INFO -    -> trafilatura (6464 chars)
2026-09-12 13:24:01,565 - INFO - [586/1962] https://cndt.cl/wp-content/uploads/2024/03/Agenda-social-urbana-CNDU-2020-1_comp
2026-09-12 13:24:03,369 - ERROR - parsed tree length: 1, wrong data type or not valid HTML
2026-09-12 13:24:03,370 - ERROR - empty HTML tree: None
2026-09-12 13:24:03,370 - WARNING - discarding data: None
2026-09-12 13:24:03,506 - ERROR - parsed tree length: 1, wrong data type or not valid HTML
2026-09-12 13:24:03,624 - WARNING - Some characters could not be decoded, and were replaced with REPLACEMENT CHARACTER.
2026-09-12 13:24:03,834 - INFO -    -> insuficiente (0 chars)
2026-09-12 13:24:06,660 - INFO - [587/1962] https://estudiosurbanos.uc.cl/wp-content/uploads/2019/01/TESIS-UEG.pdf
2026-09-12 13:24:15,086 - ERROR - parsed tree length: 1, wrong data type or not valid HTML
2026-09-12 13:24:15,087 - ERROR - empty HTML tree: None
2026-09-12 13:24:15,087 - WARNING - discarding data: None
2026-09-12 13:24:15,412 - ERROR - parsed tree length: 1, wrong data type or not valid HTML
2026-09-12 13:24:15,542 - WARNING - Some characters could not be decoded, and were replaced with REPLACEMENT CHARACTER.
2026-09-12 13:24:16,139 - INFO -    -> insuficiente (0 chars)
2026-09-12 13:24:18,125 - INFO - [588/1962] https://www.facebook.com/24horas.cl/posts/-chile-vive-crisis-de-vivienda-te-cont
2026-09-12 13:24:18,370 - INFO -    -> http_error_400 (0 chars)
2026-09-12 13:24:20,605 - INFO - [589/1962] https://www.facebook.com/elmostrador/posts/-el-ministro-iv%C3%A1n-poduje-confirm
2026-09-12 13:24:21,169 - INFO -    -> http_error_400 (0 chars)
2026-09-12 13:24:23,208 - INFO - [590/1962] https://www.facebook.com/MinvuChile/posts/se-acuerdan-de-este-lugar-en-conchal%C
2026-09-12 13:24:23,506 - INFO -    -> http_error_400 (0 chars)
2026-09-12 13:24:25,627 - INFO - [591/1962] https://www.facebook.com/eldiarioregionalchile/videos/la-gente-de-lo-barnechea-n
2026-09-12 13:24:26,299 - WARNING - discarding data: None
2026-09-12 13:24:26,926 - INFO -    -> insuficiente (0 chars)
2026-09-12 13:24:28,686 - INFO - [592/1962] https://www.facebook.com/concierto88.5/posts/crist%C3%B3bal-tello-analiz%C3%B3-l
2026-09-12 13:24:29,083 - INFO -    -> http_error_400 (0 chars)
2026-09-12 13:24:31,488 - INFO - [593/1962] https://www.facebook.com/CONAF/posts/penco-este-mediod%C3%ADa-el-ministro-de-viv
2026-09-12 13:24:31,808 - INFO -    -> http_error_400 (0 chars)
2026-09-12 13:24:34,772 - INFO - [594/1962] https://www.instagram.com/p/DXhg5RQEZma/?img_index=5
2026-09-12 13:24:35,724 - WARNING - discarding data: None
2026-09-12 13:24:36,533 - INFO -    -> insuficiente (0 chars)
2026-09-12 13:24:38,824 - INFO - [595/1962] https://posgrados.udp.cl/programas/curso-vivienda-desde-el-usuario-metodologias-
2026-09-12 13:24:40,260 - INFO -    -> trafilatura (4041 chars)
2026-09-12 13:24:42,402 - INFO - [596/1962] https://www.facebook.com/meganoticiascl/posts/-el-ministro-de-vivienda-iv%C3%A1n
2026-09-12 13:24:42,633 - INFO -    -> http_error_400 (0 chars)
2026-09-12 13:24:45,105 - INFO - [597/1962] http://www.menayovalle.cl/portfolio/edificio-inacap-vitacura/
2026-09-12 13:24:45,678 - WARNING - discarding data: None
2026-09-12 13:24:45,718 - INFO -    -> beautifulsoup (438 chars)
2026-09-12 13:24:47,866 - INFO - [598/1962] https://vitacuracultura.cl/evento/vitacura-arte-teatro-municipal/
2026-09-12 13:24:49,431 - INFO -    -> trafilatura (564 chars)
2026-09-12 13:24:52,002 - INFO - [599/1962] https://www.deisa.cl/
2026-09-12 13:24:53,829 - INFO -    -> trafilatura (983 chars)
2026-09-12 13:24:56,645 - INFO - [600/1962] https://inspira.cl/
2026-09-12 13:24:59,317 - INFO -    -> trafilatura (540 chars)
2026-09-12 13:25:00,862 - INFO - [601/1962] https://www.facebook.com/vitacura/posts/-actualizaci%C3%B3n-queridos-vecinos-est
2026-09-12 13:25:01,151 - INFO -    -> http_error_400 (0 chars)
2026-09-12 13:25:04,042 - INFO - [602/1962] https://cidepa.cl/
2026-09-12 13:25:07,667 - INFO -    -> trafilatura (2145 chars)
2026-09-12 13:25:09,623 - INFO - [603/1962] https://ialmahue.com/
2026-09-12 13:25:11,148 - INFO -    -> http_error_403 (0 chars)
2026-09-12 13:25:13,099 - INFO - [604/1962] https://www.youtube.com/watch?v=pMzppZL_poY
2026-09-12 13:25:14,412 - WARNING - discarding data: None
2026-09-12 13:25:14,516 - INFO -    -> beautifulsoup (203 chars)
2026-09-12 13:25:17,276 - INFO - [605/1962] https://www.facebook.com/vitacura/videos/conoce-la-dom-online/2082927368426680/
2026-09-12 13:25:18,945 - WARNING - discarding data: None
2026-09-12 13:25:19,539 - INFO -    -> insuficiente (0 chars)
2026-09-12 13:25:22,511 - INFO - [606/1962] https://vitacuracultura.cl/evento/paisaje/
2026-09-12 13:25:23,760 - INFO -    -> trafilatura (501 chars)
2026-09-12 13:25:26,627 - INFO - [607/1962] https://www.facebook.com/vitacura/posts/descarga-la-app-de-atenci%C3%B3n-al-veci
2026-09-12 13:25:27,029 - INFO -    -> http_error_400 (0 chars)
2026-09-12 13:25:29,818 - INFO - [608/1962] https://www.puertoarquitectura.cl/
2026-09-12 13:25:31,066 - INFO -    -> beautifulsoup (966 chars)
2026-09-12 13:25:32,774 - INFO - [609/1962] https://www.mercadopublico.cl/fichaLicitacion.html?idLicitacion=2667-86-LE19
2026-09-12 13:25:33,399 - WARNING - discarding data: None
2026-09-12 13:25:33,412 - INFO -    -> insuficiente (0 chars)
2026-09-12 13:25:36,105 - INFO - [610/1962] https://ecasa.cl/
2026-09-12 13:25:37,210 - INFO -    -> trafilatura (1113 chars)
2026-09-12 13:25:39,557 - INFO - [611/1962] https://tribunalambiental.cl/sentencia-r-236-2020-proyecto-inmobiliario-conjunto
2026-09-12 13:25:41,432 - INFO -    -> trafilatura (6060 chars)
2026-09-12 13:25:43,548 - INFO - [612/1962] https://inspira.cl/proyectos/edificio-el-nogal-vitacura/
2026-09-12 13:25:46,581 - INFO -    -> trafilatura (1326 chars)
2026-09-12 13:25:48,543 - INFO - [613/1962] https://vitacura.cl/noticias/como-ingresar-un-ticket-une/
2026-09-12 13:25:50,317 - INFO -    -> trafilatura (1177 chars)
2026-09-12 13:25:52,688 - INFO - [614/1962] https://www.latercera.com/pulso-pm/noticia/autoridad-ambiental-recomienda-rechaz
2026-09-12 13:25:54,761 - INFO -    -> trafilatura (5042 chars)
2026-09-12 13:25:57,159 - INFO - [615/1962] https://vitacuracultura.cl/evento/cursos-de-verano-vitaclub-vitacura/
2026-09-12 13:25:58,555 - INFO -    -> beautifulsoup (1765 chars)
2026-09-12 13:26:01,513 - INFO - [616/1962] https://www.df.cl/edificio-de-oficinas-en-venta-y-arriendo-en-el-corazon-de-vita
2026-09-12 13:26:02,358 - INFO -    -> trafilatura (2816 chars)
2026-09-12 13:26:04,098 - INFO - [617/1962] https://une.vitacura.cl/
2026-09-12 13:26:05,855 - WARNING - discarding data: None
2026-09-12 13:26:05,873 - INFO -    -> insuficiente (0 chars)
2026-09-12 13:26:07,910 - INFO - [618/1962] https://www.youtube.com/watch?v=S3XEGPcHVm4
2026-09-12 13:26:09,709 - WARNING - discarding data: None
2026-09-12 13:26:09,809 - INFO -    -> beautifulsoup (203 chars)
2026-09-12 13:26:12,027 - INFO - [619/1962] https://www.youtube.com/watch?v=fDokQTqCTS4
2026-09-12 13:26:13,104 - WARNING - discarding data: None
2026-09-12 13:26:13,212 - INFO -    -> beautifulsoup (203 chars)
2026-09-12 13:26:14,956 - INFO - [620/1962] https://vitacura.cl/noticias/atencion-al-vecino-orientacion-y-apoyo-para-tus-tra
2026-09-12 13:26:16,059 - INFO -    -> trafilatura (2418 chars)
2026-09-12 13:26:18,869 - INFO - [621/1962] https://www.facebook.com/groups/482342275856912/posts/2179840659440390/
2026-09-12 13:26:19,780 - INFO -    -> http_error_400 (0 chars)
2026-09-12 13:26:22,674 - INFO - [622/1962] https://www.instagram.com/reel/DZsYNhGvXl2/
2026-09-12 13:26:23,469 - WARNING - discarding data: None
2026-09-12 13:26:24,304 - INFO -    -> insuficiente (0 chars)
2026-09-12 13:26:27,140 - INFO - [623/1962] https://www.instagram.com/vitacura_/
2026-09-12 13:26:27,535 - WARNING - discarding data: None
2026-09-12 13:26:28,312 - INFO -    -> insuficiente (0 chars)
2026-09-12 13:26:29,890 - INFO - [624/1962] https://lareina.cl/red-salud-vitacura-logo/
2026-09-12 13:26:31,079 - WARNING - discarding data: None
2026-09-12 13:26:31,304 - INFO -    -> insuficiente (184 chars)
2026-09-12 13:26:32,955 - INFO - [625/1962] https://chocale.cl/2024/07/defectos-en-viviendas-nuevas-familias-denuncian-grave
2026-09-12 13:26:33,820 - INFO -    -> trafilatura (4997 chars)
2026-09-12 13:26:35,970 - INFO - [626/1962] https://vitacuracultura.cl/evento/dia-de-la-musica-chilena-2025/
2026-09-12 13:26:37,402 - INFO -    -> trafilatura (1550 chars)
2026-09-12 13:26:40,295 - INFO - [627/1962] https://www.mercadopublico.cl/Procurement/Modules/RFB/DetailsAcquisition.aspx?qs
2026-09-12 13:26:41,890 - INFO -    -> trafilatura (3120 chars)
2026-09-12 13:26:44,476 - INFO - [628/1962] https://www.youtube.com/watch?v=7jKuyGnM8ig
2026-09-12 13:26:45,296 - WARNING - discarding data: None
2026-09-12 13:26:45,374 - INFO -    -> beautifulsoup (203 chars)
2026-09-12 13:26:47,756 - INFO - [629/1962] https://www.mpc.cl/uploads/media/documents/0001/02/8678c4fae5e7e6f2add51eba7081b
2026-09-12 13:26:49,586 - ERROR - parsed tree length: 1, wrong data type or not valid HTML
2026-09-12 13:26:49,587 - ERROR - empty HTML tree: None
2026-09-12 13:26:49,587 - WARNING - discarding data: None
2026-09-12 13:26:50,315 - ERROR - parsed tree length: 1, wrong data type or not valid HTML
2026-09-12 13:26:50,641 - WARNING - Some characters could not be decoded, and were replaced with REPLACEMENT CHARACTER.
2026-09-12 13:26:52,167 - INFO -    -> insuficiente (0 chars)
2026-09-12 13:26:54,069 - INFO - [630/1962] https://www.latercera.com/pulso/hilton-evalua-traer-nuevas-marcas-a-chile-tras-e
2026-09-12 13:26:56,314 - INFO -    -> trafilatura (3361 chars)
2026-09-12 13:26:58,306 - INFO - [631/1962] https://documentos.minvu.cl/regionXIII/seremi/resoluciones_exentas/Documentos/11
2026-09-12 13:27:00,286 - WARNING - wrong encoding detected: cp1250
2026-09-12 13:27:00,287 - WARNING - wrong encoding detected: cp1252
2026-09-12 13:27:00,288 - WARNING - wrong encoding detected: cp1257
2026-09-12 13:27:01,631 - WARNING - wrong encoding detected: cp1250
2026-09-12 13:27:01,633 - WARNING - wrong encoding detected: cp1252
2026-09-12 13:27:01,635 - WARNING - wrong encoding detected: cp1257
2026-09-12 13:27:01,936 - INFO -    -> trafilatura (55482 chars)
2026-09-12 13:27:04,729 - INFO - [632/1962] https://www.df.cl/empresas/infraestructura-inmobiliaria/vivienda-plusvalia-aumen
2026-09-12 13:27:05,751 - INFO -    -> trafilatura (3732 chars)
2026-09-12 13:27:07,381 - INFO - [633/1962] https://numancia.cl/nosotros/
2026-09-12 13:27:08,442 - INFO -    -> http_error_403 (0 chars)
2026-09-12 13:27:10,617 - INFO - [634/1962] https://www.latercera.com/pulso/constructora-ebco-modifica-polemico-proyecto-cer
2026-09-12 13:27:11,899 - INFO -    -> trafilatura (4024 chars)
2026-09-12 13:27:14,877 - INFO - [635/1962] https://www.df.cl/empresas/infraestructura-inmobiliaria/inmobiliaria-de-fernande
2026-09-12 13:27:15,252 - INFO -    -> trafilatura (3744 chars)
2026-09-12 13:27:16,774 - INFO - [636/1962] https://interferencia.cl/articulos/proyecto-ecologico-de-inmobiliaria-ebco-sigue
2026-09-12 13:27:18,221 - INFO -    -> trafilatura (5876 chars)
2026-09-12 13:27:19,865 - INFO - [637/1962] https://www.leylobby.gob.cl/instituciones/AP001/audiencias/2020/298303
2026-09-12 13:27:22,366 - INFO -    -> trafilatura (49842 chars)
2026-09-12 13:27:24,775 - INFO - [638/1962] https://www.facebook.com/MLoBarnechea/posts/informaci%C3%B3n-oficial-cerro-del-m
2026-09-12 13:27:25,819 - INFO -    -> http_error_400 (0 chars)
2026-09-12 13:27:27,640 - INFO - [639/1962] https://www.latercera.com/nacional/noticia/vecinos-del-cerro-alvarado-exigen-obr
2026-09-12 13:27:28,988 - INFO -    -> trafilatura (3499 chars)
2026-09-12 13:27:30,708 - INFO - [640/1962] https://actual.cl/inversionistas/
2026-09-12 13:27:34,200 - INFO -    -> trafilatura (340 chars)
2026-09-12 13:27:36,921 - INFO - [641/1962] https://www.df.cl/empresas/retail/balthus-vitacura-pide-su-quiebra-justifica-dec
2026-09-12 13:27:37,281 - INFO -    -> trafilatura (5073 chars)
2026-09-12 13:27:39,597 - INFO - [642/1962] https://www.youtube.com/watch?v=Bwm83_QwIYc
2026-09-12 13:27:40,341 - WARNING - discarding data: None
2026-09-12 13:27:40,456 - INFO -    -> beautifulsoup (203 chars)
2026-09-12 13:27:42,783 - INFO - [643/1962] https://www.meganoticias.cl/nacional/403314-construccion-conjunto-armonico-porte
2026-09-12 13:27:43,848 - INFO -    -> trafilatura (2507 chars)
2026-09-12 13:27:46,498 - INFO - [644/1962] https://interferencia.cl/articulos/nuevo-precedente-alcaldesa-rios-de-nunoa-orde
2026-09-12 13:27:46,836 - INFO -    -> trafilatura (5925 chars)
2026-09-12 13:27:49,373 - INFO - [645/1962] https://www.facebook.com/vitacura/posts/hoy-en-revista-vivienda-y-decoraci%C3%B3
2026-09-12 13:27:49,743 - INFO -    -> http_error_400 (0 chars)
2026-09-12 13:27:51,698 - INFO - [646/1962] https://segreader.emol.cl/2022/04/21/A/GN449AUI/light?gt=173001
2026-09-12 13:27:52,532 - ERROR - parsed tree length: 1, wrong data type or not valid HTML
2026-09-12 13:27:52,532 - ERROR - empty HTML tree: None
2026-09-12 13:27:52,532 - WARNING - discarding data: None
2026-09-12 13:27:52,536 - ERROR - parsed tree length: 1, wrong data type or not valid HTML
2026-09-12 13:27:52,595 - INFO -    -> beautifulsoup (6459 chars)
2026-09-12 13:27:54,887 - INFO - [647/1962] https://www.defendamoslaciudad.cl/noticias/item/4749-contraloria-acogio-presenta
2026-09-12 13:27:56,424 - INFO -    -> trafilatura (1167 chars)
2026-09-12 13:27:58,641 - INFO - [648/1962] https://www.bcn.cl/leychile/navegar?idNorma=29982
2026-09-12 13:27:59,284 - WARNING - discarding data: None
2026-09-12 13:27:59,336 - INFO -    -> insuficiente (189 chars)
2026-09-12 13:28:02,196 - INFO - [649/1962] https://opinion.cooperativa.cl/opinion/medio-ambiente/costanera-center-el-poder-
2026-09-12 13:28:02,995 - INFO -    -> trafilatura (6493 chars)
2026-09-12 13:28:05,063 - INFO - [650/1962] https://elquintopoder.cl/ciudad/en-alemania-el-costanera-center-no-se-construye/
2026-09-12 13:28:07,529 - INFO -    -> trafilatura (6079 chars)
2026-09-12 13:28:09,121 - INFO - [651/1962] https://www.scielo.cl/scielo.php?script=sci_arttext&pid=S0718-34372013000300005
2026-09-12 13:28:29,789 - WARNING - Error extrayendo https://www.scielo.cl/scielo.php?script=sci_arttext&pid=S0718-34372013: HTTPSConnectionPool(host='www.scielo.cl', port=443): Read timed out. (read timeout=20)
2026-09-12 13:28:29,798 - INFO -    -> error (0 chars)
2026-09-12 13:28:32,376 - INFO - [652/1962] https://www.facebook.com/muniloprado/posts/durante-el-per%C3%ADodo-de-cuarentena
2026-09-12 13:28:32,747 - INFO -    -> http_error_400 (0 chars)
2026-09-12 13:28:35,009 - INFO - [653/1962] https://www.df.cl/empresas/construccion/alto-las-condes-2-van-casi-dos-anos-y-vi
2026-09-12 13:28:35,944 - INFO -    -> trafilatura (2856 chars)
2026-09-12 13:28:37,869 - INFO - [654/1962] https://vitacura.cl/descargas/cta_publica/cuenta_publica_2020/cuenta_publica_202
2026-09-12 13:28:40,204 - ERROR - parsed tree length: 1, wrong data type or not valid HTML
2026-09-12 13:28:40,211 - ERROR - empty HTML tree: None
2026-09-12 13:28:40,211 - WARNING - discarding data: None
2026-09-12 13:28:41,502 - ERROR - parsed tree length: 1, wrong data type or not valid HTML
2026-09-12 13:28:41,972 - WARNING - Some characters could not be decoded, and were replaced with REPLACEMENT CHARACTER.
2026-09-12 13:28:45,212 - INFO -    -> insuficiente (0 chars)
2026-09-12 13:28:46,925 - INFO - [655/1962] https://www.elclarin.cl/2020/12/15/que-sucedera-con-los-25-edificios-ilegales-en
2026-09-12 13:28:49,778 - INFO -    -> trafilatura (13707 chars)
2026-09-12 13:28:51,548 - INFO - [656/1962] https://es.scribd.com/document/463972933/DIRECTORIO-TELEFONICO-MUNICIPALIDAD-DE-
2026-09-12 13:28:52,285 - INFO -    -> trafilatura (209 chars)
2026-09-12 13:28:55,238 - INFO - [657/1962] https://www.ceacgr.cl/CEA/pdf/revista/REVISTA_CEA_N2_2019.pdf
2026-09-12 13:28:56,392 - ERROR - parsed tree length: 1, wrong data type or not valid HTML
2026-09-12 13:28:56,394 - ERROR - empty HTML tree: None
2026-09-12 13:28:56,394 - WARNING - discarding data: None
2026-09-12 13:28:56,594 - ERROR - parsed tree length: 1, wrong data type or not valid HTML
2026-09-12 13:28:56,677 - WARNING - Some characters could not be decoded, and were replaced with REPLACEMENT CHARACTER.
2026-09-12 13:28:57,053 - INFO -    -> insuficiente (0 chars)
2026-09-12 13:28:59,297 - INFO - [658/1962] https://www.facebook.com/teletrece/posts/-la-municipalidad-de-vitacura-renov%C3%
2026-09-12 13:28:59,697 - INFO -    -> http_error_400 (0 chars)
2026-09-12 13:29:01,798 - INFO - [659/1962] https://www.facebook.com/TvnRedAtacama/posts/copiap%C3%B3-esta-ma%C3%B1ana-en-un
2026-09-12 13:29:02,097 - INFO -    -> http_error_400 (0 chars)
2026-09-12 13:29:04,544 - INFO - [660/1962] https://www.munistgo.cl/tag/raul-torrealba/
2026-09-12 13:29:07,257 - WARNING - discarding data: None
2026-09-12 13:29:08,816 - INFO -    -> beautifulsoup (84616 chars)
2026-09-12 13:29:10,788 - INFO - [661/1962] https://www.facebook.com/MuniRenca/posts/el-alcalde-claudio-castro-y-la-comunida
2026-09-12 13:29:11,115 - INFO -    -> http_error_400 (0 chars)
2026-09-12 13:29:13,512 - INFO - [662/1962] https://www.facebook.com/uatv.cl/posts/la-perrera-no-se-va-finalmente-el-concejo
2026-09-12 13:29:13,893 - INFO -    -> http_error_400 (0 chars)
2026-09-12 13:29:16,673 - INFO - [663/1962] https://www.monumentos.gob.cl/sites/default/files/20180912_acta_env_spc_corr_def
2026-09-12 13:29:17,516 - ERROR - parsed tree length: 1, wrong data type or not valid HTML
2026-09-12 13:29:17,517 - ERROR - empty HTML tree: None
2026-09-12 13:29:17,517 - WARNING - discarding data: None
2026-09-12 13:29:17,641 - ERROR - parsed tree length: 1, wrong data type or not valid HTML
2026-09-12 13:29:17,687 - WARNING - Some characters could not be decoded, and were replaced with REPLACEMENT CHARACTER.
2026-09-12 13:29:17,887 - INFO -    -> insuficiente (0 chars)
2026-09-12 13:29:19,597 - INFO - [664/1962] https://www.facebook.com/exantecl/posts/esta-ma%C3%B1ana-el-concejo-municipal-de
2026-09-12 13:29:19,860 - INFO -    -> http_error_400 (0 chars)
2026-09-12 13:29:22,189 - INFO - [665/1962] https://vitacura.cl/noticias/comunicado-respecto-al-proceso-de-invalidacion-del-
2026-09-12 13:29:23,272 - INFO -    -> trafilatura (2737 chars)
2026-09-12 13:29:25,702 - INFO - [666/1962] https://www.facebook.com/MiRadioLs/posts/la-decisi%C3%B3n-un%C3%A1nime-del-conce
2026-09-12 13:29:26,074 - INFO -    -> http_error_400 (0 chars)
2026-09-12 13:29:28,515 - INFO - [667/1962] https://www.instagram.com/p/DMxkYE8M58S/
2026-09-12 13:29:29,647 - WARNING - discarding data: None
2026-09-12 13:29:30,498 - INFO -    -> insuficiente (0 chars)
2026-09-12 13:29:33,237 - INFO - [668/1962] https://vitacura.cl/noticias/alcaldesa-camila-merino-y-sus-pares-de-nunoa-lo-bar
2026-09-12 13:29:34,339 - INFO -    -> trafilatura (4345 chars)
2026-09-12 13:29:36,890 - INFO - [669/1962] https://vitacura.cl/app/uploads/2024/04/Cuenta-Publica-2023.pdf
2026-09-12 13:29:38,594 - ERROR - parsed tree length: 1, wrong data type or not valid HTML
2026-09-12 13:29:38,600 - ERROR - empty HTML tree: None
2026-09-12 13:29:38,600 - WARNING - discarding data: None
2026-09-12 13:29:39,875 - ERROR - parsed tree length: 1, wrong data type or not valid HTML
2026-09-12 13:29:40,349 - WARNING - Some characters could not be decoded, and were replaced with REPLACEMENT CHARACTER.
2026-09-12 13:29:43,367 - INFO -    -> insuficiente (0 chars)
2026-09-12 13:29:44,979 - INFO - [670/1962] https://www.instagram.com/reel/DdFSYMQOD0F/
2026-09-12 13:29:45,316 - WARNING - discarding data: None
2026-09-12 13:29:46,830 - INFO -    -> insuficiente (0 chars)
2026-09-12 13:29:48,863 - INFO - [671/1962] https://www.achm.cl/wp-content/uploads/2025/03/Ley-18.695.pdf
2026-09-12 13:29:51,747 - ERROR - parsed tree length: 1, wrong data type or not valid HTML
2026-09-12 13:29:51,749 - ERROR - empty HTML tree: None
2026-09-12 13:29:51,749 - WARNING - discarding data: None
2026-09-12 13:29:51,963 - ERROR - parsed tree length: 1, wrong data type or not valid HTML
2026-09-12 13:29:52,058 - WARNING - Some characters could not be decoded, and were replaced with REPLACEMENT CHARACTER.
2026-09-12 13:29:52,686 - INFO -    -> insuficiente (0 chars)
2026-09-12 13:29:54,626 - INFO - [672/1962] https://www.bcn.cl/leychile/navegar?idNorma=1120340
2026-09-12 13:29:55,756 - WARNING - discarding data: None
2026-09-12 13:29:55,808 - INFO -    -> insuficiente (189 chars)
2026-09-12 13:29:58,404 - INFO - [673/1962] https://asemuch.cl/wp-content/uploads/2020/04/1.f-2020-04-10-Recurso-de-Protecci
2026-09-12 13:29:59,811 - ERROR - parsed tree length: 1, wrong data type or not valid HTML
2026-09-12 13:29:59,811 - ERROR - empty HTML tree: None
2026-09-12 13:29:59,811 - WARNING - discarding data: None
2026-09-12 13:29:59,855 - ERROR - parsed tree length: 1, wrong data type or not valid HTML
2026-09-12 13:29:59,868 - WARNING - Some characters could not be decoded, and were replaced with REPLACEMENT CHARACTER.
2026-09-12 13:29:59,953 - INFO -    -> insuficiente (0 chars)
2026-09-12 13:30:01,698 - INFO - [674/1962] https://www.facebook.com/PoderJudicialdeChile/posts/corte-suprema-ordena-a-la-mu
2026-09-12 13:30:02,046 - INFO -    -> http_error_400 (0 chars)
2026-09-12 13:30:03,704 - INFO - [675/1962] https://ciperchile.cl/wp-content/uploads/FALLO-AGUILERA-SEPT-2018.pdf
2026-09-12 13:30:05,039 - ERROR - parsed tree length: 1, wrong data type or not valid HTML
2026-09-12 13:30:05,039 - ERROR - empty HTML tree: None
2026-09-12 13:30:05,039 - WARNING - discarding data: None
2026-09-12 13:30:05,057 - ERROR - parsed tree length: 1, wrong data type or not valid HTML
2026-09-12 13:30:05,070 - WARNING - Some characters could not be decoded, and were replaced with REPLACEMENT CHARACTER.
2026-09-12 13:30:05,097 - INFO -    -> insuficiente (0 chars)
2026-09-12 13:30:07,906 - INFO - [676/1962] https://3ta.cl/wp-content/uploads/2020/01/Convenio-cooperacion-AJC.pdf
2026-09-12 13:30:10,216 - ERROR - parsed tree length: 1, wrong data type or not valid HTML
2026-09-12 13:30:10,218 - ERROR - empty HTML tree: None
2026-09-12 13:30:10,218 - WARNING - discarding data: None
2026-09-12 13:30:11,008 - ERROR - parsed tree length: 1, wrong data type or not valid HTML
2026-09-12 13:30:11,330 - WARNING - Some characters could not be decoded, and were replaced with REPLACEMENT CHARACTER.
2026-09-12 13:30:13,384 - INFO -    -> insuficiente (0 chars)
2026-09-12 13:30:14,946 - INFO - [677/1962] https://www.facebook.com/PoderJudicialdeChile/posts/corte-de-santiago-acoge-recu
2026-09-12 13:30:15,334 - INFO -    -> http_error_400 (0 chars)
2026-09-12 13:30:17,058 - INFO - [678/1962] https://www.df.cl/empresas/industria/comerciantes-de-concepcion-presentan-recurs
2026-09-12 13:30:18,353 - INFO -    -> trafilatura (1148 chars)
2026-09-12 13:30:21,239 - INFO - [679/1962] https://interferencia.cl/sites/default/files/recurso_de_proteccion.pdf
2026-09-12 13:30:23,271 - ERROR - parsed tree length: 1, wrong data type or not valid HTML
2026-09-12 13:30:23,272 - ERROR - empty HTML tree: None
2026-09-12 13:30:23,272 - WARNING - discarding data: None
2026-09-12 13:30:23,345 - ERROR - parsed tree length: 1, wrong data type or not valid HTML
2026-09-12 13:30:23,370 - WARNING - Some characters could not be decoded, and were replaced with REPLACEMENT CHARACTER.
2026-09-12 13:30:23,460 - INFO -    -> insuficiente (0 chars)
2026-09-12 13:30:25,574 - INFO - [680/1962] https://www.pjud.cl/prensa-y-comunicaciones/noticias-del-poder-judicial/67401
2026-09-12 13:30:27,345 - INFO -    -> trafilatura (1955 chars)
2026-09-12 13:30:28,899 - INFO - [681/1962] https://www.doe.cl/alerta/22092023/202309223002
2026-09-12 13:30:31,019 - ERROR - parsed tree length: 1, wrong data type or not valid HTML
2026-09-12 13:30:31,020 - ERROR - empty HTML tree: None
2026-09-12 13:30:31,020 - WARNING - discarding data: None
2026-09-12 13:30:31,049 - ERROR - parsed tree length: 1, wrong data type or not valid HTML
2026-09-12 13:30:31,061 - WARNING - Some characters could not be decoded, and were replaced with REPLACEMENT CHARACTER.
2026-09-12 13:30:31,095 - INFO -    -> insuficiente (0 chars)
2026-09-12 13:30:33,125 - INFO - [682/1962] https://www.cmfchile.cl/sitio/aplic/serdoc/ver_sgd.php?s567=53c46fc4bc8b08a9b7d2
2026-09-12 13:30:34,088 - INFO -    -> http_error_302 (0 chars)
2026-09-12 13:30:37,067 - INFO - [683/1962] https://www.facebook.com/PoderJudicialdeChile/posts/corte-de-santiago-acoge-recu
2026-09-12 13:30:37,429 - INFO -    -> http_error_400 (0 chars)
2026-09-12 13:30:39,415 - INFO - [684/1962] https://repositorio.uchile.cl/bitstream/handle/2250/186854/El-rol-del-debido-pro
2026-09-12 13:30:40,273 - INFO -    -> trafilatura (1245 chars)
2026-09-12 13:30:42,282 - INFO - [685/1962] https://immichile.cl/corte-de-apelaciones-de-santiago-acoge-recurso-de-proteccio
2026-09-12 13:30:43,507 - INFO -    -> trafilatura (19616 chars)
2026-09-12 13:30:46,404 - INFO - [686/1962] https://www.pjud.cl/prensa-y-comunicaciones/getRulingNew/55299
2026-09-12 13:30:47,643 - ERROR - parsed tree length: 1, wrong data type or not valid HTML
2026-09-12 13:30:47,643 - ERROR - empty HTML tree: None
2026-09-12 13:30:47,644 - WARNING - discarding data: None
2026-09-12 13:30:47,658 - ERROR - parsed tree length: 1, wrong data type or not valid HTML
2026-09-12 13:30:47,683 - INFO -    -> insuficiente (161 chars)
2026-09-12 13:30:50,331 - INFO - [687/1962] https://www.studocu.com/cl/document/universidad-la-republica/derecho-laboral/rec
2026-09-12 13:30:51,286 - INFO -    -> http_error_403 (0 chars)
2026-09-12 13:30:54,132 - INFO - [688/1962] https://derecho-chile.cl/c-a-de-san-miguel-acoge-r-de-proteccion-deducido-por-un
2026-09-12 13:30:56,563 - INFO -    -> trafilatura (17822 chars)
2026-09-12 13:30:59,094 - INFO - [689/1962] http://www.laflorida.cl/web/wp-content/uploads/2015/03/Decreto-Exento-622.pdf
2026-09-12 13:30:59,341 - ERROR - parsed tree length: 1, wrong data type or not valid HTML
2026-09-12 13:30:59,342 - ERROR - empty HTML tree: None
2026-09-12 13:30:59,342 - WARNING - discarding data: None
2026-09-12 13:30:59,365 - ERROR - parsed tree length: 1, wrong data type or not valid HTML
2026-09-12 13:30:59,375 - WARNING - Some characters could not be decoded, and were replaced with REPLACEMENT CHARACTER.
2026-09-12 13:30:59,413 - INFO -    -> insuficiente (0 chars)
2026-09-12 13:31:01,905 - INFO - [690/1962] https://transparencia.sma.gob.cl/doc/resoluciones/RESOL_EXENTA_SMA_2020/RESOL%20
2026-09-12 13:31:02,948 - ERROR - parsed tree length: 1, wrong data type or not valid HTML
2026-09-12 13:31:02,949 - ERROR - empty HTML tree: None
2026-09-12 13:31:02,949 - WARNING - discarding data: None
2026-09-12 13:31:03,031 - ERROR - parsed tree length: 1, wrong data type or not valid HTML
2026-09-12 13:31:03,054 - WARNING - Some characters could not be decoded, and were replaced with REPLACEMENT CHARACTER.
2026-09-12 13:31:03,230 - INFO -    -> insuficiente (0 chars)
2026-09-12 13:31:05,300 - INFO - [691/1962] https://www.uaf.cl/media/archivos_sanciones/223-2014.pdf
2026-09-12 13:31:06,425 - ERROR - parsed tree length: 1, wrong data type or not valid HTML
2026-09-12 13:31:06,425 - ERROR - empty HTML tree: None
2026-09-12 13:31:06,425 - WARNING - discarding data: None
2026-09-12 13:31:06,458 - ERROR - parsed tree length: 1, wrong data type or not valid HTML
2026-09-12 13:31:06,472 - WARNING - Some characters could not be decoded, and were replaced with REPLACEMENT CHARACTER.
2026-09-12 13:31:06,529 - INFO -    -> insuficiente (0 chars)
2026-09-12 13:31:09,242 - INFO - [692/1962] https://www.facebook.com/PoderJudicialdeChile/photos/corte-de-apelaciones-de-san
2026-09-12 13:31:09,712 - INFO -    -> http_error_400 (0 chars)
2026-09-12 13:31:11,392 - INFO - [693/1962] https://repositorio.uchile.cl/bitstream/handle/2250/134732/La-v%EDa-administrati
2026-09-12 13:31:12,260 - INFO -    -> trafilatura (1245 chars)
2026-09-12 13:31:15,154 - INFO - [694/1962] https://www.bcn.cl/leychile/Navegar?idNorma=1041361&idVersion=2016-01-05
2026-09-12 13:31:16,277 - WARNING - discarding data: None
2026-09-12 13:31:16,327 - INFO -    -> insuficiente (189 chars)
2026-09-12 13:31:18,067 - INFO - [695/1962] https://www.cmfchile.cl/sitio/aplic/serdoc/ver_sgd.php?s567=c15779822034dec2f842
2026-09-12 13:31:18,203 - INFO -    -> http_error_302 (0 chars)
2026-09-12 13:31:19,716 - INFO - [696/1962] https://www.laflorida.cl/web/wp-content/uploads/2014/03/decreto-exento-576.pdf
2026-09-12 13:31:20,752 - ERROR - parsed tree length: 1, wrong data type or not valid HTML
2026-09-12 13:31:20,753 - ERROR - empty HTML tree: None
2026-09-12 13:31:20,753 - WARNING - discarding data: None
2026-09-12 13:31:20,868 - ERROR - parsed tree length: 1, wrong data type or not valid HTML
2026-09-12 13:31:20,918 - WARNING - Some characters could not be decoded, and were replaced with REPLACEMENT CHARACTER.
2026-09-12 13:31:21,239 - INFO -    -> insuficiente (0 chars)
2026-09-12 13:31:23,849 - INFO - [697/1962] https://www.df.cl/empresas/retail/mall-baron-rechazo-de-la-suprema-abre-opcion-p
2026-09-12 13:31:25,079 - INFO -    -> trafilatura (5415 chars)
2026-09-12 13:31:27,473 - INFO - [698/1962] https://www.facebook.com/groups/238665332914293/permalink/1163955643718586/
2026-09-12 13:31:27,679 - INFO -    -> http_error_400 (0 chars)
2026-09-12 13:31:30,198 - INFO - [699/1962] https://www.lemondediplomatique.cl/guetos-verticales-en-estacion-central-violaro
2026-09-12 13:31:31,676 - INFO -    -> trafilatura (9921 chars)
2026-09-12 13:31:33,767 - INFO - [700/1962] https://www.t13.cl/videos/nacional/video-gueto-vertical-dentro
2026-09-12 13:31:35,889 - INFO -    -> trafilatura (587 chars)
2026-09-12 13:31:37,619 - INFO - [701/1962] https://revistainvi.uchile.cl/index.php/INVI/article/view/62791/66692
2026-09-12 13:31:39,441 - WARNING - discarding data: None
2026-09-12 13:31:39,549 - INFO -    -> beautifulsoup (909 chars)
2026-09-12 13:31:41,131 - INFO - [702/1962] https://radio.uchile.cl/2017/08/11/un-terreno-urbano-con-2-distintos-usos-de-sue
2026-09-12 13:31:43,449 - INFO -    -> trafilatura (6280 chars)
2026-09-12 13:31:46,129 - INFO - [703/1962] https://www.facebook.com/groups/Rinconfotograficochileno/posts/847417142078886/
2026-09-12 13:31:46,370 - INFO -    -> http_error_400 (0 chars)
2026-09-12 13:31:48,545 - INFO - [704/1962] https://www.theclinic.cl/2015/12/13/doris-gonzalez-lider-de-ukamau-nadie-esta-pi
2026-09-12 13:31:50,462 - INFO -    -> trafilatura (19331 chars)
2026-09-12 13:31:52,737 - INFO - [705/1962] https://repositorio.uchile.cl/bitstream/handle/2250/151156/TESIS-radiografia-a-l
2026-09-12 13:31:53,854 - INFO -    -> trafilatura (1245 chars)
2026-09-12 13:31:56,387 - INFO - [706/1962] https://www.munistgo.cl/
2026-09-12 13:31:58,510 - INFO -    -> trafilatura (526 chars)
2026-09-12 13:32:00,705 - INFO - [707/1962] https://www.facebook.com/c9nparaguay/posts/vecinos-se-oponen-a-la-construcci%C3%
2026-09-12 13:32:00,971 - INFO -    -> http_error_400 (0 chars)
2026-09-12 13:32:03,135 - INFO - [708/1962] https://www.instagram.com/p/DZASht2FhU2/
2026-09-12 13:32:04,362 - WARNING - discarding data: None
2026-09-12 13:32:05,554 - INFO -    -> insuficiente (0 chars)
2026-09-12 13:32:08,047 - INFO - [709/1962] https://www.instagram.com/reel/DRiUUbFAd7h/
2026-09-12 13:32:08,374 - WARNING - discarding data: None
2026-09-12 13:32:09,627 - INFO -    -> insuficiente (0 chars)
2026-09-12 13:32:12,024 - INFO - [710/1962] https://www.facebook.com/meganoticiascl/videos/%EF%B8%8F-un-problema-recurrente-
2026-09-12 13:32:12,696 - WARNING - discarding data: None
2026-09-12 13:32:13,622 - INFO -    -> insuficiente (0 chars)
2026-09-12 13:32:15,565 - INFO - [711/1962] https://www.observatoriosantiago.cl/visor-interactivo/
2026-09-12 13:32:17,292 - WARNING - discarding data: None
2026-09-12 13:32:17,445 - INFO -    -> beautifulsoup (1000 chars)
2026-09-12 13:32:20,417 - INFO - [712/1962] https://www.hogardecristo.cl/entrevistas/alejandro-verdugo-demolamos-al-menos-un
2026-09-12 13:32:22,545 - INFO -    -> trafilatura (10745 chars)
2026-09-12 13:32:24,265 - INFO - [713/1962] https://revistapropuestascriticas.uchile.cl/index.php/RPCTS/article/view/81640
2026-09-12 13:32:25,902 - INFO -    -> trafilatura (13306 chars)
2026-09-12 13:32:27,446 - INFO - [714/1962] https://journals.openedition.org/polis/12006
2026-09-12 13:32:29,282 - INFO -    -> trafilatura (418 chars)
2026-09-12 13:32:31,018 - INFO - [715/1962] https://www.santiagoenlinea.cl/1-5-2-1intervencion-integral/
2026-09-12 13:32:32,745 - INFO -    -> trafilatura (1851 chars)
2026-09-12 13:32:34,332 - INFO - [716/1962] https://eae.mma.gob.cl/storage/documents/02_IA_PRC_La_Florida-Departamental-Toba
2026-09-12 13:32:35,804 - ERROR - parsed tree length: 1, wrong data type or not valid HTML
2026-09-12 13:32:35,805 - ERROR - empty HTML tree: None
2026-09-12 13:32:35,805 - WARNING - discarding data: None
2026-09-12 13:32:36,180 - ERROR - parsed tree length: 1, wrong data type or not valid HTML
2026-09-12 13:32:36,345 - WARNING - Some characters could not be decoded, and were replaced with REPLACEMENT CHARACTER.
2026-09-12 13:32:37,330 - INFO -    -> insuficiente (0 chars)
2026-09-12 13:32:39,890 - INFO - [717/1962] https://estudiosurbanos.uc.cl/exalumnos/las-torres-llegan-al-barrio-vecinos-entr
2026-09-12 13:32:42,440 - INFO -    -> trafilatura (938 chars)
2026-09-12 13:32:44,634 - INFO - [718/1962] https://www.scielo.cl/scielo.php?script=sci_arttext&pid=S0717-69962020000300120
2026-09-12 13:32:46,186 - INFO -    -> trafilatura (18550 chars)
2026-09-12 13:32:48,136 - INFO - [719/1962] https://www.facebook.com/contraloriacl/posts/informe-de-auditor%C3%ADa-investiga
2026-09-12 13:32:48,394 - INFO -    -> http_error_400 (0 chars)
2026-09-12 13:32:51,079 - INFO - [720/1962] https://radio.uchile.cl/2026/04/10/la-contraloria-dejo-mal-parada-a-la-municipal
2026-09-12 13:32:53,207 - INFO -    -> trafilatura (3786 chars)
2026-09-12 13:32:55,271 - INFO - [721/1962] https://opinion.cooperativa.cl/opinion/politica/a-proposito-de-las-condes-con-un
2026-09-12 13:32:56,182 - INFO -    -> trafilatura (5175 chars)
2026-09-12 13:32:58,222 - INFO - [722/1962] https://dga.mop.gob.cl/tramites/denunciar/
2026-09-12 13:33:02,885 - INFO -    -> trafilatura (4477 chars)
2026-09-12 13:33:04,996 - INFO - [723/1962] https://www.instagram.com/p/DTlP6uRCZH4/
2026-09-12 13:33:06,840 - WARNING - discarding data: None
2026-09-12 13:33:08,587 - INFO -    -> insuficiente (0 chars)
2026-09-12 13:33:10,947 - INFO - [724/1962] https://www.ciperchile.cl/2025/09/22/radar-22-09/
2026-09-12 13:33:13,304 - INFO -    -> trafilatura (290 chars)
2026-09-12 13:33:15,785 - INFO - [725/1962] https://transparencia.losangeles.cl/app.php/ALMACENAMIENTO/DOCUMENTOS/dictamenes
2026-09-12 13:33:17,556 - ERROR - parsed tree length: 1, wrong data type or not valid HTML
2026-09-12 13:33:17,557 - ERROR - empty HTML tree: None
2026-09-12 13:33:17,557 - WARNING - discarding data: None
2026-09-12 13:33:17,622 - ERROR - parsed tree length: 1, wrong data type or not valid HTML
2026-09-12 13:33:17,645 - WARNING - Some characters could not be decoded, and were replaced with REPLACEMENT CHARACTER.
2026-09-12 13:33:17,772 - INFO -    -> insuficiente (0 chars)
2026-09-12 13:33:20,198 - INFO - [726/1962] https://www.santiagoenlinea.cl/6-1-1-3permiso-de-edificacion-obra-menor/
2026-09-12 13:33:22,480 - INFO -    -> trafilatura (1128 chars)
2026-09-12 13:33:24,300 - INFO - [727/1962] https://www.bcn.cl/leychile/navegar?idNorma=1179863
2026-09-12 13:33:25,843 - WARNING - discarding data: None
2026-09-12 13:33:25,903 - INFO -    -> insuficiente (189 chars)
2026-09-12 13:33:28,682 - INFO - [728/1962] https://www.facebook.com/groups/OGUCChile/posts/1701098596575292/
2026-09-12 13:33:28,982 - INFO -    -> http_error_400 (0 chars)
2026-09-12 13:33:30,547 - INFO - [729/1962] https://www.munistgo.cl/tag/irregular/
2026-09-12 13:33:34,684 - WARNING - discarding data: None
2026-09-12 13:33:37,470 - INFO -    -> beautifulsoup (84033 chars)
2026-09-12 13:33:39,232 - INFO - [730/1962] https://www.facebook.com/munimaipu/posts/abogado-arturo-fermandois-expone-frente
2026-09-12 13:33:39,590 - INFO -    -> http_error_400 (0 chars)
2026-09-12 13:33:41,186 - INFO - [731/1962] https://www.santiagoenlinea.cl/6-1-1-1permiso-para-obra-nueva/
2026-09-12 13:33:42,960 - INFO -    -> trafilatura (1555 chars)
2026-09-12 13:33:44,577 - INFO - [732/1962] https://www.penalolen.cl/transparencia/informes/Ordenanzas/ordenanza_cierre_de_c
2026-09-12 13:33:46,296 - WARNING - discarding data: None
2026-09-12 13:33:46,412 - WARNING - Some characters could not be decoded, and were replaced with REPLACEMENT CHARACTER.
2026-09-12 13:33:46,527 - INFO -    -> insuficiente (0 chars)
2026-09-12 13:33:48,626 - INFO - [733/1962] https://www.facebook.com/PoderJudicialdeChile/posts/7-juzgado-civil-de-santiago-
2026-09-12 13:33:49,040 - INFO -    -> http_error_400 (0 chars)
2026-09-12 13:33:50,548 - INFO - [734/1962] https://www.santiagoenlinea.cl/solicitud-de-autorizacion-para-la-ejecucion-de-ob
2026-09-12 13:33:51,748 - INFO -    -> trafilatura (2620 chars)
2026-09-12 13:33:54,318 - INFO - [735/1962] https://www.munistgo.cl/plan-regulador/
2026-09-12 13:33:56,261 - INFO -    -> trafilatura (3357 chars)
2026-09-12 13:33:58,468 - INFO - [736/1962] https://www.elperiodista.cl/2023/08/consejo-municipal-de-independencia-rechaza-c
2026-09-12 13:34:00,967 - INFO -    -> trafilatura (4695 chars)
2026-09-12 13:34:03,593 - INFO - [737/1962] https://archivos.lascondes.cl/descargas/transparencia/alcalde_consejo/actas/seci
2026-09-12 13:34:05,368 - ERROR - parsed tree length: 1, wrong data type or not valid HTML
2026-09-12 13:34:05,370 - ERROR - empty HTML tree: None
2026-09-12 13:34:05,370 - WARNING - discarding data: None
2026-09-12 13:34:05,576 - ERROR - parsed tree length: 1, wrong data type or not valid HTML
2026-09-12 13:34:05,671 - WARNING - Some characters could not be decoded, and were replaced with REPLACEMENT CHARACTER.
2026-09-12 13:34:06,111 - INFO -    -> insuficiente (0 chars)
2026-09-12 13:34:07,879 - INFO - [738/1962] https://www.santiagoenlinea.cl/8-2-2-preguntas-frecuentes/
2026-09-12 13:34:09,033 - INFO -    -> trafilatura (5908 chars)
2026-09-12 13:34:10,731 - INFO - [739/1962] https://www.bcn.cl/leychile/navegar?idNorma=81505
2026-09-12 13:34:10,758 - WARNING - discarding data: None
2026-09-12 13:34:10,808 - INFO -    -> insuficiente (189 chars)
2026-09-12 13:34:13,119 - INFO - [740/1962] https://www.facebook.com/MunicipalidaddeTalcahuano/posts/23-familias-reparan-sus
2026-09-12 13:34:13,499 - INFO -    -> http_error_400 (0 chars)
2026-09-12 13:34:16,212 - INFO - [741/1962] https://www.comunidadfeliz.cl/
2026-09-12 13:34:17,451 - INFO -    -> beautifulsoup (6204 chars)
2026-09-12 13:34:19,022 - INFO - [742/1962] https://www.eure.cl/index.php/eure/article/download/1080/183
2026-09-12 13:34:20,181 - ERROR - parsed tree length: 1, wrong data type or not valid HTML
2026-09-12 13:34:20,182 - ERROR - empty HTML tree: None
2026-09-12 13:34:20,182 - WARNING - discarding data: None
2026-09-12 13:34:20,251 - ERROR - parsed tree length: 1, wrong data type or not valid HTML
2026-09-12 13:34:20,267 - WARNING - Some characters could not be decoded, and were replaced with REPLACEMENT CHARACTER.
2026-09-12 13:34:20,377 - INFO -    -> insuficiente (0 chars)
2026-09-12 13:34:22,623 - INFO - [743/1962] https://www.patrimoniourbano.cl/inmuebles-y-zonas-patrimoniales/region-metropoli
2026-09-12 13:34:36,082 - INFO -    -> trafilatura (123323 chars)
2026-09-12 13:34:37,838 - INFO - [744/1962] https://tribunalambiental.cl/sentencia-r-373-2022-loteo-54-casas-barnechea-sma/
2026-09-12 13:34:39,899 - INFO -    -> trafilatura (5381 chars)
2026-09-12 13:34:41,573 - INFO - [745/1962] https://www.pjud.cl/prensa-y-comunicaciones/noticias-del-poder-judicial/71995
2026-09-12 13:34:43,310 - INFO -    -> trafilatura (4403 chars)
2026-09-12 13:34:45,053 - INFO - [746/1962] https://www.facebook.com/el.dinamo/posts/la-corte-de-apelaciones-de-santiago-rec
2026-09-12 13:34:45,337 - INFO -    -> http_error_400 (0 chars)
2026-09-12 13:34:47,001 - INFO - [747/1962] https://www.pjud.cl/prensa-y-comunicaciones/noticias-del-poder-judicial/68597
2026-09-12 13:34:48,220 - INFO -    -> trafilatura (4425 chars)
2026-09-12 13:34:50,072 - INFO - [748/1962] https://transparencia.sma.gob.cl/doc/resoluciones/RESOL_EXENTA_SMA_2022/RESOL%20
2026-09-12 13:34:50,816 - ERROR - parsed tree length: 1, wrong data type or not valid HTML
2026-09-12 13:34:50,816 - ERROR - empty HTML tree: None
2026-09-12 13:34:50,817 - WARNING - discarding data: None
2026-09-12 13:34:50,841 - ERROR - parsed tree length: 1, wrong data type or not valid HTML
2026-09-12 13:34:50,848 - WARNING - Some characters could not be decoded, and were replaced with REPLACEMENT CHARACTER.
2026-09-12 13:34:50,892 - INFO -    -> insuficiente (0 chars)
2026-09-12 13:34:52,993 - INFO - [749/1962] https://www.ciperchile.cl/2023/05/24/corte-suprema-el-nuevo-campo-de-batalla-por
2026-09-12 13:34:54,601 - INFO -    -> trafilatura (15276 chars)
2026-09-12 13:34:56,612 - INFO - [750/1962] https://www.elmartutino.cl/noticia/politica/corte-suprema-confirma-proyecto-de-r
2026-09-12 13:35:00,264 - INFO -    -> trafilatura (2389 chars)
2026-09-12 13:35:02,458 - INFO - [751/1962] https://www.latercera.com/pulso-pm/noticia/triunfan-los-vecinos-suprema-confirma
2026-09-12 13:35:04,585 - INFO -    -> trafilatura (3551 chars)
2026-09-12 13:35:06,984 - INFO - [752/1962] https://www.df.cl/empresas/construccion/segundo-tribunal-ambiental-anulo-parcial
2026-09-12 13:35:08,033 - INFO -    -> trafilatura (2851 chars)
2026-09-12 13:35:09,662 - INFO - [753/1962] https://tribunalambiental.cl/audiencia-vecinos-municipalidad-sea-proyecto-quilic
2026-09-12 13:35:10,426 - INFO -    -> trafilatura (929 chars)
2026-09-12 13:35:12,478 - INFO - [754/1962] https://www.instagram.com/p/Db9SJzgxP_K/
2026-09-12 13:35:13,460 - WARNING - discarding data: None
2026-09-12 13:35:14,233 - INFO -    -> insuficiente (0 chars)
2026-09-12 13:35:16,242 - INFO - [755/1962] https://www.facebook.com/PoderJudicialdeChile/posts/corte-de-santiago-confirma-f
2026-09-12 13:35:16,467 - INFO -    -> http_error_400 (0 chars)
2026-09-12 13:35:18,189 - INFO - [756/1962] https://www.diarioconstitucional.cl/2025/10/02/municipalidad-de-las-condes-actuo
2026-09-12 13:35:19,187 - INFO -    -> trafilatura (4839 chars)
2026-09-12 13:35:20,921 - INFO - [757/1962] https://www.facebook.com/PoderJudicialdeChile/posts/corte-de-santiago-confirma-r
2026-09-12 13:35:21,155 - INFO -    -> http_error_400 (0 chars)
2026-09-12 13:35:22,757 - INFO - [758/1962] https://www.latercera.com/la-tercera-pm/noticia/batacazo-de-inmobiliaria-nueva-e
2026-09-12 13:35:24,207 - INFO -    -> trafilatura (5618 chars)
2026-09-12 13:35:26,413 - INFO - [759/1962] https://fontaineycia.cl/en-el-congreso-se-tramita-proyecto-de-ley-que-busca-simp
2026-09-12 13:35:29,102 - INFO -    -> trafilatura (809 chars)
2026-09-12 13:35:30,656 - INFO - [760/1962] https://www.scielo.cl/scielo.php?pid=S0719-46332024000100179&script=sci_arttext
2026-09-12 13:35:31,888 - INFO -    -> trafilatura (44518 chars)
2026-09-12 13:35:33,890 - INFO - [761/1962] https://www.diarioconstitucional.cl/2025/08/16/se-confirma-rechazo-de-recurso-de
2026-09-12 13:35:34,219 - INFO -    -> trafilatura (2404 chars)
2026-09-12 13:35:36,769 - INFO - [762/1962] https://www.facebook.com/diarioconstitucional/posts/-fue-legal-la-actualizaci%C3
2026-09-12 13:35:37,051 - INFO -    -> http_error_400 (0 chars)
2026-09-12 13:35:38,661 - INFO - [763/1962] https://www.bcn.cl/leychile/navegar?idNorma=1208692
2026-09-12 13:35:39,377 - WARNING - discarding data: None
2026-09-12 13:35:39,427 - INFO -    -> insuficiente (189 chars)
2026-09-12 13:35:41,818 - INFO - [764/1962] https://www.diarioconstitucional.cl/2026/05/27/corte-de-santiago-descarta-ilegal
2026-09-12 13:35:42,134 - INFO -    -> trafilatura (6420 chars)
2026-09-12 13:35:44,469 - INFO - [765/1962] https://www.instagram.com/p/DNoFCcMxm0H/
2026-09-12 13:35:45,027 - WARNING - discarding data: None
2026-09-12 13:35:45,800 - INFO -    -> insuficiente (0 chars)
2026-09-12 13:35:48,357 - INFO - [766/1962] https://www.facebook.com/munistgo/posts/%EF%B8%8F-santiago-se-ordena-para-que-to
2026-09-12 13:35:48,589 - INFO -    -> http_error_400 (0 chars)
2026-09-12 13:35:50,124 - INFO - [767/1962] https://www.aguilaycia.cl/post/planos-reguladores-municipales
2026-09-12 13:35:51,391 - INFO -    -> trafilatura (13098 chars)
2026-09-12 13:35:53,873 - INFO - [768/1962] https://www.chicureohoy.cl/actualidad/tribunal-acoge-demanda-de-municipalidad-de
2026-09-12 13:35:58,116 - INFO -    -> trafilatura (5110 chars)
2026-09-12 13:35:59,666 - INFO - [769/1962] https://www.diarioconstitucional.cl/2025/08/21/contraloria-ordena-corregir-inter
2026-09-12 13:36:00,038 - INFO -    -> trafilatura (2427 chars)
2026-09-12 13:36:02,354 - INFO - [770/1962] https://interferencia.cl/sites/default/files/recurso_asbestos.pdf
2026-09-12 13:36:03,400 - ERROR - parsed tree length: 1, wrong data type or not valid HTML
2026-09-12 13:36:03,400 - ERROR - empty HTML tree: None
2026-09-12 13:36:03,400 - WARNING - discarding data: None
2026-09-12 13:36:03,416 - ERROR - parsed tree length: 1, wrong data type or not valid HTML
2026-09-12 13:36:03,423 - WARNING - Some characters could not be decoded, and were replaced with REPLACEMENT CHARACTER.
2026-09-12 13:36:03,445 - INFO -    -> insuficiente (0 chars)
2026-09-12 13:36:05,641 - INFO - [771/1962] https://cl.microjuris.com/?Idx=48543&tipo=detail
2026-09-12 13:36:09,553 - INFO -    -> trafilatura (20197 chars)
2026-09-12 13:36:12,179 - INFO - [772/1962] https://www.facebook.com/dppcl/posts/a-trav%C3%A9s-de-una-carta-al-director-del-
2026-09-12 13:36:12,468 - INFO -    -> http_error_400 (0 chars)
2026-09-12 13:36:14,170 - INFO - [773/1962] https://blogs.totalabogados.cl/recurso-de-proteccion-migratoria
2026-09-12 13:36:15,468 - INFO -    -> trafilatura (8115 chars)
2026-09-12 13:36:18,308 - INFO - [774/1962] https://www.cuatrecasas.com/es/latam/oficinas/santiago-de-chile
2026-09-12 13:36:21,003 - INFO -    -> trafilatura (923 chars)
2026-09-12 13:36:22,681 - INFO - [775/1962] https://www.ex-ante.cl/politica/confidencial-la-dura-respuesta-de-bomberos-frent
2026-09-12 13:36:24,865 - INFO -    -> trafilatura (5511 chars)
2026-09-12 13:36:27,039 - INFO - [776/1962] https://www.biobiochile.cl/noticias/nacional/region-metropolitana/2023/06/30/jus
2026-09-12 13:36:27,885 - INFO -    -> trafilatura (3322 chars)
2026-09-12 13:36:29,497 - INFO - [777/1962] https://www.diarioconstitucional.cl/entrevistas/maria-rebeca-ahumada-secretaria-
2026-09-12 13:36:29,906 - INFO -    -> trafilatura (6556 chars)
2026-09-12 13:36:31,510 - INFO - [778/1962] https://media-front.elmostrador.cl/2024/07/recurso-.pdf
2026-09-12 13:36:32,228 - ERROR - parsed tree length: 1, wrong data type or not valid HTML
2026-09-12 13:36:32,228 - ERROR - empty HTML tree: None
2026-09-12 13:36:32,229 - WARNING - discarding data: None
2026-09-12 13:36:32,245 - ERROR - parsed tree length: 1, wrong data type or not valid HTML
2026-09-12 13:36:32,252 - WARNING - Some characters could not be decoded, and were replaced with REPLACEMENT CHARACTER.
2026-09-12 13:36:32,278 - INFO -    -> insuficiente (0 chars)
2026-09-12 13:36:34,108 - INFO - [779/1962] https://www.accessnow.org/wp-content/uploads/2024/04/Chile-Abreu-vs-Wikimedia-Ch
2026-09-12 13:36:35,045 - ERROR - parsed tree length: 1, wrong data type or not valid HTML
2026-09-12 13:36:35,045 - ERROR - empty HTML tree: None
2026-09-12 13:36:35,045 - WARNING - discarding data: None
2026-09-12 13:36:35,072 - ERROR - parsed tree length: 1, wrong data type or not valid HTML
2026-09-12 13:36:35,082 - WARNING - Some characters could not be decoded, and were replaced with REPLACEMENT CHARACTER.
2026-09-12 13:36:35,117 - INFO -    -> insuficiente (0 chars)
2026-09-12 13:36:37,717 - INFO - [780/1962] https://www.diarioconstitucional.cl/2025/04/11/norma-que-restringe-el-recurso-de
2026-09-12 13:36:38,023 - INFO -    -> trafilatura (4517 chars)
2026-09-12 13:36:40,667 - INFO - [781/1962] https://www.biobiochile.cl/noticias/nacional/region-metropolitana/2025/03/26/cor
2026-09-12 13:36:41,601 - INFO -    -> trafilatura (3627 chars)
2026-09-12 13:36:44,584 - INFO - [782/1962] https://www.facebook.com/MuniQuilpue/posts/la-corte-de-apelaciones-admiterecurso
2026-09-12 13:36:44,835 - INFO -    -> http_error_400 (0 chars)
2026-09-12 13:36:47,174 - INFO - [783/1962] https://cl.microjuris.com/alertas-jurisprudencia?Idx=75367&tipo=detail
2026-09-12 13:36:50,134 - INFO -    -> trafilatura (4142 chars)
2026-09-12 13:36:53,011 - INFO - [784/1962] https://www.emol.com/noticias/Nacional/2024/12/13/1151240/padres-corte-colegio-v
2026-09-12 13:36:53,863 - INFO -    -> trafilatura (840 chars)
2026-09-12 13:36:56,041 - INFO - [785/1962] https://estudiolizana.cl/2025/07/09/fallo-de-corte-suprema-contra-universidades/
2026-09-12 13:36:56,899 - INFO -    -> trafilatura (1991 chars)
2026-09-12 13:36:58,674 - INFO - [786/1962] https://www.facebook.com/meganoticiascl/posts/-generaron-una-zona-de-sacrificio-
2026-09-12 13:36:58,925 - INFO -    -> http_error_400 (0 chars)
2026-09-12 13:37:00,758 - INFO - [787/1962] https://www.facebook.com/PeriodicoElCiudadano/posts/durante-la-gesti%C3%B3n-de-r
2026-09-12 13:37:01,030 - INFO -    -> http_error_400 (0 chars)
2026-09-12 13:37:02,556 - INFO - [788/1962] https://www.facebook.com/laterceracom/posts/una-consulta-del-minvu-encendi%C3%B3
2026-09-12 13:37:02,942 - INFO -    -> http_error_400 (0 chars)
2026-09-12 13:37:05,494 - INFO - [789/1962] https://www.facebook.com/ElCorreoGallego/posts/%EF%B8%8F-falla-a-favor-del-conce
2026-09-12 13:37:05,935 - INFO -    -> http_error_400 (0 chars)
2026-09-12 13:37:08,520 - INFO - [790/1962] https://www.facebook.com/meganoticiascl/posts/buscan-evitar-que-m%C3%A1s-comunas
2026-09-12 13:37:08,743 - INFO -    -> http_error_400 (0 chars)
2026-09-12 13:37:10,306 - INFO - [791/1962] https://repositorio.uchile.cl/bitstream/handle/2250/145241/La-estrategia-de-ejec
2026-09-12 13:37:11,041 - INFO -    -> trafilatura (1245 chars)
2026-09-12 13:37:13,983 - INFO - [792/1962] https://www.df.cl/empresas/retail/castano-se-profesionaliza-con-ex-cencosud-y-su
2026-09-12 13:37:14,948 - INFO -    -> trafilatura (4606 chars)
2026-09-12 13:37:17,499 - INFO - [793/1962] https://www.facebook.com/CriticaPanama/posts/nacionalcri-sector-4-de-samaria-ser
2026-09-12 13:37:17,762 - INFO -    -> http_error_400 (0 chars)
2026-09-12 13:37:20,170 - INFO - [794/1962] https://www.soychile.cl/Antofagasta/Sociedad/2017/02/20/447835/Pesar-por-la-muer
2026-09-12 13:37:21,690 - INFO -    -> trafilatura (721 chars)
2026-09-12 13:37:24,376 - INFO - [795/1962] https://vitacura.cl/vecinos/organizaciones-comunitarias/organizaciones-comunitar
2026-09-12 13:37:26,398 - INFO -    -> trafilatura (18000 chars)
2026-09-12 13:37:28,411 - INFO - [796/1962] https://mathiasklotz.com/edificio-vitacura/
2026-09-12 13:37:32,889 - INFO -    -> trafilatura (971 chars)
2026-09-12 13:37:35,537 - INFO - [797/1962] https://grupomapa.com.ar/edificio-vitacura-02/
2026-09-12 13:37:36,888 - INFO -    -> trafilatura (1831 chars)
2026-09-12 13:37:38,788 - INFO - [798/1962] https://www.emol.com/noticias/Nacional/2017/05/05/857119/De-hasta-70-m2-y-dos-ba
2026-09-12 13:37:39,743 - INFO -    -> trafilatura (3640 chars)
2026-09-12 13:37:41,950 - INFO - [799/1962] https://exxacon.cl/projects/walk/
2026-09-12 13:37:43,269 - INFO -    -> trafilatura (1164 chars)
2026-09-12 13:37:45,607 - INFO - [800/1962] https://www.carrenosartori.com/edificio-comercial-rey
2026-09-12 13:37:47,087 - INFO -    -> trafilatura (1843 chars)
2026-09-12 13:37:49,352 - INFO - [801/1962] https://www.instagram.com/p/jjkYGBwS_g/
2026-09-12 13:37:50,307 - WARNING - discarding data: None
2026-09-12 13:37:51,029 - INFO -    -> insuficiente (0 chars)
2026-09-12 13:37:52,675 - INFO - [802/1962] https://www.mpc.cl/
2026-09-12 13:37:54,140 - INFO -    -> beautifulsoup (2254 chars)
2026-09-12 13:37:57,058 - INFO - [803/1962] https://vitacuracultura.cl/evento/los-miserables/
2026-09-12 13:37:58,657 - INFO -    -> trafilatura (243 chars)
2026-09-12 13:38:00,431 - INFO - [804/1962] https://mundodelaconstruccion.cl/2017/06/28/edificio-la-portada-vitacura-de-icon
2026-09-12 13:38:01,261 - INFO -    -> trafilatura (1916 chars)
2026-09-12 13:38:03,382 - INFO - [805/1962] https://www.facebook.com/cnnchile/posts/disputa-en-vitacura-vecinos-cuestionan-p
2026-09-12 13:38:04,261 - INFO -    -> http_error_400 (0 chars)
2026-09-12 13:38:07,034 - INFO - [806/1962] https://www.instagram.com/p/DR9bKPjD-iW/?hl=am-et
2026-09-12 13:38:07,404 - WARNING - discarding data: None
2026-09-12 13:38:08,254 - INFO -    -> insuficiente (0 chars)
2026-09-12 13:38:10,457 - INFO - [807/1962] https://www.instagram.com/reel/DRSLbMIDlgL/
2026-09-12 13:38:10,797 - WARNING - discarding data: None
2026-09-12 13:38:11,514 - INFO -    -> insuficiente (0 chars)
2026-09-12 13:38:14,198 - INFO - [808/1962] https://www.facebook.com/TvOhiggins/posts/los-exfuncionarios-de-la-municipalidad
2026-09-12 13:38:14,433 - INFO -    -> http_error_400 (0 chars)
2026-09-12 13:38:16,525 - INFO - [809/1962] https://www.facebook.com/el13CL/posts/hist%C3%B3rica-discoteca-de-vitacura-quier
2026-09-12 13:38:16,849 - INFO -    -> http_error_400 (0 chars)
2026-09-12 13:38:19,723 - INFO - [810/1962] https://www.youtube.com/watch?v=-hdC4unuNZ8
2026-09-12 13:38:21,164 - WARNING - discarding data: None
2026-09-12 13:38:21,283 - INFO -    -> beautifulsoup (203 chars)
2026-09-12 13:38:23,642 - INFO - [811/1962] https://www.uai.cl/campus/sede-vitacura
2026-09-12 13:38:24,829 - INFO -    -> trafilatura (456 chars)
2026-09-12 13:38:26,742 - INFO - [812/1962] https://es.linkedin.com/posts/rodrigoandreucciabogado_inmobiliaria-y-constructor
2026-09-12 13:38:28,245 - INFO -    -> trafilatura (3360 chars)
2026-09-12 13:38:30,367 - INFO - [813/1962] https://www.instagram.com/p/DO_ujdGkhca/
2026-09-12 13:38:30,692 - WARNING - discarding data: None
2026-09-12 13:38:31,539 - INFO -    -> insuficiente (0 chars)
2026-09-12 13:38:34,085 - INFO - [814/1962] https://www.facebook.com/RadioBioBio/posts/el-grupo-urbana-reformula-su-proyecto
2026-09-12 13:38:34,437 - INFO -    -> http_error_400 (0 chars)
2026-09-12 13:38:36,793 - INFO - [815/1962] https://www.df.cl/empresas/construccion/inmobiliaria-de-felipe-ibanez-activa-pro
2026-09-12 13:38:37,870 - INFO -    -> trafilatura (4895 chars)
2026-09-12 13:38:40,780 - INFO - [816/1962] https://www.latercera.com/pulso/noticia/inmobiliaria-y-constructora-francisco-de
2026-09-12 13:38:42,564 - INFO -    -> trafilatura (4072 chars)
2026-09-12 13:38:44,351 - INFO - [817/1962] https://www.instagram.com/reel/DRzvu7MCe1j/
2026-09-12 13:38:45,067 - WARNING - discarding data: None
2026-09-12 13:38:45,978 - INFO -    -> insuficiente (0 chars)
2026-09-12 13:38:47,887 - INFO - [818/1962] https://www.paz.cl/proyectos/vitacura
2026-09-12 13:38:48,676 - WARNING - discarding data: None
2026-09-12 13:38:48,709 - INFO -    -> insuficiente (0 chars)
2026-09-12 13:38:50,537 - INFO - [819/1962] https://www.instagram.com/reel/DRztw0iCbJY/
2026-09-12 13:38:50,918 - WARNING - discarding data: None
2026-09-12 13:38:51,895 - INFO -    -> insuficiente (0 chars)
2026-09-12 13:38:54,473 - INFO - [820/1962] https://www.adnradio.cl/2026/08/12/el-megaproyecto-millonario-que-busca-revivir-
2026-09-12 13:38:56,871 - INFO -    -> trafilatura (1219 chars)
2026-09-12 13:38:58,494 - INFO - [821/1962] https://www.t13.cl/noticia/ex-ante/negocios/cenco-malls-no-continuar-proyecto-ce
2026-09-12 13:38:59,361 - INFO -    -> trafilatura (3050 chars)
2026-09-12 13:39:02,296 - INFO - [822/1962] https://transparencia.vitacura.cl/transparencia/organigrama.html
2026-09-12 13:39:04,782 - INFO -    -> trafilatura (168915 chars)
2026-09-12 13:39:07,075 - INFO - [823/1962] https://www.facebook.com/villarricaldia/posts/construcciones-vip-irregulares-y-p
2026-09-12 13:39:07,300 - INFO -    -> http_error_400 (0 chars)
2026-09-12 13:39:09,972 - INFO - [824/1962] https://www.facebook.com/MLoBarnechea/posts/comunicado-oficial-uso-indebido-logo
2026-09-12 13:39:10,317 - INFO -    -> http_error_400 (0 chars)
2026-09-12 13:39:12,929 - INFO - [825/1962] https://www.latercera.com/la-tercera-pm/noticia/alcaldesa-de-vitacura-renueva-pl
2026-09-12 13:39:14,341 - INFO -    -> trafilatura (6737 chars)
2026-09-12 13:39:17,245 - INFO - [826/1962] https://radio.uchile.cl/2021/03/17/paulmann-solicita-a-vitacura-eximirse-del-cum
2026-09-12 13:39:19,065 - INFO -    -> trafilatura (7160 chars)
2026-09-12 13:39:21,756 - INFO - [827/1962] https://www.ex-ante.cl/nacional/los-14-edificios-que-la-municipalidad-de-vina-au
2026-09-12 13:39:23,628 - INFO -    -> trafilatura (5652 chars)
2026-09-12 13:39:26,254 - INFO - [828/1962] https://www.infolobby.cl/Ficha/Representado/884465001r
2026-09-12 13:39:27,408 - INFO -    -> trafilatura (565 chars)
2026-09-12 13:39:30,310 - INFO - [829/1962] https://www.biobiochile.cl/noticias/opinion/tu-voz/2023/04/10/cencosud-de-paulma
2026-09-12 13:39:31,313 - INFO -    -> trafilatura (4395 chars)
2026-09-12 13:39:32,980 - INFO - [830/1962] https://radio.uchile.cl/2025/06/02/si-dorothy-perez-hubiera-ejercido-como-contra
2026-09-12 13:39:33,609 - INFO -    -> trafilatura (7259 chars)
2026-09-12 13:39:35,974 - INFO - [831/1962] https://www.facebook.com/vitacura/posts/llamado-a-licitaci%C3%B3n-p%C3%BAblica-n
2026-09-12 13:39:36,270 - INFO -    -> http_error_400 (0 chars)
2026-09-12 13:39:38,496 - INFO - [832/1962] https://vitanew.tchile.com/app/uploads/2025/04/ordenanza_02-2_derechos_municipal
2026-09-12 13:39:40,486 - ERROR - parsed tree length: 1, wrong data type or not valid HTML
2026-09-12 13:39:40,487 - ERROR - empty HTML tree: None
2026-09-12 13:39:40,487 - WARNING - discarding data: None
2026-09-12 13:39:40,748 - ERROR - parsed tree length: 1, wrong data type or not valid HTML
2026-09-12 13:39:40,925 - WARNING - Some characters could not be decoded, and were replaced with REPLACEMENT CHARACTER.
2026-09-12 13:39:41,992 - INFO -    -> insuficiente (0 chars)
2026-09-12 13:39:44,653 - INFO - [833/1962] https://www.t13.cl/noticia/ex-ante/nacional/contraloria-deja-cuesta-arriba-proye
2026-09-12 13:39:44,759 - INFO -    -> trafilatura (4093 chars)
2026-09-12 13:39:47,106 - INFO - [834/1962] https://www.facebook.com/contraloriacl/posts/cgr-en-1-qu%C3%A9-estamos-haciendo-
2026-09-12 13:39:47,339 - INFO -    -> http_error_400 (0 chars)
2026-09-12 13:39:49,520 - INFO - [835/1962] https://www.instagram.com/p/DUIlDcODTGx/
2026-09-12 13:39:50,639 - WARNING - discarding data: None
2026-09-12 13:39:51,537 - INFO -    -> insuficiente (0 chars)
2026-09-12 13:39:53,632 - INFO - [836/1962] https://www.facebook.com/teletrece/posts/df-el-tribunal-dispuso-que-la-municipal
2026-09-12 13:39:53,885 - INFO -    -> http_error_400 (0 chars)
2026-09-12 13:39:56,211 - INFO - [837/1962] https://www.df.cl/empresas/construccion/el-golpe-de-la-seremi-de-vivienda-y-la-c
2026-09-12 13:39:57,271 - INFO -    -> trafilatura (5509 chars)
2026-09-12 13:39:59,117 - INFO - [838/1962] https://www.facebook.com/chilevision/videos/-contralor%C3%ADa-general-de-la-rep%
2026-09-12 13:39:59,671 - WARNING - discarding data: None
2026-09-12 13:40:00,377 - INFO -    -> insuficiente (0 chars)
2026-09-12 13:40:02,739 - INFO - [839/1962] https://transparencia.vitacura.cl/resources/descargas/transparencia/pdf/estructu
2026-09-12 13:40:05,046 - ERROR - parsed tree length: 1, wrong data type or not valid HTML
2026-09-12 13:40:05,048 - ERROR - empty HTML tree: None
2026-09-12 13:40:05,048 - WARNING - discarding data: None
2026-09-12 13:40:05,342 - ERROR - parsed tree length: 1, wrong data type or not valid HTML
2026-09-12 13:40:05,466 - WARNING - Some characters could not be decoded, and were replaced with REPLACEMENT CHARACTER.
2026-09-12 13:40:06,045 - INFO -    -> insuficiente (0 chars)
2026-09-12 13:40:07,631 - INFO - [840/1962] https://www.facebook.com/groups/OGUCChile/posts/1694729933878825/
2026-09-12 13:40:07,861 - INFO -    -> http_error_400 (0 chars)
2026-09-12 13:40:09,799 - INFO - [841/1962] https://www.bcn.cl/leychile/navegar?idNorma=1095541
2026-09-12 13:40:10,543 - WARNING - discarding data: None
2026-09-12 13:40:10,592 - INFO -    -> insuficiente (189 chars)
2026-09-12 13:40:12,646 - INFO - [842/1962] https://archivos.lascondes.cl/descargas/transparencia/alcalde_consejo/actas/secc
2026-09-12 13:40:13,971 - ERROR - parsed tree length: 1, wrong data type or not valid HTML
2026-09-12 13:40:13,972 - ERROR - empty HTML tree: None
2026-09-12 13:40:13,972 - WARNING - discarding data: None
2026-09-12 13:40:14,069 - ERROR - parsed tree length: 1, wrong data type or not valid HTML
2026-09-12 13:40:14,101 - WARNING - Some characters could not be decoded, and were replaced with REPLACEMENT CHARACTER.
2026-09-12 13:40:14,321 - INFO -    -> insuficiente (0 chars)
2026-09-12 13:40:16,729 - INFO - [843/1962] https://kilometrocero.cl/la-esquina-que-enfrenta-a-providencia/
2026-09-12 13:40:18,233 - INFO -    -> trafilatura (11615 chars)
2026-09-12 13:40:20,135 - INFO - [844/1962] https://www.munistgo.cl/tag/hall-central/
2026-09-12 13:40:22,872 - WARNING - discarding data: None
2026-09-12 13:40:24,604 - INFO -    -> beautifulsoup (84655 chars)
2026-09-12 13:40:26,377 - INFO - [845/1962] https://www.bcn.cl/leychile/navegar?idNorma=1189339
2026-09-12 13:40:26,451 - WARNING - discarding data: None
2026-09-12 13:40:26,501 - INFO -    -> insuficiente (189 chars)
2026-09-12 13:40:28,356 - INFO - [846/1962] https://www.ciperchile.cl/wp-content/uploads/07-ABRIL-2022-ORD.1103.pdf
2026-09-12 13:40:29,366 - ERROR - parsed tree length: 1, wrong data type or not valid HTML
2026-09-12 13:40:29,366 - ERROR - empty HTML tree: None
2026-09-12 13:40:29,366 - WARNING - discarding data: None
2026-09-12 13:40:29,449 - ERROR - parsed tree length: 1, wrong data type or not valid HTML
2026-09-12 13:40:29,469 - WARNING - Some characters could not be decoded, and were replaced with REPLACEMENT CHARACTER.
2026-09-12 13:40:29,631 - INFO -    -> insuficiente (0 chars)
2026-09-12 13:40:31,757 - INFO - [847/1962] https://www.theclinic.cl/2023/05/16/conflicto-cencosud-municipalidad-vitacura-ma
2026-09-12 13:40:32,895 - INFO -    -> trafilatura (2230 chars)
2026-09-12 13:40:34,513 - INFO - [848/1962] https://www.munistgo.cl/tag/concejo-municipal/
2026-09-12 13:40:37,511 - WARNING - discarding data: None
2026-09-12 13:40:40,020 - INFO -    -> beautifulsoup (96930 chars)
2026-09-12 13:40:42,442 - INFO - [849/1962] https://codexverde.cl/movimiento-ciudadano-versus-inmobiliaria-la-eterna-disputa
2026-09-12 13:40:45,620 - INFO -    -> trafilatura (13194 chars)
2026-09-12 13:40:47,692 - INFO - [850/1962] https://www.facebook.com/MunicipalidaddeTalcahuano/posts/talcahuano-subi%C3%B3-3
2026-09-12 13:40:48,031 - INFO -    -> http_error_400 (0 chars)
2026-09-12 13:40:50,787 - INFO - [851/1962] https://segreader.emol.cl/2017/05/18/A/M235MCEK/light?gt=134637
2026-09-12 13:40:51,535 - ERROR - parsed tree length: 1, wrong data type or not valid HTML
2026-09-12 13:40:51,535 - ERROR - empty HTML tree: None
2026-09-12 13:40:51,535 - WARNING - discarding data: None
2026-09-12 13:40:51,538 - ERROR - parsed tree length: 1, wrong data type or not valid HTML
2026-09-12 13:40:51,559 - INFO -    -> beautifulsoup (4475 chars)
2026-09-12 13:40:53,809 - INFO - [852/1962] http://www.economiaynegocios.cl/noticias/noticias.asp?id=409668
2026-09-12 13:40:54,584 - INFO -    -> trafilatura (9516 chars)
2026-09-12 13:40:56,130 - INFO - [853/1962] https://www.soychile.cl/Valparaiso/Sociedad/2015/06/09/327441/Vecinos-del-cerro-
2026-09-12 13:40:57,684 - INFO -    -> trafilatura (351 chars)
2026-09-12 13:40:59,727 - INFO - [854/1962] https://segreader.emol.cl/2018/01/30/A/FU3AMV6C/light?gt=162252
2026-09-12 13:40:59,776 - ERROR - parsed tree length: 1, wrong data type or not valid HTML
2026-09-12 13:40:59,776 - ERROR - empty HTML tree: None
2026-09-12 13:40:59,776 - WARNING - discarding data: None
2026-09-12 13:40:59,778 - ERROR - parsed tree length: 1, wrong data type or not valid HTML
2026-09-12 13:40:59,814 - INFO -    -> beautifulsoup (1472 chars)
2026-09-12 13:41:02,029 - INFO - [855/1962] https://www.bcn.cl/leychile/Navegar?idNorma=1131346&idVersion=2019-05-10
2026-09-12 13:41:02,051 - WARNING - discarding data: None
2026-09-12 13:41:02,107 - INFO -    -> insuficiente (189 chars)
2026-09-12 13:41:03,916 - INFO - [856/1962] https://chicureo.com/taller/2018/03/28/inmobiliaria-manquehue-pone-en-venta-edif
2026-09-12 13:41:05,929 - INFO -    -> trafilatura (2494 chars)
2026-09-12 13:41:08,196 - INFO - [857/1962] https://www.comunidadfeliz.cl/post/seguridad-en-edificios-5-consejos-para-mejora
2026-09-12 13:41:08,901 - INFO -    -> trafilatura (5360 chars)
2026-09-12 13:41:11,836 - INFO - [858/1962] https://www.hogardecristo.cl/reportajes/viviendas-sociales-en-las-condes-la-verd
2026-09-12 13:41:13,439 - INFO -    -> trafilatura (10498 chars)
2026-09-12 13:41:15,868 - INFO - [859/1962] https://www.instagram.com/reel/Cu4o4W7IhjZ/
2026-09-12 13:41:17,058 - WARNING - discarding data: None
2026-09-12 13:41:17,977 - INFO -    -> insuficiente (0 chars)
2026-09-12 13:41:20,125 - INFO - [860/1962] https://www.facebook.com/vitacura/posts/programa-subsidio-vecino-destacado-el-pr
2026-09-12 13:41:20,515 - INFO -    -> http_error_400 (0 chars)
2026-09-12 13:41:23,067 - INFO - [861/1962] https://www.instagram.com/p/CW_ZGEMvnoV/
2026-09-12 13:41:23,491 - WARNING - discarding data: None
2026-09-12 13:41:24,618 - INFO -    -> insuficiente (0 chars)
2026-09-12 13:41:27,067 - INFO - [862/1962] https://www.bcn.cl/leychile/navegar?idNorma=1176057
2026-09-12 13:41:27,141 - WARNING - discarding data: None
2026-09-12 13:41:27,181 - INFO -    -> insuficiente (189 chars)
2026-09-12 13:41:28,926 - INFO - [863/1962] https://www.pensamientopenal.com.ar/system/files/2014/12/doctrina35462.pdf
2026-09-12 13:41:31,948 - ERROR - parsed tree length: 1, wrong data type or not valid HTML
2026-09-12 13:41:31,949 - ERROR - empty HTML tree: None
2026-09-12 13:41:31,949 - WARNING - discarding data: None
2026-09-12 13:41:32,313 - ERROR - parsed tree length: 1, wrong data type or not valid HTML
2026-09-12 13:41:32,496 - WARNING - Some characters could not be decoded, and were replaced with REPLACEMENT CHARACTER.
2026-09-12 13:41:35,428 - INFO -    -> insuficiente (0 chars)
2026-09-12 13:41:37,524 - INFO - [864/1962] https://repositorio.uchile.cl/bitstream/handle/2250/133143/Derecho-urban%C3%ADst
2026-09-12 13:41:38,526 - INFO -    -> trafilatura (1245 chars)
2026-09-12 13:41:41,158 - INFO - [865/1962] https://es.scribd.com/document/388862181/Manual-de-Drenaje-Urbano
2026-09-12 13:41:42,054 - INFO -    -> trafilatura (209 chars)
2026-09-12 13:41:44,142 - INFO - [866/1962] https://www.sii.cl/destacados/reavaluo/2018/guiapasoapaso_avaluo.html
2026-09-12 13:41:45,916 - INFO -    -> trafilatura (43324 chars)
2026-09-12 13:41:48,185 - INFO - [867/1962] https://www.facebook.com/Munilaserena/posts/%EF%B8%8Fsab%C3%ADas-que-nuestra-com
2026-09-12 13:41:48,418 - INFO -    -> http_error_400 (0 chars)
2026-09-12 13:41:50,936 - INFO - [868/1962] https://www.scielo.cl/scielo.php?script=sci_arttext&pid=S0719-56992020000200101
2026-09-12 13:41:52,400 - INFO -    -> trafilatura (41997 chars)
2026-09-12 13:41:54,445 - INFO - [869/1962] https://www.df.cl/empresas/infraestructura-inmobiliaria/los-diez-mayores-proyect
2026-09-12 13:41:55,536 - INFO -    -> trafilatura (2676 chars)
2026-09-12 13:41:58,350 - INFO - [870/1962] https://www.igm.cl/IPGH/pdf/Informe_anual_de_actividades_Seccion_Nacional_de_Chi
2026-09-12 13:42:00,789 - ERROR - parsed tree length: 1, wrong data type or not valid HTML
2026-09-12 13:42:00,794 - ERROR - empty HTML tree: None
2026-09-12 13:42:00,794 - WARNING - discarding data: None
2026-09-12 13:42:01,772 - ERROR - parsed tree length: 1, wrong data type or not valid HTML
2026-09-12 13:42:02,149 - WARNING - Some characters could not be decoded, and were replaced with REPLACEMENT CHARACTER.
2026-09-12 13:42:04,883 - INFO -    -> insuficiente (0 chars)
2026-09-12 13:42:07,436 - INFO - [871/1962] https://publications.iadb.org/publications/spanish/document/Urbanismo-ciudadano-
2026-09-12 13:42:08,564 - INFO -    -> http_error_403 (0 chars)
2026-09-12 13:42:10,585 - INFO - [872/1962] https://vitacura.cl/tramites-online/obras/solicitudes/
2026-09-12 13:42:12,868 - INFO -    -> beautifulsoup (1901 chars)
2026-09-12 13:42:15,182 - INFO - [873/1962] https://www.facebook.com/groups/asieralascondes/posts/1065326844469685/
2026-09-12 13:42:15,390 - INFO -    -> http_error_400 (0 chars)
2026-09-12 13:42:17,678 - INFO - [874/1962] http://transparencia.minvu.cl/IRIS_FILES/_T.ACTIVA/2/14_3_2022_12_2_48.html
2026-09-12 13:42:30,527 - INFO -    -> trafilatura (1852691 chars)
2026-09-12 13:42:32,416 - INFO - [875/1962] https://www.buin.cl/wp-content/uploads/2021/09/PLADECO-Buin-2021-2028-portada-fi
2026-09-12 13:42:34,005 - WARNING - wrong encoding detected: cp1250
2026-09-12 13:42:35,388 - ERROR - parsed tree length: 1, wrong data type or not valid HTML
2026-09-12 13:42:35,394 - ERROR - empty HTML tree: None
2026-09-12 13:42:35,394 - WARNING - discarding data: None
2026-09-12 13:42:35,412 - WARNING - wrong encoding detected: cp1250
2026-09-12 13:42:36,763 - ERROR - parsed tree length: 1, wrong data type or not valid HTML
2026-09-12 13:42:37,609 - WARNING - Some characters could not be decoded, and were replaced with REPLACEMENT CHARACTER.
2026-09-12 13:42:38,752 - INFO -    -> insuficiente (0 chars)
2026-09-12 13:42:41,507 - INFO - [876/1962] https://www.df.cl/empresas/retail/cencosud-lanza-proyecto-de-nuevo-centro-comerc
2026-09-12 13:42:41,894 - INFO -    -> trafilatura (3420 chars)
2026-09-12 13:42:44,531 - INFO - [877/1962] https://www.siss.gob.cl/589/articles-17245_BET_bases_definitivas.pdf?ts=15526791
2026-09-12 13:42:46,590 - INFO -    -> trafilatura (21264 chars)
2026-09-12 13:42:49,306 - INFO - [878/1962] https://www.uach.cl/
2026-09-12 13:42:50,327 - INFO -    -> trafilatura (970 chars)
2026-09-12 13:42:52,108 - INFO - [879/1962] https://vitacura.cl/noticias/plan-de-revitalizacion-de-avenida-vitacura-abre-pro
2026-09-12 13:42:53,153 - INFO -    -> trafilatura (2107 chars)
2026-09-12 13:42:55,843 - INFO - [880/1962] https://www.instagram.com/reel/DbTkw7XtveI/
2026-09-12 13:42:56,884 - WARNING - discarding data: None
2026-09-12 13:42:57,683 - INFO -    -> insuficiente (0 chars)
2026-09-12 13:42:59,405 - INFO - [881/1962] https://www.instagram.com/p/Dc8o9DLIJDh/
2026-09-12 13:42:59,786 - WARNING - discarding data: None
2026-09-12 13:43:00,992 - INFO -    -> insuficiente (0 chars)
2026-09-12 13:43:03,757 - INFO - [882/1962] https://providencia.cl/provi/site/docs/20241205/20241205115637/3__memoria_antepr
2026-09-12 13:43:12,944 - ERROR - parsed tree length: 1, wrong data type or not valid HTML
2026-09-12 13:43:12,967 - ERROR - empty HTML tree: None
2026-09-12 13:43:12,967 - WARNING - discarding data: None
2026-09-12 13:43:17,589 - ERROR - parsed tree length: 1, wrong data type or not valid HTML
2026-09-12 13:43:19,561 - WARNING - Some characters could not be decoded, and were replaced with REPLACEMENT CHARACTER.
2026-09-12 13:43:21,495 - INFO -    -> insuficiente (0 chars)
2026-09-12 13:43:24,430 - INFO - [883/1962] https://www.facebook.com/IglesiasAlcaldeIndependencia/posts/sab%C3%ADas-que-inde
2026-09-12 13:43:24,875 - INFO -    -> http_error_400 (0 chars)
2026-09-12 13:43:27,449 - INFO - [884/1962] https://archivos.lascondes.cl/descargas/municipalidad/2025/cuenta-publica/CUENTA
2026-09-12 13:43:31,175 - ERROR - parsed tree length: 1, wrong data type or not valid HTML
2026-09-12 13:43:31,180 - ERROR - empty HTML tree: None
2026-09-12 13:43:31,180 - WARNING - discarding data: None
2026-09-12 13:43:33,373 - ERROR - parsed tree length: 1, wrong data type or not valid HTML
2026-09-12 13:43:34,284 - WARNING - Some characters could not be decoded, and were replaced with REPLACEMENT CHARACTER.
2026-09-12 13:43:39,665 - INFO -    -> insuficiente (0 chars)
2026-09-12 13:43:41,276 - INFO - [885/1962] https://www.instagram.com/reel/DYNNmJcRx5t/
2026-09-12 13:43:41,716 - WARNING - discarding data: None
2026-09-12 13:43:42,768 - INFO -    -> insuficiente (0 chars)
2026-09-12 13:43:44,992 - INFO - [886/1962] https://www.camara.cl/verDoc.aspx?prmID=359595&prmTipo=DOCUMENTO_COMISION
2026-09-12 13:43:46,471 - ERROR - parsed tree length: 1, wrong data type or not valid HTML
2026-09-12 13:43:46,471 - ERROR - empty HTML tree: None
2026-09-12 13:43:46,471 - WARNING - discarding data: None
2026-09-12 13:43:46,517 - ERROR - parsed tree length: 1, wrong data type or not valid HTML
2026-09-12 13:43:46,528 - WARNING - Some characters could not be decoded, and were replaced with REPLACEMENT CHARACTER.
2026-09-12 13:43:46,620 - INFO -    -> insuficiente (0 chars)
2026-09-12 13:43:48,747 - INFO - [887/1962] https://opinion.cooperativa.cl/opinion/ciudades/alerta-contraloria/2015-07-26/11
2026-09-12 13:43:49,452 - INFO -    -> trafilatura (6780 chars)
2026-09-12 13:43:52,300 - INFO - [888/1962] https://cl.linkedin.com/in/luis-sanhueza-d%C3%ADaz-b1322638
2026-09-12 13:43:53,467 - INFO -    -> http_error_999 (0 chars)
2026-09-12 13:43:56,430 - INFO - [889/1962] http://static.elmercurio.com/Documentos/Legal/2015/06/05/20150605182032.pdf
2026-09-12 13:43:56,554 - ERROR - parsed tree length: 1, wrong data type or not valid HTML
2026-09-12 13:43:56,555 - ERROR - empty HTML tree: None
2026-09-12 13:43:56,555 - WARNING - discarding data: None
2026-09-12 13:43:56,570 - ERROR - parsed tree length: 1, wrong data type or not valid HTML
2026-09-12 13:43:56,575 - WARNING - Some characters could not be decoded, and were replaced with REPLACEMENT CHARACTER.
2026-09-12 13:43:56,593 - INFO -    -> insuficiente (0 chars)
2026-09-12 13:43:58,350 - INFO - [890/1962] https://dequienes.cl/diario-oficial/2017/03/01/inmobiliaria-puyehue-spa-1188688
2026-09-12 13:43:59,765 - INFO -    -> trafilatura (1759 chars)
2026-09-12 13:44:02,182 - INFO - [891/1962] https://www.facebook.com/PoderJudicialdeChile/posts/corte-de-valdivia-ratifica-f
2026-09-12 13:44:03,251 - INFO -    -> http_error_400 (0 chars)
2026-09-12 13:44:06,204 - INFO - [892/1962] https://www.sernac.cl/portal/617/articles-21530_archivo_01.pdf
2026-09-12 13:44:08,138 - ERROR - parsed tree length: 1, wrong data type or not valid HTML
2026-09-12 13:44:08,139 - ERROR - empty HTML tree: None
2026-09-12 13:44:08,140 - WARNING - discarding data: None
2026-09-12 13:44:08,579 - ERROR - parsed tree length: 1, wrong data type or not valid HTML
2026-09-12 13:44:08,748 - WARNING - Some characters could not be decoded, and were replaced with REPLACEMENT CHARACTER.
2026-09-12 13:44:09,346 - INFO -    -> insuficiente (0 chars)
2026-09-12 13:44:11,382 - INFO - [893/1962] https://www.instagram.com/reel/DYNi9BJPhUJ/
2026-09-12 13:44:11,732 - WARNING - discarding data: None
2026-09-12 13:44:12,422 - INFO -    -> insuficiente (0 chars)
2026-09-12 13:44:14,462 - INFO - [894/1962] https://www.instagram.com/p/DMq4Iy-Mfxm/
2026-09-12 13:44:14,828 - WARNING - discarding data: None
2026-09-12 13:44:15,631 - INFO -    -> insuficiente (0 chars)
2026-09-12 13:44:18,265 - INFO - [895/1962] https://valuaciones.cl/las-condes-le-gana-a-vitacura-juicio-por-terrenos-en-una-
2026-09-12 13:44:21,699 - INFO -    -> trafilatura (7331 chars)
2026-09-12 13:44:23,572 - INFO - [896/1962] https://www.latercera.com/pulso-pm/noticia/familia-callejas-demanda-a-inmobiliar
2026-09-12 13:44:26,255 - INFO -    -> trafilatura (5823 chars)
2026-09-12 13:44:27,911 - INFO - [897/1962] https://interferencia.cl/articulos/supremo-j-e-fuentes-belmar-modifico-reglament
2026-09-12 13:44:29,600 - INFO -    -> trafilatura (7749 chars)
2026-09-12 13:44:31,827 - INFO - [898/1962] https://vitacura.cl/app/uploads/2025/11/04_Publicacion_PIIMEP_D.O.14.11.2025.pdf
2026-09-12 13:44:34,510 - ERROR - parsed tree length: 1, wrong data type or not valid HTML
2026-09-12 13:44:34,511 - ERROR - empty HTML tree: None
2026-09-12 13:44:34,511 - WARNING - discarding data: None
2026-09-12 13:44:34,688 - ERROR - parsed tree length: 1, wrong data type or not valid HTML
2026-09-12 13:44:34,769 - WARNING - Some characters could not be decoded, and were replaced with REPLACEMENT CHARACTER.
2026-09-12 13:44:35,117 - INFO -    -> insuficiente (0 chars)
2026-09-12 13:44:37,266 - INFO - [899/1962] https://www.ex-ante.cl/economia/cenco-malls-se-ve-obligado-a-no-continuar-con-el
2026-09-12 13:44:39,047 - INFO -    -> trafilatura (3223 chars)
2026-09-12 13:44:40,623 - INFO - [900/1962] https://es.linkedin.com/posts/cristian-armas-m_cronolog%C3%ADa-de-la-expropiaci%
2026-09-12 13:44:42,647 - INFO -    -> trafilatura (1230 chars)
2026-09-12 13:44:44,984 - INFO - [901/1962] https://www.df.cl/df-mas/coffee-break/cencosud-retira-del-tramite-ambiental-su-p
2026-09-12 13:44:46,145 - INFO -    -> trafilatura (3299 chars)
2026-09-12 13:44:47,914 - INFO - [902/1962] https://derechoshumanos.udp.cl/cms/wp-content/uploads/2020/12/AnuarioDDHH2017_co
2026-09-12 13:44:49,945 - ERROR - parsed tree length: 1, wrong data type or not valid HTML
2026-09-12 13:44:49,946 - ERROR - empty HTML tree: None
2026-09-12 13:44:49,947 - WARNING - discarding data: None
2026-09-12 13:44:50,395 - ERROR - parsed tree length: 1, wrong data type or not valid HTML
2026-09-12 13:44:50,559 - WARNING - Some characters could not be decoded, and were replaced with REPLACEMENT CHARACTER.
2026-09-12 13:44:51,334 - INFO -    -> insuficiente (0 chars)
2026-09-12 13:44:53,038 - INFO - [903/1962] https://www.italaw.com/sites/default/files/case-documents/italaw4069.pdf
2026-09-12 13:44:54,914 - ERROR - parsed tree length: 1, wrong data type or not valid HTML
2026-09-12 13:44:54,915 - ERROR - empty HTML tree: None
2026-09-12 13:44:54,915 - WARNING - discarding data: None
2026-09-12 13:44:55,178 - ERROR - parsed tree length: 1, wrong data type or not valid HTML
2026-09-12 13:44:55,284 - WARNING - Some characters could not be decoded, and were replaced with REPLACEMENT CHARACTER.
2026-09-12 13:44:55,872 - INFO -    -> insuficiente (0 chars)
2026-09-12 13:44:58,607 - INFO - [904/1962] https://www.facebook.com/federacionatleticadechile/posts/declaracion-p%C3%BAblic
2026-09-12 13:44:59,632 - INFO -    -> http_error_400 (0 chars)
2026-09-12 13:45:02,047 - INFO - [905/1962] https://repositorio.uchile.cl/bitstream/handle/2250/116097/de-barros_m.pdf?seque
2026-09-12 13:45:02,822 - INFO -    -> trafilatura (1245 chars)
2026-09-12 13:45:05,795 - INFO - [906/1962] https://www.academia.edu/4165277/Memoria_del_porvenir_historia_de_Huetamo
2026-09-12 13:45:06,423 - INFO -    -> http_error_403 (0 chars)
2026-09-12 13:45:09,284 - INFO - [907/1962] http://latribunadern.cl/mediomi.html
2026-09-12 13:45:10,107 - INFO -    -> trafilatura (271 chars)
2026-09-12 13:45:12,412 - INFO - [908/1962] https://www.ex-ante.cl/politica/jorge-ramirez-presidente-de-comunes-el-frente-am
2026-09-12 13:45:12,656 - INFO -    -> trafilatura (4969 chars)
2026-09-12 13:45:14,628 - INFO - [909/1962] https://www.cmfchile.cl/institucional/inc/sentencias/resultado_sentencias.php
2026-09-12 13:45:18,165 - INFO -    -> trafilatura (301566 chars)
2026-09-12 13:45:20,834 - INFO - [910/1962] https://www.facebook.com/muniquilicura/posts/%EF%B8%8Fcabildo-abierto-chile-desp
2026-09-12 13:45:21,268 - INFO -    -> http_error_400 (0 chars)
2026-09-12 13:45:23,908 - INFO - [911/1962] https://www.circuloverde.cl/una-advertencia-para-incluir-como-actividad-especifi
2026-09-12 13:45:25,741 - INFO -    -> trafilatura (8931 chars)
2026-09-12 13:45:28,633 - INFO - [912/1962] https://repositorio.udd.cl/bitstreams/6b21ee5b-cad0-4df4-ad9f-ac7890699bfe/downl
2026-09-12 13:45:29,419 - INFO -    -> http_error_403 (0 chars)
2026-09-12 13:45:31,686 - INFO - [913/1962] https://pagbam.com/articulos/las-llamadas-sociedades-de-familia-y-la-legitima-he
2026-09-12 13:45:34,765 - INFO -    -> trafilatura (32695 chars)
2026-09-12 13:45:37,558 - INFO - [914/1962] https://unesdoc.unesco.org/ark:/48223/pf0000134554_spa
2026-09-12 13:45:38,530 - WARNING - discarding data: None
2026-09-12 13:45:38,553 - INFO -    -> insuficiente (0 chars)
2026-09-12 13:45:40,079 - INFO - [915/1962] https://derechoshumanos.udp.cl/cms/wp-content/uploads/2020/12/InformeAnual2016co
2026-09-12 13:45:41,492 - ERROR - parsed tree length: 1, wrong data type or not valid HTML
2026-09-12 13:45:41,493 - ERROR - empty HTML tree: None
2026-09-12 13:45:41,494 - WARNING - discarding data: None
2026-09-12 13:45:41,657 - ERROR - parsed tree length: 1, wrong data type or not valid HTML
2026-09-12 13:45:41,716 - WARNING - Some characters could not be decoded, and were replaced with REPLACEMENT CHARACTER.
2026-09-12 13:45:41,988 - INFO -    -> insuficiente (0 chars)
2026-09-12 13:45:43,690 - INFO - [916/1962] https://www.adnradio.cl/nacional/2017/10/13/corte-de-santiago-acogio-recurso-de-
2026-09-12 13:45:45,937 - INFO -    -> trafilatura (1166 chars)
2026-09-12 13:45:48,110 - INFO - [917/1962] https://www.facebook.com/PoderJudicialdeChile/posts/s%C3%A9ptimo-juzgado-de-gara
2026-09-12 13:45:48,458 - INFO -    -> http_error_400 (0 chars)
2026-09-12 13:45:50,686 - INFO - [918/1962] https://www.soychile.cl/Santiago/Espectaculos/2016/11/17/430270/Justicia-rechazo
2026-09-12 13:45:52,237 - INFO -    -> trafilatura (804 chars)
2026-09-12 13:45:54,134 - INFO - [919/1962] https://microservicio-documentos.senado.cl/v1/archivos/6b1e0fcf-5744-4a7a-96cb-4
2026-09-12 13:45:56,338 - INFO -    -> trafilatura (33489 chars)
2026-09-12 13:45:58,450 - INFO - [920/1962] https://www.latercera.com/noticia/motivo-participante-manos-al-fuego-ir-la-justi
2026-09-12 13:46:00,406 - INFO -    -> trafilatura (11825 chars)
2026-09-12 13:46:01,910 - INFO - [921/1962] https://www.vlnradio.cl/noticias/deportes/2016/12/13/astaburuaga-clasifica-direc
2026-09-12 13:46:03,589 - INFO -    -> trafilatura (285 chars)
2026-09-12 13:46:05,314 - INFO - [922/1962] https://www.facebook.com/seremieducacionloslagos/posts/seremi-educaci%C3%B3n-inf
2026-09-12 13:46:05,566 - INFO -    -> http_error_400 (0 chars)
2026-09-12 13:46:07,764 - INFO - [923/1962] https://www.camara.cl/verDoc.aspx?prmID=80429&prmTipo=DOCUMENTO_COMISION
2026-09-12 13:46:09,693 - ERROR - parsed tree length: 1, wrong data type or not valid HTML
2026-09-12 13:46:09,694 - ERROR - empty HTML tree: None
2026-09-12 13:46:09,694 - WARNING - discarding data: None
2026-09-12 13:46:09,765 - ERROR - parsed tree length: 1, wrong data type or not valid HTML
2026-09-12 13:46:09,784 - WARNING - Some characters could not be decoded, and were replaced with REPLACEMENT CHARACTER.
2026-09-12 13:46:09,947 - INFO -    -> insuficiente (0 chars)
2026-09-12 13:46:11,649 - INFO - [924/1962] https://pj.poder-judicial.go.cr/index.php/informacion-institucional/historia-org
2026-09-12 13:46:13,200 - INFO -    -> http_error_404 (0 chars)
2026-09-12 13:46:14,949 - INFO - [925/1962] https://www.biobiochile.cl/noticias/nacional/chile/2020/11/08/viviendo-en-la-fal
2026-09-12 13:46:16,054 - INFO -    -> trafilatura (26292 chars)
2026-09-12 13:46:17,915 - INFO - [926/1962] https://www.facebook.com/PoderJudicialdeChile/posts/corte-de-apelaciones-de-ranc
2026-09-12 13:46:18,272 - INFO -    -> http_error_400 (0 chars)
2026-09-12 13:46:20,611 - INFO - [927/1962] https://www.latercera.com/nacional/noticia/colegio-aleman-santiago-defiende-sist
2026-09-12 13:46:21,977 - INFO -    -> trafilatura (2048 chars)
2026-09-12 13:46:24,215 - INFO - [928/1962] https://www.facebook.com/municipalidaddeolmue.vregiondevalparaiso/posts/se-inter
2026-09-12 13:46:24,556 - INFO -    -> http_error_400 (0 chars)
2026-09-12 13:46:27,272 - INFO - [929/1962] https://www.facebook.com/municipalidad.sanjavier/posts/jefe-posta-de-caliboro-ra
2026-09-12 13:46:27,659 - INFO -    -> http_error_400 (0 chars)
2026-09-12 13:46:29,625 - INFO - [930/1962] https://www.instagram.com/p/B-NabKpjtHJ/
2026-09-12 13:46:30,672 - WARNING - discarding data: None
2026-09-12 13:46:31,402 - INFO -    -> insuficiente (0 chars)
2026-09-12 13:46:33,318 - INFO - [931/1962] https://padrelascasas.cl/transparencia_activa_plc/07.%20Actos%20y%20resoluciones
2026-09-12 13:46:34,384 - ERROR - parsed tree length: 1, wrong data type or not valid HTML
2026-09-12 13:46:34,385 - ERROR - empty HTML tree: None
2026-09-12 13:46:34,385 - WARNING - discarding data: None
2026-09-12 13:46:34,424 - ERROR - parsed tree length: 1, wrong data type or not valid HTML
2026-09-12 13:46:34,437 - WARNING - Some characters could not be decoded, and were replaced with REPLACEMENT CHARACTER.
2026-09-12 13:46:34,506 - INFO -    -> insuficiente (0 chars)
2026-09-12 13:46:36,410 - INFO - [932/1962] https://araucaniadiario.cl/contenido/380/taller-mecanico-femenino-de-temuco-cier
2026-09-12 13:46:37,257 - INFO -    -> http_error_403 (0 chars)
2026-09-12 13:46:39,598 - INFO - [933/1962] https://www.latercera.com/que-pasa/noticia/una-bomba-de-tiempo-mas-de-25-millone
2026-09-12 13:46:41,358 - INFO -    -> trafilatura (17434 chars)
2026-09-12 13:46:42,865 - INFO - [934/1962] https://www.facebook.com/PoderJudicialdeChile/posts/corte-de-santiago-acoge-recu
2026-09-12 13:46:43,360 - INFO -    -> http_error_400 (0 chars)
2026-09-12 13:46:45,889 - INFO - [935/1962] https://3ta.cl/wp-content/uploads/2023/09/Boletin-Jurisprudencia-N%C2%B035_Agost
2026-09-12 13:46:46,754 - ERROR - parsed tree length: 1, wrong data type or not valid HTML
2026-09-12 13:46:46,755 - ERROR - empty HTML tree: None
2026-09-12 13:46:46,755 - WARNING - discarding data: None
2026-09-12 13:46:46,891 - ERROR - parsed tree length: 1, wrong data type or not valid HTML
2026-09-12 13:46:46,944 - WARNING - Some characters could not be decoded, and were replaced with REPLACEMENT CHARACTER.
2026-09-12 13:46:47,181 - INFO -    -> insuficiente (0 chars)
2026-09-12 13:46:49,931 - INFO - [936/1962] https://academiajudicial.cl/wp-content/uploads/2022/03/04_Corte-de-Apelaciones-n
2026-09-12 13:46:51,649 - ERROR - parsed tree length: 1, wrong data type or not valid HTML
2026-09-12 13:46:51,650 - ERROR - empty HTML tree: None
2026-09-12 13:46:51,650 - WARNING - discarding data: None
2026-09-12 13:46:51,885 - ERROR - parsed tree length: 1, wrong data type or not valid HTML
2026-09-12 13:46:51,991 - WARNING - Some characters could not be decoded, and were replaced with REPLACEMENT CHARACTER.
2026-09-12 13:46:52,377 - INFO -    -> insuficiente (0 chars)
2026-09-12 13:46:53,939 - INFO - [937/1962] https://www.diarioconstitucional.cl/2022/03/05/recurso-de-proteccion-en-contra-d
2026-09-12 13:46:55,006 - INFO -    -> trafilatura (479 chars)
2026-09-12 13:46:57,130 - INFO - [938/1962] https://radiopirque.cl/corte-de-apelaciones-de-san-miguel-rechazo-recurso-interp
2026-09-12 13:47:07,592 - INFO -    -> trafilatura (1672 chars)
2026-09-12 13:47:09,694 - INFO - [939/1962] https://actualidadjuridica.doe.cl/corte-suprema-confirma-rechazo-de-recurso-de-p
2026-09-12 13:47:12,629 - INFO -    -> trafilatura (5906 chars)
2026-09-12 13:47:14,806 - INFO - [940/1962] https://www.portal.ijuridica.cl/2026/07/tercera-sala-acoge-amparo-economico-por-
2026-09-12 13:47:18,373 - INFO -    -> trafilatura (3239 chars)
2026-09-12 13:47:20,886 - INFO - [941/1962] https://www.instagram.com/p/C4JIwggLpNg/
2026-09-12 13:47:21,985 - WARNING - discarding data: None
2026-09-12 13:47:22,893 - INFO -    -> insuficiente (0 chars)
2026-09-12 13:47:25,383 - INFO - [942/1962] https://publimicro.cl/vecinos-de-comuna-de-san-ramon-en-santiago-presentan-recur
2026-09-12 13:47:26,785 - INFO -    -> trafilatura (1298 chars)
2026-09-12 13:47:28,512 - INFO - [943/1962] https://www.diarioconstitucional.cl/2026/03/28/plazo-para-interponer-recurso-de-
2026-09-12 13:47:28,803 - INFO -    -> trafilatura (1570 chars)
2026-09-12 13:47:31,239 - INFO - [944/1962] https://www.facebook.com/PoderJudicialdeChile/videos/-actualizado-115-en-vivo-6%
2026-09-12 13:47:32,028 - WARNING - discarding data: None
2026-09-12 13:47:32,681 - INFO -    -> insuficiente (0 chars)
2026-09-12 13:47:35,313 - INFO - [945/1962] https://www.facebook.com/RadioBioBio/posts/la-corte-de-apelaciones-de-san-miguel
2026-09-12 13:47:35,556 - INFO -    -> http_error_400 (0 chars)
2026-09-12 13:47:38,468 - INFO - [946/1962] https://derechoinformatico.cl/wp-content/uploads/2024/06/CS-2479-2018.pdf
2026-09-12 13:47:40,086 - ERROR - parsed tree length: 1, wrong data type or not valid HTML
2026-09-12 13:47:40,086 - ERROR - empty HTML tree: None
2026-09-12 13:47:40,087 - WARNING - discarding data: None
2026-09-12 13:47:40,102 - ERROR - parsed tree length: 1, wrong data type or not valid HTML
2026-09-12 13:47:40,110 - WARNING - Some characters could not be decoded, and were replaced with REPLACEMENT CHARACTER.
2026-09-12 13:47:40,135 - INFO -    -> insuficiente (0 chars)
2026-09-12 13:47:42,820 - INFO - [947/1962] https://www.instagram.com/reel/DOoz0lIgGV3/
2026-09-12 13:47:43,212 - WARNING - discarding data: None
2026-09-12 13:47:44,101 - INFO -    -> insuficiente (0 chars)
2026-09-12 13:47:45,707 - INFO - [948/1962] https://www.facebook.com/comunicaciones.cartago/posts/ultimas-noticias-lumaca-ya
2026-09-12 13:47:46,074 - INFO -    -> http_error_400 (0 chars)
2026-09-12 13:47:48,032 - INFO - [949/1962] https://www.laflorida.cl/web/wp-content/uploads/2020/11/Decreto-Exento-N%C2%B0-3
2026-09-12 13:47:48,655 - ERROR - parsed tree length: 1, wrong data type or not valid HTML
2026-09-12 13:47:48,655 - ERROR - empty HTML tree: None
2026-09-12 13:47:48,655 - WARNING - discarding data: None
2026-09-12 13:47:48,671 - ERROR - parsed tree length: 1, wrong data type or not valid HTML
2026-09-12 13:47:48,676 - WARNING - Some characters could not be decoded, and were replaced with REPLACEMENT CHARACTER.
2026-09-12 13:47:48,705 - INFO -    -> insuficiente (0 chars)
2026-09-12 13:47:51,005 - INFO - [950/1962] https://www.facebook.com/ayuntamientosmvaldeiglesias/posts/nota-aclaratoria-ante
2026-09-12 13:47:51,321 - INFO -    -> http_error_400 (0 chars)
2026-09-12 13:47:54,199 - INFO - [951/1962] https://www.latercera.com/pulso/noticia/pipa-la-paz-chicureo-vecinos-piedra-roja
2026-09-12 13:47:56,552 - INFO -    -> trafilatura (3558 chars)
2026-09-12 13:47:58,110 - INFO - [952/1962] https://www.consejotransparencia.cl/wp-content/uploads/2020/04/Memoria-CPLT-FINA
2026-09-12 13:47:59,720 - ERROR - parsed tree length: 1, wrong data type or not valid HTML
2026-09-12 13:47:59,721 - ERROR - empty HTML tree: None
2026-09-12 13:47:59,721 - WARNING - discarding data: None
2026-09-12 13:48:00,197 - ERROR - parsed tree length: 1, wrong data type or not valid HTML
2026-09-12 13:48:00,401 - WARNING - Some characters could not be decoded, and were replaced with REPLACEMENT CHARACTER.
2026-09-12 13:48:01,445 - INFO -    -> insuficiente (0 chars)
2026-09-12 13:48:03,398 - INFO - [953/1962] https://www.facebook.com/MuseodelaMemoriaChile/posts/dl-n-1877-el-decreto-ley-qu
2026-09-12 13:48:03,704 - INFO -    -> http_error_400 (0 chars)
2026-09-12 13:48:05,956 - INFO - [954/1962] https://www.facebook.com/rcbolivia/videos/omar-aguilar-asfi/226151202015539/
2026-09-12 13:48:07,815 - WARNING - discarding data: None
2026-09-12 13:48:08,663 - INFO -    -> insuficiente (0 chars)
2026-09-12 13:48:10,532 - INFO - [955/1962] https://www.facebook.com/sanbernardoopinion/posts/investigaci%C3%B3n-caso-estaci
2026-09-12 13:48:10,979 - INFO -    -> http_error_400 (0 chars)
2026-09-12 13:48:13,809 - INFO - [956/1962] https://www.facebook.com/prensacom/posts/que-se-declare-nula-por-ilegal-la-resol
2026-09-12 13:48:14,251 - INFO -    -> http_error_400 (0 chars)
2026-09-12 13:48:16,442 - INFO - [957/1962] https://www.facebook.com/FESPADElSalvador/posts/fespad-solicita-al-ministerio-de
2026-09-12 13:48:16,909 - INFO -    -> http_error_400 (0 chars)
2026-09-12 13:48:18,956 - INFO - [958/1962] https://www.facebook.com/RadioSantaClara/posts/coopelesca-hab%C3%ADa-hecho-la-so
2026-09-12 13:48:19,218 - INFO -    -> http_error_400 (0 chars)
2026-09-12 13:48:21,523 - INFO - [959/1962] https://www.diarioconstitucional.cl/2026/08/11/transparencia-no-obliga-a-crear-d
2026-09-12 13:48:21,824 - INFO -    -> trafilatura (4981 chars)
2026-09-12 13:48:23,474 - INFO - [960/1962] https://www.instagram.com/reel/DVhLXCrDQMP/
2026-09-12 13:48:23,812 - WARNING - discarding data: None
2026-09-12 13:48:24,707 - INFO -    -> insuficiente (0 chars)
2026-09-12 13:48:26,423 - INFO - [961/1962] https://www.facebook.com/villarricaldia/posts/contralor%C3%ADa-detecta-irregular
2026-09-12 13:48:26,751 - INFO -    -> http_error_400 (0 chars)
2026-09-12 13:48:29,356 - INFO - [962/1962] https://www.instagram.com/p/DWQFOrLDWWP/
2026-09-12 13:48:29,676 - WARNING - discarding data: None
2026-09-12 13:48:30,675 - INFO -    -> insuficiente (0 chars)
2026-09-12 13:48:32,820 - INFO - [963/1962] https://www.facebook.com/claudiorrego/posts/la-justicia-ha-dado-la-raz%C3%B3n-al
2026-09-12 13:48:33,054 - INFO -    -> http_error_400 (0 chars)
2026-09-12 13:48:35,350 - INFO - [964/1962] https://www.facebook.com/ctransparencia/posts/-cpltresuelve-un-ciudadano-pidi%C3
2026-09-12 13:48:35,785 - INFO -    -> http_error_400 (0 chars)
2026-09-12 13:48:37,844 - INFO - [965/1962] https://www.diarioconstitucional.cl/2025/02/21/norma-que-impide-reclamar-a-los-o
2026-09-12 13:48:38,181 - INFO -    -> trafilatura (3182 chars)
2026-09-12 13:48:41,020 - INFO - [966/1962] https://www.latercera.com/pulso/noticia/casi-diez-anos-despues-corte-de-apelacio
2026-09-12 13:48:42,500 - INFO -    -> trafilatura (5735 chars)
2026-09-12 13:48:44,677 - INFO - [967/1962] https://www.facebook.com/alcaldiaarmenia/posts/obras-del-parque-residencial-san-
2026-09-12 13:48:45,007 - INFO -    -> http_error_400 (0 chars)
2026-09-12 13:48:46,699 - INFO - [968/1962] https://www.santiagoenlinea.cl/7-1-1-1certificado-de-informaciones-previas-linea
2026-09-12 13:48:47,851 - INFO -    -> trafilatura (1221 chars)
2026-09-12 13:48:49,583 - INFO - [969/1962] https://derecho.udd.cl/actualidadjuridica/files/2015/08/31-Ensayos-La-estabilida
2026-09-12 13:48:50,163 - ERROR - parsed tree length: 1, wrong data type or not valid HTML
2026-09-12 13:48:50,163 - ERROR - empty HTML tree: None
2026-09-12 13:48:50,163 - WARNING - discarding data: None
2026-09-12 13:48:50,178 - ERROR - parsed tree length: 1, wrong data type or not valid HTML
2026-09-12 13:48:50,183 - WARNING - Some characters could not be decoded, and were replaced with REPLACEMENT CHARACTER.
2026-09-12 13:48:50,218 - INFO -    -> insuficiente (0 chars)
2026-09-12 13:48:52,088 - INFO - [970/1962] https://www.facebook.com/groups/OGUCChile/posts/1544475365570950/
2026-09-12 13:48:52,345 - INFO -    -> http_error_400 (0 chars)
2026-09-12 13:48:54,434 - INFO - [971/1962] https://noticias.juridicas.com/conocimiento/articulos-doctrinales/4939-licencia-
2026-09-12 13:48:55,743 - WARNING - Error extrayendo https://noticias.juridicas.com/conocimiento/articulos-doctrinales/4939: HTTPSConnectionPool(host='noticias.juridicas.com', port=443): Max retries exceeded with url: /conocimiento/articulos-doctrinales/4939-licencia-municipal-de-obras-menores/ (Caused by SSLError(SSLCertVerificationError(1, '[SSL: CERTIFICATE_VERIFY_FAILED] certificate verify failed: unable to get local issuer certificate (_ssl.c:1032)')))
2026-09-12 13:48:55,751 - INFO -    -> error (0 chars)
2026-09-12 13:48:57,879 - INFO - [972/1962] http://www.scielo.cl/scielo.php?script=sci_arttext&pid=S0718-34372016000200009
2026-09-12 13:48:59,376 - INFO -    -> trafilatura (91289 chars)
2026-09-12 13:49:01,867 - INFO - [973/1962] http://www.munimacul.cl/transparencia/documentos/Cuenta_Publica/2015_Cuenta_Publ
2026-09-12 13:49:22,158 - WARNING - Error extrayendo http://www.munimacul.cl/transparencia/documentos/Cuenta_Publica/2015_C: HTTPConnectionPool(host='www.munimacul.cl', port=80): Max retries exceeded with url: /transparencia/documentos/Cuenta_Publica/2015_Cuenta_Publica_Macul.pdf (Caused by ConnectTimeoutError(<HTTPConnection(host='www.munimacul.cl', port=80) at 0x2cc5d979bf0>, 'Connection to www.munimacul.cl timed out. (connect timeout=20)'))
2026-09-12 13:49:22,167 - INFO -    -> error (0 chars)
2026-09-12 13:49:24,839 - INFO - [974/1962] https://derecho.uchile.cl/biblioteca/listado-de-libros-digitalizados
2026-09-12 13:49:27,853 - INFO -    -> trafilatura (179705 chars)
2026-09-12 13:49:29,743 - INFO - [975/1962] https://www.chilevision.cl/noticias/reportajes/cronicas/covid-19-en-los-dos-chil
2026-09-12 13:49:30,610 - INFO -    -> trafilatura (4082 chars)
2026-09-12 13:49:32,746 - INFO - [976/1962] https://www.latercera.com/culto/2019/04/09/miguel-lawner-premio-2019/
2026-09-12 13:49:34,170 - INFO -    -> trafilatura (7351 chars)
2026-09-12 13:49:36,726 - INFO - [977/1962] https://www.facebook.com/MundoFAU/posts/la-deuda-de-chile-con-el-derecho-a-la-vi
2026-09-12 13:49:37,074 - INFO -    -> http_error_400 (0 chars)
2026-09-12 13:49:39,400 - INFO - [978/1962] https://www.facebook.com/OnceTvUyuni/posts/juntas-vecinales-piden-a-alcalde-camb
2026-09-12 13:49:39,721 - INFO -    -> http_error_400 (0 chars)
2026-09-12 13:49:41,302 - INFO - [979/1962] https://www.theclinic.cl/2019/10/01/felipe-palacios-exalcalde-de-estacion-centra
2026-09-12 13:49:42,774 - INFO -    -> trafilatura (20691 chars)
2026-09-12 13:49:44,601 - INFO - [980/1962] https://www.theclinic.cl/2020/08/26/la-desolacion-de-miguel-lawner-en-europa-las
2026-09-12 13:49:45,235 - INFO -    -> trafilatura (18552 chars)
2026-09-12 13:49:46,906 - INFO - [981/1962] https://www.facebook.com/PeriodicoLiberarce/posts/vecinos-del-barrio-nuevo-comie
2026-09-12 13:49:47,158 - INFO -    -> http_error_400 (0 chars)
2026-09-12 13:49:49,428 - INFO - [982/1962] https://www.facebook.com/ciperchile/posts/no-lo-le%C3%ADste-proyecto-de-empresar
2026-09-12 13:49:49,797 - INFO -    -> http_error_400 (0 chars)
2026-09-12 13:49:52,690 - INFO - [983/1962] https://www.facebook.com/GustavoToroSR/videos/-hoy-visit%C3%A9-el-piloto-del-pri
2026-09-12 13:49:53,498 - WARNING - discarding data: None
2026-09-12 13:49:54,267 - INFO -    -> insuficiente (0 chars)
2026-09-12 13:49:57,264 - INFO - [984/1962] https://www.instagram.com/reel/DCeVZFgOiAM/
2026-09-12 13:49:58,296 - WARNING - discarding data: None
2026-09-12 13:49:59,016 - INFO -    -> insuficiente (0 chars)
2026-09-12 13:50:01,712 - INFO - [985/1962] https://www.instagram.com/p/DbuHyLPKCIt/
2026-09-12 13:50:02,080 - WARNING - discarding data: None
2026-09-12 13:50:03,113 - INFO -    -> insuficiente (0 chars)
2026-09-12 13:50:05,796 - INFO - [986/1962] https://www.instagram.com/reel/DbEY1DWP-zr/
2026-09-12 13:50:06,131 - WARNING - discarding data: None
2026-09-12 13:50:07,014 - INFO -    -> insuficiente (0 chars)
2026-09-12 13:50:09,318 - INFO - [987/1962] https://www.facebook.com/claudiorrego/videos/a%C3%BAn-faltan-varias-horas-para-e
2026-09-12 13:50:10,292 - WARNING - discarding data: None
2026-09-12 13:50:10,907 - INFO -    -> insuficiente (0 chars)
2026-09-12 13:50:13,241 - INFO - [988/1962] https://repositorio.uchile.cl/handle/2250/117665/browse?rpp=20&offset=260&etal=-
2026-09-12 13:50:13,962 - INFO -    -> trafilatura (1245 chars)
2026-09-12 13:50:15,521 - INFO - [989/1962] https://www.facebook.com/meganoticiascl/photos/alcaldes-parlamentarios-y-comit%C
2026-09-12 13:50:15,960 - INFO -    -> http_error_400 (0 chars)
2026-09-12 13:50:18,306 - INFO - [990/1962] https://chiledescentralizado.cl/gobernador-claudio-orrego-la-primera-impresion-d
2026-09-12 13:50:21,353 - INFO -    -> trafilatura (1956 chars)
2026-09-12 13:50:22,949 - INFO - [991/1962] https://www.adnradio.cl/tag/alcaldia/a/p1/
2026-09-12 13:50:25,940 - INFO -    -> trafilatura (1265 chars)
2026-09-12 13:50:28,280 - INFO - [992/1962] https://www.facebook.com/municipalidadzapallar/posts/ahora-luciano-p%C3%A9rez-di
2026-09-12 13:50:28,633 - INFO -    -> http_error_400 (0 chars)
2026-09-12 13:50:31,327 - INFO - [993/1962] https://bibliotecadigital.indh.cl/bitstreams/85463170-db75-4798-b452-713c6ca4aea
2026-09-12 13:50:33,785 - ERROR - parsed tree length: 1, wrong data type or not valid HTML
2026-09-12 13:50:33,787 - ERROR - empty HTML tree: None
2026-09-12 13:50:33,787 - WARNING - discarding data: None
2026-09-12 13:50:33,954 - ERROR - parsed tree length: 1, wrong data type or not valid HTML
2026-09-12 13:50:34,053 - WARNING - Some characters could not be decoded, and were replaced with REPLACEMENT CHARACTER.
2026-09-12 13:50:34,309 - INFO -    -> insuficiente (0 chars)
2026-09-12 13:50:36,880 - INFO - [994/1962] https://repositorio.cepal.org/server/api/core/bitstreams/bb58997c-af33-4807-809a
2026-09-12 13:50:39,481 - ERROR - parsed tree length: 1, wrong data type or not valid HTML
2026-09-12 13:50:39,483 - ERROR - empty HTML tree: None
2026-09-12 13:50:39,483 - WARNING - discarding data: None
2026-09-12 13:50:40,716 - ERROR - parsed tree length: 1, wrong data type or not valid HTML
2026-09-12 13:50:47,644 - INFO -    -> insuficiente (0 chars)
2026-09-12 13:50:50,492 - INFO - [995/1962] https://es.andersen.com/blog/2017/11/24/mayor-transparencia-en-los-contratos-del
2026-09-12 13:50:56,690 - INFO -    -> trafilatura (5922 chars)
2026-09-12 13:50:58,527 - INFO - [996/1962] https://www.facebook.com/ENEEHonduras/posts/arranca-el-megaproyecto-del-centro-c
2026-09-12 13:50:58,794 - INFO -    -> http_error_400 (0 chars)
2026-09-12 13:51:01,623 - INFO - [997/1962] https://semanaeconomica.com/sectores-empresas/inmobiliario/207564-inmobiliari-en
2026-09-12 13:51:03,880 - INFO -    -> trafilatura (300 chars)
2026-09-12 13:51:05,768 - INFO - [998/1962] https://urbanitasite.wordpress.com/wp-content/uploads/2020/04/de-alba-las-parado
2026-09-12 13:51:08,304 - ERROR - parsed tree length: 1, wrong data type or not valid HTML
2026-09-12 13:51:08,307 - ERROR - empty HTML tree: None
2026-09-12 13:51:08,307 - WARNING - discarding data: None
2026-09-12 13:51:09,633 - ERROR - parsed tree length: 1, wrong data type or not valid HTML
2026-09-12 13:51:10,181 - WARNING - Some characters could not be decoded, and were replaced with REPLACEMENT CHARACTER.
2026-09-12 13:51:13,273 - INFO -    -> insuficiente (0 chars)
2026-09-12 13:51:14,797 - INFO - [999/1962] https://www.researchgate.net/publication/311179705_Gascon_J_Canada_E_coord_2016_
2026-09-12 13:51:16,018 - INFO -    -> http_error_403 (0 chars)
2026-09-12 13:51:17,557 - INFO - [1000/1962] https://issuu.com/elnuevodiario/docs/el_nuevo_diario_0f908db4c52703/29
2026-09-12 13:51:19,314 - INFO -    -> beautifulsoup (260 chars)
2026-09-12 13:51:21,525 - INFO - [1001/1962] https://www.facebook.com/100067996890352/posts/esta-ma%C3%B1ana-se-lleva-a-cabo-
2026-09-12 13:51:21,884 - INFO -    -> http_error_400 (0 chars)
2026-09-12 13:51:24,438 - INFO - [1002/1962] https://www.instagram.com/p/CHYpwd_JBDb/
2026-09-12 13:51:25,575 - WARNING - discarding data: None
2026-09-12 13:51:26,566 - INFO -    -> insuficiente (0 chars)
2026-09-12 13:51:28,209 - INFO - [1003/1962] https://www.facebook.com/ServiuRegionTarapaca/posts/medios-de-comunicaci%C3%B3n-
2026-09-12 13:51:28,457 - INFO -    -> http_error_400 (0 chars)
2026-09-12 13:51:30,945 - INFO - [1004/1962] https://es.andersen.com/blog/2019/06/26/paso-adelante-de-sant-adria-para-atraer-
2026-09-12 13:51:36,772 - INFO -    -> trafilatura (5246 chars)
2026-09-12 13:51:39,176 - INFO - [1005/1962] https://araucaniadiario.cl/contenido/14752/dirigentes-exigen-rechazar-megaproyec
2026-09-12 13:51:39,898 - INFO -    -> http_error_403 (0 chars)
2026-09-12 13:51:41,492 - INFO - [1006/1962] https://www.facebook.com/meganoticiascl/posts/-se-est%C3%A1-destruyendo-algo-que
2026-09-12 13:51:41,844 - INFO -    -> http_error_400 (0 chars)
2026-09-12 13:51:44,718 - INFO - [1007/1962] https://www.instagram.com/p/CY4_JLKsaMo/
2026-09-12 13:51:45,076 - WARNING - discarding data: None
2026-09-12 13:51:45,812 - INFO -    -> insuficiente (0 chars)
2026-09-12 13:51:48,250 - INFO - [1008/1962] https://www.facebook.com/ObrasMunicipalesSV/posts/hey-el-megaproyecto-hacia-punt
2026-09-12 13:51:48,583 - INFO -    -> http_error_400 (0 chars)
2026-09-12 13:51:50,687 - INFO - [1009/1962] https://www.facebook.com/paranahaciaelmundo/posts/un-mega-proyecto-inmobiliario-
2026-09-12 13:51:51,095 - INFO -    -> http_error_400 (0 chars)
2026-09-12 13:51:53,239 - INFO - [1010/1962] https://es.andersen.com/blog/2023/04/28/la-ley-de-vivienda-tendra-mas-efectos-ne
2026-09-12 13:51:56,641 - INFO -    -> trafilatura (14565 chars)
2026-09-12 13:51:59,566 - INFO - [1011/1962] https://www.facebook.com/serviumaule/posts/-seguimos-apoyando-la-construcci%C3%B
2026-09-12 13:52:00,011 - INFO -    -> http_error_400 (0 chars)
2026-09-12 13:52:02,390 - INFO - [1012/1962] https://www.tierra.org/wp-content/uploads/2022/10/Informe-Mineria.pdf
2026-09-12 13:52:06,816 - ERROR - parsed tree length: 1, wrong data type or not valid HTML
2026-09-12 13:52:06,817 - ERROR - empty HTML tree: None
2026-09-12 13:52:06,817 - WARNING - discarding data: None
2026-09-12 13:52:07,169 - ERROR - parsed tree length: 1, wrong data type or not valid HTML
2026-09-12 13:52:07,305 - WARNING - Some characters could not be decoded, and were replaced with REPLACEMENT CHARACTER.
2026-09-12 13:52:07,955 - INFO -    -> insuficiente (0 chars)
2026-09-12 13:52:10,254 - INFO - [1013/1962] https://www.instagram.com/reel/CVDRpNXAMc1/
2026-09-12 13:52:10,578 - WARNING - discarding data: None
2026-09-12 13:52:11,394 - INFO -    -> insuficiente (0 chars)
2026-09-12 13:52:14,369 - INFO - [1014/1962] https://www.facebook.com/diarioeldiacl/posts/-el-organismo-se%C3%B1al%C3%B3-que-
2026-09-12 13:52:14,606 - INFO -    -> http_error_400 (0 chars)
2026-09-12 13:52:16,787 - INFO - [1015/1962] https://www.instagram.com/feucr/p/DEyjtl5tXGV/
2026-09-12 13:52:17,199 - WARNING - discarding data: None
2026-09-12 13:52:18,110 - INFO -    -> insuficiente (0 chars)
2026-09-12 13:52:20,332 - INFO - [1016/1962] https://www.ucr.ac.cr/noticias/2026/6/11/costa-rica-muestra-patrones-de-gentrifi
2026-09-12 13:52:22,334 - INFO -    -> trafilatura (4298 chars)
2026-09-12 13:52:25,083 - INFO - [1017/1962] https://delfino.cr/2025/01/gentrificacion-y-destruccion-de-naturaleza-en-el-vall
2026-09-12 13:52:27,092 - INFO -    -> trafilatura (5679 chars)
2026-09-12 13:52:28,613 - INFO - [1018/1962] https://www.facebook.com/IIS.UCR/videos/el-pasado-viernes-28-de-noviembre-desde-
2026-09-12 13:52:29,485 - WARNING - discarding data: None
2026-09-12 13:52:30,377 - INFO -    -> insuficiente (0 chars)
2026-09-12 13:52:33,177 - INFO - [1019/1962] https://www.instagram.com/reel/DXIZ6-5F8yv/
2026-09-12 13:52:33,531 - WARNING - discarding data: None
2026-09-12 13:52:34,376 - INFO -    -> insuficiente (0 chars)
2026-09-12 13:52:36,198 - INFO - [1020/1962] https://scholar.google.com/citations?user=XcRpHNsAAAAJ&hl=es
2026-09-12 13:52:37,777 - INFO -    -> trafilatura (2919 chars)
2026-09-12 13:52:40,259 - INFO - [1021/1962] https://www.infobae.com/mexico/2024/02/26/cuales-son-los-mejores-lugares-para-vi
2026-09-12 13:52:41,870 - INFO -    -> trafilatura (2664 chars)
2026-09-12 13:52:44,067 - INFO - [1022/1962] https://www.facebook.com/cfiacr/posts/-tema-7-viviendaun-tema-que-influye-en-la-
2026-09-12 13:52:44,398 - INFO -    -> http_error_400 (0 chars)
2026-09-12 13:52:46,182 - INFO - [1023/1962] https://www.emol.com/noticias/Nacional/2016/10/14/826365/Estas-son-las-estructur
2026-09-12 13:52:47,031 - INFO -    -> trafilatura (6112 chars)
2026-09-12 13:52:49,678 - INFO - [1024/1962] https://sites.google.com/sanramondigital.net/sanramongocr/servicios-en-l%C3%ADne
2026-09-12 13:52:51,613 - INFO -    -> trafilatura (2563 chars)
2026-09-12 13:52:53,973 - INFO - [1025/1962] https://politecnicosanramon.cl/
2026-09-12 13:52:55,095 - WARNING - discarding data: None
2026-09-12 13:52:55,107 - INFO -    -> insuficiente (0 chars)
2026-09-12 13:52:57,826 - INFO - [1026/1962] https://uchile.cl/noticias/137568/autoridades-presentan-primer-avance-del-estudi
2026-09-12 13:52:58,633 - INFO -    -> trafilatura (3337 chars)
2026-09-12 13:53:01,278 - INFO - [1027/1962] https://www.elmostrador.cl/noticias/pais/2016/10/14/falla-de-san-ramon-podria-pr
2026-09-12 13:53:02,045 - INFO -    -> trafilatura (2884 chars)
2026-09-12 13:53:04,318 - INFO - [1028/1962] https://www.facebook.com/muni.sanfernando/posts/franco-hormaz%C3%A1bal-dideco-en
2026-09-12 13:53:04,713 - INFO -    -> http_error_400 (0 chars)
2026-09-12 13:53:07,494 - INFO - [1029/1962] https://www.ciperchile.cl/2017/11/04/la-historia-del-alcalde-de-san-ramon-con-el
2026-09-12 13:53:09,467 - INFO -    -> trafilatura (22083 chars)
2026-09-12 13:53:12,033 - INFO - [1030/1962] https://es.wikipedia.org/wiki/Estadio_H%C3%A9roes_de_San_Ram%C3%B3n
2026-09-12 13:53:13,025 - INFO -    -> trafilatura (2677 chars)
2026-09-12 13:53:15,634 - INFO - [1031/1962] https://www.youtube.com/watch?v=WUwPR2QdT1c
2026-09-12 13:53:17,029 - WARNING - discarding data: None
2026-09-12 13:53:17,128 - INFO -    -> beautifulsoup (203 chars)
2026-09-12 13:53:18,919 - INFO - [1032/1962] https://www.facebook.com/municipalidadsanramon/posts/sanramoninforma-presentamos
2026-09-12 13:53:19,132 - INFO -    -> http_error_400 (0 chars)
2026-09-12 13:53:22,088 - INFO - [1033/1962] https://www.youtube.com/watch?v=fztIp53h70A
2026-09-12 13:53:22,883 - WARNING - discarding data: None
2026-09-12 13:53:22,987 - INFO -    -> beautifulsoup (203 chars)
2026-09-12 13:53:24,971 - INFO - [1034/1962] https://apoyosycuidados.ministeriodesarrollosocial.gob.cl/donde-estamos
2026-09-12 13:53:25,007 - WARNING - Error extrayendo https://apoyosycuidados.ministeriodesarrollosocial.gob.cl/donde-estamo: HTTPSConnectionPool(host='apoyosycuidados.ministeriodesarrollosocial.gob.cl', port=443): Max retries exceeded with url: /donde-estamos (Caused by NameResolutionError("HTTPSConnection(host='apoyosycuidados.ministeriodesarrollosocial.gob.cl', port=443): Failed to resolve 'apoyosycuidados.ministeriodesarrollosocial.gob.cl' ([Errno 11001] getaddrinfo failed)"))
2026-09-12 13:53:25,016 - INFO -    -> error (0 chars)
2026-09-12 13:53:27,882 - INFO - [1035/1962] https://www.instagram.com/reel/CoNUJ-tAkgs/
2026-09-12 13:53:28,774 - WARNING - discarding data: None
2026-09-12 13:53:29,714 - INFO -    -> insuficiente (0 chars)
2026-09-12 13:53:31,824 - INFO - [1036/1962] https://www.latercera.com/que-pasa/noticia/falla-san-ramon-estos-serian-los-efec
2026-09-12 13:53:33,907 - INFO -    -> trafilatura (11859 chars)
2026-09-12 13:53:36,253 - INFO - [1037/1962] http://www.scielo.org.co/scielo.php?script=sci_arttext&pid=S0124-791320210003001
2026-09-12 13:53:48,600 - INFO -    -> trafilatura (34417 chars)
2026-09-12 13:53:50,418 - INFO - [1038/1962] https://www.exteriores.gob.es/Consulados/santiagodechile/es/Consulado/Paginas/Ho
2026-09-12 13:53:51,786 - INFO -    -> trafilatura (1481 chars)
2026-09-12 13:53:53,371 - INFO - [1039/1962] http://transparencia.municipalidadsanramon.cl/wp-content/uploads/2017/04/Cuenta-
2026-09-12 13:53:54,939 - ERROR - parsed tree length: 1, wrong data type or not valid HTML
2026-09-12 13:53:54,941 - ERROR - empty HTML tree: None
2026-09-12 13:53:54,942 - WARNING - discarding data: None
2026-09-12 13:53:55,529 - ERROR - parsed tree length: 1, wrong data type or not valid HTML
2026-09-12 13:53:55,747 - WARNING - Some characters could not be decoded, and were replaced with REPLACEMENT CHARACTER.
2026-09-12 13:53:56,880 - INFO -    -> insuficiente (0 chars)
2026-09-12 13:53:58,524 - INFO - [1040/1962] http://cybertesis.uach.cl/tesis/uach/2016/fff634c/doc/fff634c.pdf
2026-09-12 13:53:59,621 - ERROR - parsed tree length: 1, wrong data type or not valid HTML
2026-09-12 13:53:59,622 - ERROR - empty HTML tree: None
2026-09-12 13:53:59,622 - WARNING - discarding data: None
2026-09-12 13:53:59,938 - ERROR - parsed tree length: 1, wrong data type or not valid HTML
2026-09-12 13:54:00,078 - WARNING - Some characters could not be decoded, and were replaced with REPLACEMENT CHARACTER.
2026-09-12 13:54:00,614 - INFO -    -> insuficiente (0 chars)
2026-09-12 13:54:03,474 - INFO - [1041/1962] https://www.scielo.cl/scielo.php?script=sci_arttext&pid=S0718-83582014000300006
2026-09-12 13:54:05,372 - INFO -    -> trafilatura (67721 chars)
2026-09-12 13:54:07,202 - INFO - [1042/1962] https://www.facebook.com/MinvuChile/posts/grandes-pasos-120-familias-de-campamen
2026-09-12 13:54:07,611 - INFO -    -> http_error_400 (0 chars)
2026-09-12 13:54:10,160 - INFO - [1043/1962] https://journals.openedition.org/cybergeo/28064
2026-09-12 13:54:11,477 - INFO -    -> trafilatura (418 chars)
2026-09-12 13:54:14,402 - INFO - [1044/1962] https://padrelascasas.cl/web_transparencia/04_DICIEMBRE_2014/ACTA%20CONCEJO%20N%
2026-09-12 13:54:15,357 - ERROR - parsed tree length: 1, wrong data type or not valid HTML
2026-09-12 13:54:15,357 - ERROR - empty HTML tree: None
2026-09-12 13:54:15,357 - WARNING - discarding data: None
2026-09-12 13:54:15,377 - ERROR - parsed tree length: 1, wrong data type or not valid HTML
2026-09-12 13:54:15,383 - WARNING - Some characters could not be decoded, and were replaced with REPLACEMENT CHARACTER.
2026-09-12 13:54:15,420 - INFO -    -> insuficiente (0 chars)
2026-09-12 13:54:17,680 - INFO - [1045/1962] https://eae.mma.gob.cl/storage/documents/02_4to_IA_PRC_Rancagua.pdf.pdf
2026-09-12 13:54:20,728 - ERROR - parsed tree length: 1, wrong data type or not valid HTML
2026-09-12 13:54:20,731 - ERROR - empty HTML tree: None
2026-09-12 13:54:20,731 - WARNING - discarding data: None
2026-09-12 13:54:22,591 - ERROR - parsed tree length: 1, wrong data type or not valid HTML
2026-09-12 13:54:23,378 - WARNING - Some characters could not be decoded, and were replaced with REPLACEMENT CHARACTER.
2026-09-12 13:54:25,414 - INFO -    -> insuficiente (0 chars)
2026-09-12 13:54:27,534 - INFO - [1046/1962] https://www.reverte.com/media/reverte/files/sample-91531.pdf
2026-09-12 13:54:31,096 - ERROR - parsed tree length: 1, wrong data type or not valid HTML
2026-09-12 13:54:31,097 - ERROR - empty HTML tree: None
2026-09-12 13:54:31,097 - WARNING - discarding data: None
2026-09-12 13:54:31,236 - ERROR - parsed tree length: 1, wrong data type or not valid HTML
2026-09-12 13:54:31,305 - WARNING - Some characters could not be decoded, and were replaced with REPLACEMENT CHARACTER.
2026-09-12 13:54:31,542 - INFO -    -> insuficiente (0 chars)
2026-09-12 13:54:34,063 - INFO - [1047/1962] https://www.facebook.com/MinvuRM/posts/-felicidades-a-las-50-familias-que-recibi
2026-09-12 13:54:34,443 - INFO -    -> http_error_400 (0 chars)
2026-09-12 13:54:36,546 - INFO - [1048/1962] https://www.scielo.cl/scielo.php?script=sci_arttext&pid=S0719-26812021000100225
2026-09-12 13:54:37,136 - INFO -    -> trafilatura (42447 chars)
2026-09-12 13:54:39,717 - INFO - [1049/1962] https://revistainvi.uchile.cl/index.php/INVI/article/view/63247
2026-09-12 13:54:40,858 - INFO -    -> trafilatura (13824 chars)
2026-09-12 13:54:43,757 - INFO - [1050/1962] https://www.facebook.com/ServiuRM/posts/clotario-blest-ya-es-el-hogar-de-50-fami
2026-09-12 13:54:44,231 - INFO -    -> http_error_400 (0 chars)
2026-09-12 13:54:46,739 - INFO - [1051/1962] https://www.facebook.com/anpitelevision/posts/el-sue%C3%B1o-cumplido-de-tener-la
2026-09-12 13:54:47,068 - INFO -    -> http_error_400 (0 chars)
2026-09-12 13:54:50,071 - INFO - [1052/1962] https://padrelascasas.cl/Guia%20de%20servicios%20Municipales/Guia%20de%20servici
2026-09-12 13:54:50,578 - ERROR - parsed tree length: 1, wrong data type or not valid HTML
2026-09-12 13:54:50,578 - ERROR - empty HTML tree: None
2026-09-12 13:54:50,578 - WARNING - discarding data: None
2026-09-12 13:54:50,750 - ERROR - parsed tree length: 1, wrong data type or not valid HTML
2026-09-12 13:54:50,829 - WARNING - Some characters could not be decoded, and were replaced with REPLACEMENT CHARACTER.
2026-09-12 13:54:51,192 - INFO -    -> insuficiente (0 chars)
2026-09-12 13:54:53,814 - INFO - [1053/1962] https://www.camara.cl/verDoc.aspx?prmID=63385&prmTipo=INFORME_COMISION
2026-09-12 13:54:56,963 - ERROR - parsed tree length: 1, wrong data type or not valid HTML
2026-09-12 13:54:56,963 - ERROR - empty HTML tree: None
2026-09-12 13:54:56,964 - WARNING - discarding data: None
2026-09-12 13:54:57,033 - ERROR - parsed tree length: 1, wrong data type or not valid HTML
2026-09-12 13:54:57,055 - WARNING - Some characters could not be decoded, and were replaced with REPLACEMENT CHARACTER.
2026-09-12 13:54:57,202 - INFO -    -> insuficiente (0 chars)
2026-09-12 13:54:59,183 - INFO - [1054/1962] https://www.bcn.cl/leychile/navegar?idNorma=1059974
2026-09-12 13:55:00,073 - WARNING - discarding data: None
2026-09-12 13:55:00,106 - INFO -    -> insuficiente (189 chars)
2026-09-12 13:55:01,623 - INFO - [1055/1962] http://www.serviuatacama.cl/opensite_20220104104807.aspx
2026-09-12 13:55:02,746 - INFO -    -> trafilatura (41172 chars)
2026-09-12 13:55:04,450 - INFO - [1056/1962] https://repositorio.uchile.cl/bitstream/handle/2250/151911/relacion-entre-altas-
2026-09-12 13:55:05,160 - INFO -    -> trafilatura (1245 chars)
2026-09-12 13:55:06,930 - INFO - [1057/1962] https://www.facebook.com/MunicipalidadCosquin/posts/el-nuevo-r%C3%A9gimen-de-edi
2026-09-12 13:55:07,173 - INFO -    -> http_error_400 (0 chars)
2026-09-12 13:55:09,844 - INFO - [1058/1962] https://www.ead.pucv.cl/app/uploads/2020/04/El-proyecto-de-la-obra-de-la-graveda
2026-09-12 13:55:13,158 - ERROR - parsed tree length: 1, wrong data type or not valid HTML
2026-09-12 13:55:13,164 - ERROR - empty HTML tree: None
2026-09-12 13:55:13,165 - WARNING - discarding data: None
2026-09-12 13:55:14,899 - ERROR - parsed tree length: 1, wrong data type or not valid HTML
2026-09-12 13:55:15,561 - WARNING - Some characters could not be decoded, and were replaced with REPLACEMENT CHARACTER.
2026-09-12 13:55:18,020 - INFO -    -> insuficiente (0 chars)
2026-09-12 13:55:20,418 - INFO - [1059/1962] https://www.facebook.com/periodismosomostodos/posts/paroc%C3%ADvico-d%C3%ADa3-m%
2026-09-12 13:55:20,864 - INFO -    -> http_error_400 (0 chars)
2026-09-12 13:55:22,847 - INFO - [1060/1962] http://www.cascz.org/web/wp-content/uploads/2018/01/cT3.pdf
2026-09-12 13:55:29,217 - ERROR - parsed tree length: 1, wrong data type or not valid HTML
2026-09-12 13:55:29,218 - ERROR - empty HTML tree: None
2026-09-12 13:55:29,218 - WARNING - discarding data: None
2026-09-12 13:55:29,604 - ERROR - parsed tree length: 1, wrong data type or not valid HTML
2026-09-12 13:55:29,774 - WARNING - Some characters could not be decoded, and were replaced with REPLACEMENT CHARACTER.
2026-09-12 13:55:30,474 - INFO -    -> insuficiente (21 chars)
2026-09-12 13:55:32,788 - INFO - [1061/1962] http://cdn2.buenosaires.gob.ar/desarrollourbano/codigo_urbanistico/texto_cpu_al_
2026-09-12 13:58:03,996 - ERROR - parsed tree length: 1, wrong data type or not valid HTML
2026-09-12 13:58:04,019 - ERROR - empty HTML tree: None
2026-09-12 13:58:04,020 - WARNING - discarding data: None
2026-09-12 13:58:09,068 - ERROR - parsed tree length: 1, wrong data type or not valid HTML
2026-09-12 13:58:11,366 - WARNING - Some characters could not be decoded, and were replaced with REPLACEMENT CHARACTER.
2026-09-12 13:58:22,616 - INFO -    -> insuficiente (0 chars)
2026-09-12 13:58:24,197 - INFO - [1062/1962] https://miedificio.contralacorrupcion.mx/
2026-09-12 13:58:31,250 - INFO -    -> trafilatura (461075 chars)
2026-09-12 13:58:33,287 - INFO - [1063/1962] https://transparencia.colina.cl/archivos/89b6577-a2cb.pdf
2026-09-12 13:58:37,260 - ERROR - parsed tree length: 1, wrong data type or not valid HTML
2026-09-12 13:58:37,262 - ERROR - empty HTML tree: None
2026-09-12 13:58:37,262 - WARNING - discarding data: None
2026-09-12 13:58:38,468 - ERROR - parsed tree length: 1, wrong data type or not valid HTML
2026-09-12 13:58:39,025 - WARNING - Some characters could not be decoded, and were replaced with REPLACEMENT CHARACTER.
2026-09-12 13:58:42,086 - INFO -    -> insuficiente (0 chars)
2026-09-12 13:58:45,010 - INFO - [1064/1962] https://www.facebook.com/microuio/posts/si-construyes-un-edificio-y-se-cae-tiene
2026-09-12 13:58:46,225 - INFO -    -> http_error_400 (0 chars)
2026-09-12 13:58:48,718 - INFO - [1065/1962] https://www.clarin.com/ciudades/edificio-hace-15-anos-resisten-vecinos-dicen-res
2026-09-12 13:58:49,555 - INFO -    -> trafilatura (11732 chars)
2026-09-12 13:58:52,021 - INFO - [1066/1962] https://www.sanbernardo.cl/web/descargas/libros/Historia-San-Bernardo-1821-2021.
2026-09-12 13:58:54,069 - ERROR - parsed tree length: 1, wrong data type or not valid HTML
2026-09-12 13:58:54,071 - ERROR - empty HTML tree: None
2026-09-12 13:58:54,071 - WARNING - discarding data: None
2026-09-12 13:58:54,756 - ERROR - parsed tree length: 1, wrong data type or not valid HTML
2026-09-12 13:58:55,053 - WARNING - Some characters could not be decoded, and were replaced with REPLACEMENT CHARACTER.
2026-09-12 13:58:56,961 - INFO -    -> insuficiente (0 chars)
2026-09-12 13:58:59,868 - INFO - [1067/1962] https://madridciudadaniaypatrimonio.org/sites/madridciudadaniaypatrimonio.org/fi
2026-09-12 13:59:03,879 - ERROR - parsed tree length: 1, wrong data type or not valid HTML
2026-09-12 13:59:03,881 - ERROR - empty HTML tree: None
2026-09-12 13:59:03,881 - WARNING - discarding data: None
2026-09-12 13:59:04,463 - ERROR - parsed tree length: 1, wrong data type or not valid HTML
2026-09-12 13:59:04,785 - WARNING - Some characters could not be decoded, and were replaced with REPLACEMENT CHARACTER.
2026-09-12 13:59:06,200 - INFO -    -> insuficiente (0 chars)
2026-09-12 13:59:07,849 - INFO - [1068/1962] https://www.monumentos.gob.cl/sites/default/files/2025-06/20220309_acta_sesion_o
2026-09-12 13:59:09,166 - ERROR - parsed tree length: 1, wrong data type or not valid HTML
2026-09-12 13:59:09,166 - ERROR - empty HTML tree: None
2026-09-12 13:59:09,167 - WARNING - discarding data: None
2026-09-12 13:59:09,325 - ERROR - parsed tree length: 1, wrong data type or not valid HTML
2026-09-12 13:59:09,401 - WARNING - Some characters could not be decoded, and were replaced with REPLACEMENT CHARACTER.
2026-09-12 13:59:09,817 - INFO -    -> insuficiente (0 chars)
2026-09-12 13:59:12,578 - INFO - [1069/1962] https://www.premiosarquitectura.org/wp-content/uploads/2023/04/DOSIER_SELECCIONA
2026-09-12 14:00:11,676 - ERROR - parsed tree length: 1, wrong data type or not valid HTML
2026-09-12 14:00:11,678 - ERROR - empty HTML tree: None
2026-09-12 14:00:11,678 - WARNING - discarding data: None
2026-09-12 14:00:12,176 - ERROR - parsed tree length: 1, wrong data type or not valid HTML
2026-09-12 14:00:12,365 - WARNING - Some characters could not be decoded, and were replaced with REPLACEMENT CHARACTER.
2026-09-12 14:00:13,451 - INFO -    -> insuficiente (0 chars)
2026-09-12 14:00:15,589 - INFO - [1070/1962] https://www.facebook.com/NovedadesYucatan/posts/alarma-en-san-ram%C3%B3n-norte-t
2026-09-12 14:00:16,505 - INFO -    -> http_error_400 (0 chars)
2026-09-12 14:00:18,501 - INFO - [1071/1962] https://www.facebook.com/MunicipioLoncoche/posts/el-comit%C3%A9-pro-adelanto-san
2026-09-12 14:00:18,750 - INFO -    -> http_error_400 (0 chars)
2026-09-12 14:00:21,063 - INFO - [1072/1962] https://www.instagram.com/p/DXwnflulkjA/
2026-09-12 14:00:22,000 - WARNING - discarding data: None
2026-09-12 14:00:22,842 - INFO -    -> insuficiente (0 chars)
2026-09-12 14:00:25,368 - INFO - [1073/1962] https://www.facebook.com/AM1080/posts/-un-edificio-de-7-niveles-en-una-zona-proh
2026-09-12 14:00:25,807 - INFO -    -> http_error_400 (0 chars)
2026-09-12 14:00:28,667 - INFO - [1074/1962] https://www.cne.cl/wp-content/uploads/2024/05/NTCSDx2024-1.pdf
2026-09-12 14:00:29,771 - ERROR - parsed tree length: 1, wrong data type or not valid HTML
2026-09-12 14:00:29,771 - ERROR - empty HTML tree: None
2026-09-12 14:00:29,772 - WARNING - discarding data: None
2026-09-12 14:00:29,920 - ERROR - parsed tree length: 1, wrong data type or not valid HTML
2026-09-12 14:00:29,984 - WARNING - Some characters could not be decoded, and were replaced with REPLACEMENT CHARACTER.
2026-09-12 14:00:30,251 - INFO -    -> insuficiente (0 chars)
2026-09-12 14:00:32,827 - INFO - [1075/1962] https://www.facebook.com/lasextanoticias/posts/-el-banco-de-espa%C3%B1a-propone-
2026-09-12 14:00:33,162 - INFO -    -> http_error_400 (0 chars)
2026-09-12 14:00:35,373 - INFO - [1076/1962] https://www.coruna.gal/descarga/1453879156152/Las-torres-corunesas-OPT.pdf
2026-09-12 14:01:04,283 - ERROR - parsed tree length: 1, wrong data type or not valid HTML
2026-09-12 14:01:04,284 - ERROR - empty HTML tree: None
2026-09-12 14:01:04,284 - WARNING - discarding data: None
2026-09-12 14:01:04,735 - ERROR - parsed tree length: 1, wrong data type or not valid HTML
2026-09-12 14:01:04,927 - WARNING - Some characters could not be decoded, and were replaced with REPLACEMENT CHARACTER.
2026-09-12 14:01:06,081 - INFO -    -> insuficiente (0 chars)
2026-09-12 14:01:07,935 - INFO - [1077/1962] https://www.nunoa.cl/app/uploads/2025/07/Plan-de-Desarrollo-Comunal-de-Nunoa-202
2026-09-12 14:01:10,349 - ERROR - parsed tree length: 1, wrong data type or not valid HTML
2026-09-12 14:01:10,351 - ERROR - empty HTML tree: None
2026-09-12 14:01:10,351 - WARNING - discarding data: None
2026-09-12 14:01:11,705 - ERROR - parsed tree length: 1, wrong data type or not valid HTML
2026-09-12 14:01:12,599 - WARNING - Some characters could not be decoded, and were replaced with REPLACEMENT CHARACTER.
2026-09-12 14:01:17,527 - INFO -    -> insuficiente (0 chars)
2026-09-12 14:01:19,212 - INFO - [1078/1962] https://www.latercera.com/la-tercera-pm/noticia/se-cae-negocio-de-ministro-valen
2026-09-12 14:01:21,281 - INFO -    -> trafilatura (3971 chars)
2026-09-12 14:01:23,254 - INFO - [1079/1962] https://fontaineycia.cl/dictamen-contraloria-general-de-la-republica-inicio-de-o
2026-09-12 14:01:25,175 - INFO -    -> trafilatura (809 chars)
2026-09-12 14:01:27,863 - INFO - [1080/1962] https://www.zonafincas.es/
2026-09-12 14:01:30,884 - INFO -    -> trafilatura (546 chars)
2026-09-12 14:01:33,641 - INFO - [1081/1962] https://www.camara.cl/verDoc.aspx?prmID=75124&prmTipo=INFORME_COMISION
2026-09-12 14:01:36,705 - ERROR - parsed tree length: 1, wrong data type or not valid HTML
2026-09-12 14:01:36,706 - ERROR - empty HTML tree: None
2026-09-12 14:01:36,706 - WARNING - discarding data: None
2026-09-12 14:01:36,854 - ERROR - parsed tree length: 1, wrong data type or not valid HTML
2026-09-12 14:01:36,927 - WARNING - Some characters could not be decoded, and were replaced with REPLACEMENT CHARACTER.
2026-09-12 14:01:37,168 - INFO -    -> insuficiente (0 chars)
2026-09-12 14:01:39,738 - INFO - [1082/1962] https://www.facebook.com/meganoticiascl/posts/6937980696216536/?comment_id=50615
2026-09-12 14:01:40,224 - INFO -    -> http_error_400 (0 chars)
2026-09-12 14:01:42,209 - INFO - [1083/1962] https://www.facebook.com/groups/235719057581892/posts/1063752244778565/
2026-09-12 14:01:43,001 - INFO -    -> http_error_400 (0 chars)
2026-09-12 14:01:45,964 - INFO - [1084/1962] https://www.latercera.com/pulso/noticia/derrota-para-opositores-de-proyecto-en-v
2026-09-12 14:01:47,481 - INFO -    -> trafilatura (9556 chars)
2026-09-12 14:01:50,440 - INFO - [1085/1962] https://www.facebook.com/groups/boricpresidentedetodos/posts/1739923007714928/
2026-09-12 14:01:50,682 - INFO -    -> http_error_400 (0 chars)
2026-09-12 14:01:52,406 - INFO - [1086/1962] https://www.instagram.com/p/DMtFAaWzuYc/
2026-09-12 14:01:53,603 - WARNING - discarding data: None
2026-09-12 14:01:54,489 - INFO -    -> insuficiente (0 chars)
2026-09-12 14:01:56,853 - INFO - [1087/1962] https://www.facebook.com/PeriodicoElCiudadano/posts/el-remate-ordenado-por-el-se
2026-09-12 14:01:57,088 - INFO -    -> http_error_400 (0 chars)
2026-09-12 14:01:59,750 - INFO - [1088/1962] https://www.researchgate.net/publication/358932030_La_Falla_San_Ramon_y_la_soste
2026-09-12 14:02:00,367 - INFO -    -> http_error_403 (0 chars)
2026-09-12 14:02:03,286 - INFO - [1089/1962] https://www.ex-ante.cl/nacional/el-desconocido-proyecto-para-contener-aluviones-
2026-09-12 14:02:04,975 - INFO -    -> trafilatura (4334 chars)
2026-09-12 14:02:07,842 - INFO - [1090/1962] https://www.ciperchile.cl/2025/11/18/la-otra-causa-en-que-vivanco-y-simpertigue-
2026-09-12 14:02:09,483 - INFO -    -> trafilatura (16607 chars)
2026-09-12 14:02:12,359 - INFO - [1091/1962] https://www.diarioconstitucional.cl/2026/02/25/corte-de-santiago-rechaza-demanda
2026-09-12 14:02:13,494 - INFO -    -> trafilatura (6544 chars)
2026-09-12 14:02:15,087 - INFO - [1092/1962] https://www.facebook.com/muni.sanantoniocl/posts/director-de-obras-armando-sabaj
2026-09-12 14:02:15,465 - INFO -    -> http_error_400 (0 chars)
2026-09-12 14:02:17,132 - INFO - [1093/1962] https://www.supereduc.cl/
2026-09-12 14:02:18,555 - INFO -    -> beautifulsoup (2412 chars)
2026-09-12 14:02:21,260 - INFO - [1094/1962] https://www.facebook.com/munidesanjose/posts/estamos-en-el-programa-voces-de-la-
2026-09-12 14:02:21,794 - INFO -    -> http_error_400 (0 chars)
2026-09-12 14:02:24,794 - INFO - [1095/1962] https://www.dhr.go.cr/denuncias/
2026-09-12 14:02:27,724 - INFO -    -> trafilatura (7647 chars)
2026-09-12 14:02:30,698 - INFO - [1096/1962] https://media.biobiochile.cl/wp-content/uploads/2017/12/cgr-quilicura.pdf
2026-09-12 14:02:33,950 - ERROR - parsed tree length: 1, wrong data type or not valid HTML
2026-09-12 14:02:33,955 - ERROR - empty HTML tree: None
2026-09-12 14:02:33,956 - WARNING - discarding data: None
2026-09-12 14:02:36,025 - ERROR - parsed tree length: 1, wrong data type or not valid HTML
2026-09-12 14:02:36,985 - WARNING - Some characters could not be decoded, and were replaced with REPLACEMENT CHARACTER.
2026-09-12 14:02:37,867 - INFO -    -> insuficiente (0 chars)
2026-09-12 14:02:39,552 - INFO - [1097/1962] https://www.ceacgr.cl/CEA/pdf/revista/REVISTA_CEA_N5_2021.pdf
2026-09-12 14:02:40,744 - ERROR - parsed tree length: 1, wrong data type or not valid HTML
2026-09-12 14:02:40,744 - ERROR - empty HTML tree: None
2026-09-12 14:02:40,745 - WARNING - discarding data: None
2026-09-12 14:02:40,964 - ERROR - parsed tree length: 1, wrong data type or not valid HTML
2026-09-12 14:02:41,047 - WARNING - Some characters could not be decoded, and were replaced with REPLACEMENT CHARACTER.
2026-09-12 14:02:41,580 - INFO -    -> insuficiente (0 chars)
2026-09-12 14:02:43,689 - INFO - [1098/1962] https://www.facebook.com/eldiariodenuble/posts/-seremi-denuncia-a-funcionarios-d
2026-09-12 14:02:43,889 - INFO -    -> http_error_400 (0 chars)
2026-09-12 14:02:45,512 - INFO - [1099/1962] https://www.facebook.com/meganoticiascl/posts/%EF%B8%8Fun-informe-de-la-contralo
2026-09-12 14:02:45,743 - INFO -    -> http_error_400 (0 chars)
2026-09-12 14:02:48,051 - INFO - [1100/1962] https://www.instagram.com/reel/DJFYYHQhwcs/
2026-09-12 14:02:48,417 - WARNING - discarding data: None
2026-09-12 14:02:49,409 - INFO -    -> insuficiente (0 chars)
2026-09-12 14:02:51,319 - INFO - [1101/1962] https://pj.poder-judicial.go.cr/index.php/component/content/article/2039-persona
2026-09-12 14:02:52,545 - INFO -    -> http_error_404 (0 chars)
2026-09-12 14:02:55,355 - INFO - [1102/1962] https://www.facebook.com/villarricaldia/posts/la-municipalidad-de-villarrica-a-t
2026-09-12 14:02:55,658 - INFO -    -> http_error_400 (0 chars)
2026-09-12 14:02:58,316 - INFO - [1103/1962] https://www.facebook.com/alertaNOTICIASvalparaiso/posts/el-informe-de-contralor%
2026-09-12 14:02:58,565 - INFO -    -> http_error_400 (0 chars)
2026-09-12 14:03:00,643 - INFO - [1104/1962] https://www.ministeriodesalud.go.cr/index.php/denuncias/denuncias-sanitarias
2026-09-12 14:03:03,803 - INFO -    -> trafilatura (1249 chars)
2026-09-12 14:03:05,859 - INFO - [1105/1962] https://www.cgr.go.cr/05-tramites-dd.html
2026-09-12 14:03:07,662 - INFO -    -> trafilatura (835 chars)
2026-09-12 14:03:10,133 - INFO - [1106/1962] https://www.diarioconstitucional.cl/2026/04/20/corte-suprema-reafirma-caracter-v
2026-09-12 14:03:10,434 - INFO -    -> trafilatura (6430 chars)
2026-09-12 14:03:12,780 - INFO - [1107/1962] https://www.facebook.com/100086618677970/videos/ex-funcionario-de-san-ram%C3%B3n
2026-09-12 14:03:13,321 - WARNING - discarding data: None
2026-09-12 14:03:13,955 - INFO -    -> insuficiente (0 chars)
2026-09-12 14:03:16,316 - INFO - [1108/1962] https://www.facebook.com/alertaNOTICIASvalparaiso/posts/edil-ratifica-dichos-en-
2026-09-12 14:03:16,587 - INFO -    -> http_error_400 (0 chars)
2026-09-12 14:03:18,323 - INFO - [1109/1962] https://ciperchile.cl/wp-content/uploads/Acta-MunSanAntonio_24-09-2014.pdf
2026-09-12 14:03:19,091 - WARNING - wrong encoding detected: cp1250
2026-09-12 14:03:19,092 - WARNING - wrong encoding detected: shift_jis_2004
2026-09-12 14:03:19,093 - WARNING - wrong encoding detected: cp1252
2026-09-12 14:03:19,093 - WARNING - wrong encoding detected: cp1257
2026-09-12 14:03:19,094 - WARNING - wrong encoding detected: cp1258
2026-09-12 14:03:19,547 - WARNING - wrong encoding detected: cp1250
2026-09-12 14:03:19,549 - WARNING - wrong encoding detected: shift_jis_2004
2026-09-12 14:03:19,551 - WARNING - wrong encoding detected: cp1252
2026-09-12 14:03:19,551 - WARNING - wrong encoding detected: cp1257
2026-09-12 14:03:19,552 - WARNING - wrong encoding detected: cp1258
2026-09-12 14:03:19,750 - INFO -    -> trafilatura (427407 chars)
2026-09-12 14:03:22,153 - INFO - [1110/1962] https://padrelascasas.cl/transparencia_activa_plc/07.%20Actos%20y%20resoluciones
2026-09-12 14:03:23,093 - ERROR - parsed tree length: 1, wrong data type or not valid HTML
2026-09-12 14:03:23,093 - ERROR - empty HTML tree: None
2026-09-12 14:03:23,093 - WARNING - discarding data: None
2026-09-12 14:03:23,112 - ERROR - parsed tree length: 1, wrong data type or not valid HTML
2026-09-12 14:03:23,119 - WARNING - Some characters could not be decoded, and were replaced with REPLACEMENT CHARACTER.
2026-09-12 14:03:23,155 - INFO -    -> insuficiente (0 chars)
2026-09-12 14:03:25,219 - INFO - [1111/1962] https://www.munipuchuncavi.cl/2.0/sitio10/pdf/transparencia/actas/2015/extordina
2026-09-12 14:03:26,918 - ERROR - parsed tree length: 1, wrong data type or not valid HTML
2026-09-12 14:03:26,918 - ERROR - empty HTML tree: None
2026-09-12 14:03:26,918 - WARNING - discarding data: None
2026-09-12 14:03:26,943 - ERROR - parsed tree length: 1, wrong data type or not valid HTML
2026-09-12 14:03:26,949 - WARNING - Some characters could not be decoded, and were replaced with REPLACEMENT CHARACTER.
2026-09-12 14:03:26,975 - INFO -    -> insuficiente (0 chars)
2026-09-12 14:03:29,349 - INFO - [1112/1962] https://archivos.lascondes.cl/descargas/transparencia/alcalde_consejo/actas/secc
2026-09-12 14:03:30,589 - ERROR - parsed tree length: 1, wrong data type or not valid HTML
2026-09-12 14:03:30,590 - ERROR - empty HTML tree: None
2026-09-12 14:03:30,590 - WARNING - discarding data: None
2026-09-12 14:03:30,669 - ERROR - parsed tree length: 1, wrong data type or not valid HTML
2026-09-12 14:03:30,693 - WARNING - Some characters could not be decoded, and were replaced with REPLACEMENT CHARACTER.
2026-09-12 14:03:30,842 - INFO -    -> insuficiente (0 chars)
2026-09-12 14:03:32,427 - INFO - [1113/1962] https://www.municipalidadchillan.cl/media/transparencia/1.7_Actos_Resoluciones/A
2026-09-12 14:03:33,494 - ERROR - parsed tree length: 1, wrong data type or not valid HTML
2026-09-12 14:03:33,495 - ERROR - empty HTML tree: None
2026-09-12 14:03:33,495 - WARNING - discarding data: None
2026-09-12 14:03:33,556 - ERROR - parsed tree length: 1, wrong data type or not valid HTML
2026-09-12 14:03:33,572 - WARNING - Some characters could not be decoded, and were replaced with REPLACEMENT CHARACTER.
2026-09-12 14:03:33,674 - INFO -    -> insuficiente (0 chars)
2026-09-12 14:03:36,070 - INFO - [1114/1962] https://www.montesdeoca.go.cr/la_municipalidad/gobierno_local/consejo_municipal/
2026-09-12 14:03:37,243 - INFO -    -> http_error_403 (0 chars)
2026-09-12 14:03:38,811 - INFO - [1115/1962] https://www.facebook.com/munirancagua/posts/ahora-concejo-municipal-de-rancagua-
2026-09-12 14:03:39,149 - INFO -    -> http_error_400 (0 chars)
2026-09-12 14:03:40,681 - INFO - [1116/1962] https://www.facebook.com/munistgo/posts/ayer-el-concejomunicipalstgo-aprob%C3%B3
2026-09-12 14:03:41,051 - INFO -    -> http_error_400 (0 chars)
2026-09-12 14:03:43,737 - INFO - [1117/1962] https://www.facebook.com/GrupoELDEBER/posts/el-concejo-municipal-no-logr%C3%B3-a
2026-09-12 14:03:44,146 - INFO -    -> http_error_400 (0 chars)
2026-09-12 14:03:46,748 - INFO - [1118/1962] https://www.munistgo.cl/tag/acuerdos/
2026-09-12 14:03:49,443 - WARNING - discarding data: None
2026-09-12 14:03:51,126 - INFO -    -> beautifulsoup (84659 chars)
2026-09-12 14:03:52,661 - INFO - [1119/1962] https://www.facebook.com/ladiscusion.cl/posts/concejo-de-san-fabi%C3%A1n-rechaza
2026-09-12 14:03:52,915 - INFO -    -> http_error_400 (0 chars)
2026-09-12 14:03:55,861 - INFO - [1120/1962] https://www.facebook.com/Koncevision/posts/ahora-urgente-concepcion-museo-notici
2026-09-12 14:03:56,077 - INFO -    -> http_error_400 (0 chars)
2026-09-12 14:03:57,607 - INFO - [1121/1962] https://www.facebook.com/RadioBioBio/posts/en-desarrollo-concejo-municipal-aprue
2026-09-12 14:03:57,923 - INFO -    -> http_error_400 (0 chars)
2026-09-12 14:04:00,685 - INFO - [1122/1962] https://www.facebook.com/muni.sanantoniocl/videos/concejo-municipal-sesi%C3%B3n-
2026-09-12 14:04:01,136 - WARNING - discarding data: None
2026-09-12 14:04:01,799 - INFO -    -> insuficiente (0 chars)
2026-09-12 14:04:03,787 - INFO - [1123/1962] https://www.instagram.com/p/DOZST9SjywR/
2026-09-12 14:04:04,905 - WARNING - discarding data: None
2026-09-12 14:04:05,691 - INFO -    -> insuficiente (0 chars)
2026-09-12 14:04:08,634 - INFO - [1124/1962] https://www.facebook.com/municombarbala/posts/-compartimos-con-ustedes-el-video-
2026-09-12 14:04:08,862 - INFO -    -> http_error_400 (0 chars)
2026-09-12 14:04:10,456 - INFO - [1125/1962] https://www.facebook.com/diarioconstitucional/posts/-la-corte-suprema-confirm%C3
2026-09-12 14:04:10,732 - INFO -    -> http_error_400 (0 chars)
2026-09-12 14:04:12,993 - INFO - [1126/1962] https://www.facebook.com/Teleunotv/posts/san-ram%C3%B3n-el-consejo-municipal-eli
2026-09-12 14:04:13,207 - INFO -    -> http_error_400 (0 chars)
2026-09-12 14:04:14,913 - INFO - [1127/1962] https://www.instagram.com/reel/DR55FSaDqSg/
2026-09-12 14:04:15,262 - WARNING - discarding data: None
2026-09-12 14:04:16,261 - INFO -    -> insuficiente (0 chars)
2026-09-12 14:04:18,494 - INFO - [1128/1962] https://padrelascasas.cl/web_transparencia/09_ABRIL_2014/ACTA%20CONCEJO%20N35%20
2026-09-12 14:04:18,840 - ERROR - parsed tree length: 1, wrong data type or not valid HTML
2026-09-12 14:04:18,841 - ERROR - empty HTML tree: None
2026-09-12 14:04:18,841 - WARNING - discarding data: None
2026-09-12 14:04:18,857 - ERROR - parsed tree length: 1, wrong data type or not valid HTML
2026-09-12 14:04:18,862 - WARNING - Some characters could not be decoded, and were replaced with REPLACEMENT CHARACTER.
2026-09-12 14:04:18,878 - INFO -    -> insuficiente (0 chars)
2026-09-12 14:04:20,515 - INFO - [1129/1962] https://www.bcn.cl/leychile/navegar?idNorma=1096925
2026-09-12 14:04:21,208 - WARNING - discarding data: None
2026-09-12 14:04:21,249 - INFO -    -> insuficiente (189 chars)
2026-09-12 14:04:23,197 - INFO - [1130/1962] https://marchigue.cl/pdf/cuenta_publica2017.pdf
2026-09-12 14:04:31,821 - ERROR - parsed tree length: 1, wrong data type or not valid HTML
2026-09-12 14:04:31,836 - ERROR - empty HTML tree: None
2026-09-12 14:04:31,836 - WARNING - discarding data: None
2026-09-12 14:04:35,168 - ERROR - parsed tree length: 1, wrong data type or not valid HTML
2026-09-12 14:04:36,985 - WARNING - Some characters could not be decoded, and were replaced with REPLACEMENT CHARACTER.
2026-09-12 14:04:45,263 - INFO -    -> insuficiente (0 chars)
2026-09-12 14:04:48,209 - INFO - [1131/1962] https://www.municipalidadchillan.cl/media/transparencia/1.7_Actos_Resoluciones/A
2026-09-12 14:04:48,369 - ERROR - parsed tree length: 1, wrong data type or not valid HTML
2026-09-12 14:04:48,370 - ERROR - empty HTML tree: None
2026-09-12 14:04:48,370 - WARNING - discarding data: None
2026-09-12 14:04:48,427 - ERROR - parsed tree length: 1, wrong data type or not valid HTML
2026-09-12 14:04:48,445 - WARNING - Some characters could not be decoded, and were replaced with REPLACEMENT CHARACTER.
2026-09-12 14:04:48,530 - INFO -    -> insuficiente (0 chars)
2026-09-12 14:04:51,160 - INFO - [1132/1962] https://transparencia.munivina.cl/download/0/3369188210e94aff5bcb4802955765ea.ht
2026-09-12 14:04:52,345 - ERROR - parsed tree length: 1, wrong data type or not valid HTML
2026-09-12 14:04:52,345 - ERROR - empty HTML tree: None
2026-09-12 14:04:52,346 - WARNING - discarding data: None
2026-09-12 14:04:52,377 - ERROR - parsed tree length: 1, wrong data type or not valid HTML
2026-09-12 14:04:52,387 - WARNING - Some characters could not be decoded, and were replaced with REPLACEMENT CHARACTER.
2026-09-12 14:04:52,439 - INFO -    -> insuficiente (0 chars)
2026-09-12 14:04:55,387 - INFO - [1133/1962] https://www.instagram.com/p/CtZaQAZAOZo/
2026-09-12 14:04:55,781 - WARNING - discarding data: None
2026-09-12 14:04:56,652 - INFO -    -> insuficiente (0 chars)
2026-09-12 14:04:58,677 - INFO - [1134/1962] https://www.facebook.com/munirancagua/posts/buenasnoticiaspararancagua-este-mart
2026-09-12 14:04:58,973 - INFO -    -> http_error_400 (0 chars)
2026-09-12 14:05:01,583 - INFO - [1135/1962] https://www.facebook.com/elsol.occidente/posts/san-ram%C3%B3n-plan-regulador-la-
2026-09-12 14:05:01,966 - INFO -    -> http_error_400 (0 chars)
2026-09-12 14:05:04,800 - INFO - [1136/1962] https://www.facebook.com/InmobiliariaFerval/posts/inauguramos-el-conjunto-habita
2026-09-12 14:05:05,118 - INFO -    -> http_error_400 (0 chars)
2026-09-12 14:05:06,707 - INFO - [1137/1962] https://eldesconcierto.cl/2023/07/28/rata-xxl-aterra-a-240-familias-de-san-ramon
2026-09-12 14:05:07,814 - INFO -    -> trafilatura (2112 chars)
2026-09-12 14:05:09,790 - INFO - [1138/1962] https://www.facebook.com/MuniSanFelipe/videos/recorrimos-el-pa%C3%B1o-del-lote-5
2026-09-12 14:05:10,763 - WARNING - discarding data: None
2026-09-12 14:05:11,443 - INFO -    -> insuficiente (0 chars)
2026-09-12 14:05:13,672 - INFO - [1139/1962] https://www.facebook.com/ladiscusion.cl/posts/quejas-por-un-dise%C3%B1o-disociad
2026-09-12 14:05:13,936 - INFO -    -> http_error_400 (0 chars)
2026-09-12 14:05:16,063 - INFO - [1140/1962] https://www.facebook.com/wradioec/videos/-el-mayor-problema-en-el-caso-de-la-cal
2026-09-12 14:05:16,717 - WARNING - discarding data: None
2026-09-12 14:05:17,367 - INFO -    -> insuficiente (0 chars)
2026-09-12 14:05:18,962 - INFO - [1141/1962] https://www.instagram.com/reel/DS4_a7TAYrj/
2026-09-12 14:05:19,303 - WARNING - discarding data: None
2026-09-12 14:05:20,267 - INFO -    -> insuficiente (0 chars)
2026-09-12 14:05:21,788 - INFO - [1142/1962] https://www.theclinic.cl/2024/10/12/una-visita-al-corazon-de-la-recien-descubier
2026-09-12 14:05:23,084 - INFO -    -> trafilatura (10883 chars)
2026-09-12 14:05:26,052 - INFO - [1143/1962] https://www.facebook.com/LanusRamon/videos/estoy-convencido-de-que-para-transfor
2026-09-12 14:05:26,560 - WARNING - discarding data: None
2026-09-12 14:05:27,140 - INFO -    -> insuficiente (0 chars)
2026-09-12 14:05:29,711 - INFO - [1144/1962] https://www.instagram.com/p/DaLdwwUFgfg/
2026-09-12 14:05:30,156 - WARNING - discarding data: None
2026-09-12 14:05:30,954 - INFO -    -> insuficiente (0 chars)
2026-09-12 14:05:33,720 - INFO - [1145/1962] https://www.camara.cl/verDoc.aspx?prmID=78146&prmTipo=INFORME_COMISION
2026-09-12 14:05:35,839 - INFO -    -> trafilatura (107659 chars)
2026-09-12 14:05:38,605 - INFO - [1146/1962] https://www.facebook.com/cronicadiario/videos/-tensi%C3%B3n-en-san-isidro-denunc
2026-09-12 14:05:39,526 - WARNING - discarding data: None
2026-09-12 14:05:40,311 - INFO -    -> insuficiente (0 chars)
2026-09-12 14:05:43,226 - INFO - [1147/1962] https://www.municipalidadsannicolas.cl/archivos/pdf/Cuenta%20Publica%202024.pdf
2026-09-12 14:05:50,071 - INFO -    -> trafilatura (21867 chars)
2026-09-12 14:05:51,681 - INFO - [1148/1962] https://es.linkedin.com/pulse/luz-verde-judicial-para-un-proyecto-inmobiliario-e
2026-09-12 14:05:53,647 - INFO -    -> trafilatura (2794 chars)
2026-09-12 14:05:55,895 - INFO - [1149/1962] https://www.facebook.com/PoderJudicialdeChile/posts/corte-suprema-confirma-fallo
2026-09-12 14:05:56,157 - INFO -    -> http_error_400 (0 chars)
2026-09-12 14:05:57,769 - INFO - [1150/1962] https://www.latercera.com/nacional/noticia/gobierno-presenta-plan-de-desalojo-de
2026-09-12 14:06:00,011 - INFO -    -> trafilatura (7490 chars)
2026-09-12 14:06:01,963 - INFO - [1151/1962] https://www.facebook.com/AconcaguaNews2.0/posts/sanfelipe-fallo-respald%C3%B3-ac
2026-09-12 14:06:02,336 - INFO -    -> http_error_400 (0 chars)
2026-09-12 14:06:05,298 - INFO - [1152/1962] https://www.ex-ante.cl/cronica/toma-en-san-antonio-poduje-nuevo-desalojo/
2026-09-12 14:06:06,906 - INFO -    -> trafilatura (4720 chars)
2026-09-12 14:06:08,741 - INFO - [1153/1962] http://web.justiciasalta.gov.ar/images/uploads/Jurisprudencia%20-%20CONT%20T208.
2026-09-12 14:06:10,988 - ERROR - parsed tree length: 1, wrong data type or not valid HTML
2026-09-12 14:06:10,988 - ERROR - empty HTML tree: None
2026-09-12 14:06:10,988 - WARNING - discarding data: None
2026-09-12 14:06:11,030 - ERROR - parsed tree length: 1, wrong data type or not valid HTML
2026-09-12 14:06:11,037 - WARNING - Some characters could not be decoded, and were replaced with REPLACEMENT CHARACTER.
2026-09-12 14:06:11,077 - INFO -    -> insuficiente (0 chars)
2026-09-12 14:06:13,120 - INFO - [1154/1962] http://www.oas.org/juridico/pdfs/mesicic5_cri_ane_18.pdf
2026-09-12 14:06:15,194 - ERROR - parsed tree length: 1, wrong data type or not valid HTML
2026-09-12 14:06:15,196 - ERROR - empty HTML tree: None
2026-09-12 14:06:15,196 - WARNING - discarding data: None
2026-09-12 14:06:15,650 - ERROR - parsed tree length: 1, wrong data type or not valid HTML
2026-09-12 14:06:15,873 - WARNING - Some characters could not be decoded, and were replaced with REPLACEMENT CHARACTER.
2026-09-12 14:06:16,552 - INFO -    -> insuficiente (0 chars)
2026-09-12 14:06:18,457 - INFO - [1155/1962] https://www.corteidh.or.cr/docs/casos/articulos/seriec_298_esp.pdf
2026-09-12 14:06:19,502 - ERROR - parsed tree length: 1, wrong data type or not valid HTML
2026-09-12 14:06:19,503 - ERROR - empty HTML tree: None
2026-09-12 14:06:19,503 - WARNING - discarding data: None
2026-09-12 14:06:19,635 - ERROR - parsed tree length: 1, wrong data type or not valid HTML
2026-09-12 14:06:19,696 - WARNING - Some characters could not be decoded, and were replaced with REPLACEMENT CHARACTER.
2026-09-12 14:06:19,942 - INFO -    -> insuficiente (0 chars)
2026-09-12 14:06:21,718 - INFO - [1156/1962] https://www.facebook.com/municipalidadlaunion/posts/si-usted-construy%C3%B3-sin-
2026-09-12 14:06:21,979 - INFO -    -> http_error_400 (0 chars)
2026-09-12 14:06:24,270 - INFO - [1157/1962] https://www.instagram.com/p/CGXYvUGJKim/
2026-09-12 14:06:24,676 - WARNING - discarding data: None
2026-09-12 14:06:25,560 - INFO -    -> insuficiente (0 chars)
2026-09-12 14:06:27,419 - INFO - [1158/1962] https://www.sanantonio.cl/reclamos.html
2026-09-12 14:06:30,564 - INFO -    -> beautifulsoup (599 chars)
2026-09-12 14:06:33,047 - INFO - [1159/1962] https://www.munialajuela.go.cr/Documentos/OtherFiles/Ordinaria-27_16-10-2018_13_
2026-09-12 14:06:33,920 - INFO -    -> http_error_403 (0 chars)
2026-09-12 14:06:35,861 - INFO - [1160/1962] https://www.facebook.com/muni.joaquin/posts/durante-la-jornada-de-este-lunes-se-
2026-09-12 14:06:36,138 - INFO -    -> http_error_400 (0 chars)
2026-09-12 14:06:38,279 - INFO - [1161/1962] https://www.facebook.com/24horas.cl/posts/como-papaya-gate-se-conoce-el-caso-que
2026-09-12 14:06:38,587 - INFO -    -> http_error_400 (0 chars)
2026-09-12 14:06:40,603 - INFO - [1162/1962] https://academiajudicial.cl/wp-content/uploads/2021/10/04_JURISDICCION-CONTENCIO
2026-09-12 14:06:41,938 - ERROR - parsed tree length: 1, wrong data type or not valid HTML
2026-09-12 14:06:41,939 - ERROR - empty HTML tree: None
2026-09-12 14:06:41,939 - WARNING - discarding data: None
2026-09-12 14:06:42,068 - ERROR - parsed tree length: 1, wrong data type or not valid HTML
2026-09-12 14:06:42,118 - WARNING - Some characters could not be decoded, and were replaced with REPLACEMENT CHARACTER.
2026-09-12 14:06:42,403 - INFO -    -> insuficiente (0 chars)
2026-09-12 14:06:44,108 - INFO - [1163/1962] https://www.juanandresorrego.cl/assets/pdf/apu/ap_4/Ley%2019537-Copropiedad%20In
2026-09-12 14:06:46,095 - INFO -    -> trafilatura (36678 chars)
2026-09-12 14:06:47,638 - INFO - [1164/1962] https://fundacionfueyo.udp.cl/wp-content/uploads/2020/01/RchDP-33.pdf
2026-09-12 14:06:48,856 - ERROR - parsed tree length: 1, wrong data type or not valid HTML
2026-09-12 14:06:48,857 - ERROR - empty HTML tree: None
2026-09-12 14:06:48,857 - WARNING - discarding data: None
2026-09-12 14:06:49,016 - ERROR - parsed tree length: 1, wrong data type or not valid HTML
2026-09-12 14:06:49,099 - WARNING - Some characters could not be decoded, and were replaced with REPLACEMENT CHARACTER.
2026-09-12 14:06:49,571 - INFO -    -> insuficiente (0 chars)
2026-09-12 14:06:52,483 - INFO - [1165/1962] https://www.facebook.com/PoderJudicialdeChile/photos/ahora-corte-de-apelaciones-
2026-09-12 14:06:52,903 - INFO -    -> http_error_400 (0 chars)
2026-09-12 14:06:55,663 - INFO - [1166/1962] https://www.elmercurio.com/legal/movil/detalle.aspx?Id=904407&Path=/0D/CC/
2026-09-12 14:06:56,469 - INFO -    -> trafilatura (4501 chars)
2026-09-12 14:06:59,003 - INFO - [1167/1962] https://www.eldinamo.cl/pais/2017/12/06/acogen-recurso-de-proteccion-de-vecinos-
2026-09-12 14:06:59,800 - INFO -    -> trafilatura (3580 chars)
2026-09-12 14:07:02,386 - INFO - [1168/1962] https://www.t13.cl/amp/noticia/nacional/justicia-pide-tomar-medidas-resguardo-ve
2026-09-12 14:07:03,225 - INFO -    -> trafilatura (1947 chars)
2026-09-12 14:07:05,162 - INFO - [1169/1962] https://www.youtube.com/live/GZ7NSGUcsEs
2026-09-12 14:07:06,625 - WARNING - discarding data: None
2026-09-12 14:07:06,686 - INFO -    -> beautifulsoup (203 chars)
2026-09-12 14:07:08,299 - INFO - [1170/1962] http://archivo.colegioabogados.cl/cgi-bin/procesa.pl?plantilla=/v2/contenido_det
2026-09-12 14:07:09,241 - INFO -    -> trafilatura (1086 chars)
2026-09-12 14:07:11,071 - INFO - [1171/1962] https://actualidadjuridica.doe.cl/corte-suprema-confirma-rechazo-de-proteccion-p
2026-09-12 14:07:12,228 - INFO -    -> trafilatura (4186 chars)
2026-09-12 14:07:14,286 - INFO - [1172/1962] https://www.camara.cl/verDoc.aspx?prmTipo=SIAL&prmID=12309&formato=pdf
2026-09-12 14:07:16,173 - ERROR - parsed tree length: 1, wrong data type or not valid HTML
2026-09-12 14:07:16,173 - ERROR - empty HTML tree: None
2026-09-12 14:07:16,173 - WARNING - discarding data: None
2026-09-12 14:07:16,239 - ERROR - parsed tree length: 1, wrong data type or not valid HTML
2026-09-12 14:07:16,265 - WARNING - Some characters could not be decoded, and were replaced with REPLACEMENT CHARACTER.
2026-09-12 14:07:16,360 - INFO -    -> insuficiente (0 chars)
2026-09-12 14:07:18,375 - INFO - [1173/1962] https://www.sii.cl/normativa_legislacion/jurisprudencia_judicial/codigo_tributar
2026-09-12 14:07:19,058 - INFO -    -> trafilatura (28408 chars)
2026-09-12 14:07:21,851 - INFO - [1174/1962] https://www.youtube.com/watch?v=5xrwyfyATOg
2026-09-12 14:07:22,363 - WARNING - discarding data: None
2026-09-12 14:07:22,450 - INFO -    -> beautifulsoup (203 chars)
2026-09-12 14:07:24,088 - INFO - [1175/1962] https://derecho.udd.cl/noticias/2021/12/un-nuevo-recurso-de-proteccion-para-una-
2026-09-12 14:07:25,094 - INFO -    -> trafilatura (11409 chars)
2026-09-12 14:07:27,076 - INFO - [1176/1962] https://www.diarioconstitucional.cl/2021/03/17/corte-de-san-miguel-acoge-recurso
2026-09-12 14:07:28,220 - INFO -    -> trafilatura (6069 chars)
2026-09-12 14:07:30,127 - INFO - [1177/1962] https://www.defensorianinez.cl/defensoria-de-la-ninez-presenta-recurso-de-protec
2026-09-12 14:07:31,648 - INFO -    -> trafilatura (4500 chars)
2026-09-12 14:07:33,546 - INFO - [1178/1962] https://www.facebook.com/PoderJudicialdeChile/posts/corte-de-san-miguel-resuelve
2026-09-12 14:07:34,509 - INFO -    -> http_error_400 (0 chars)
2026-09-12 14:07:37,145 - INFO - [1179/1962] https://www.pucv.cl/uuaa/jurisprudencia-destacada-2021
2026-09-12 14:07:38,356 - INFO -    -> trafilatura (20040 chars)
2026-09-12 14:07:40,099 - INFO - [1180/1962] https://actualidadjuridica.doe.cl/no-procede-recurso-de-proteccion-en-contra-de-
2026-09-12 14:07:42,327 - INFO -    -> trafilatura (3406 chars)
2026-09-12 14:07:44,506 - INFO - [1181/1962] https://www.facebook.com/mph.cl/posts/municipalidad-interpone-recurso-de-protecc
2026-09-12 14:07:44,777 - INFO -    -> http_error_400 (0 chars)
2026-09-12 14:07:47,492 - INFO - [1182/1962] https://www.instagram.com/p/CVVnXMCraM8/
2026-09-12 14:07:48,747 - WARNING - discarding data: None
2026-09-12 14:07:49,661 - INFO -    -> insuficiente (0 chars)
2026-09-12 14:07:51,456 - INFO - [1183/1962] https://www.doe.cl/alerta/13032024/202403133002
2026-09-12 14:07:53,166 - ERROR - parsed tree length: 1, wrong data type or not valid HTML
2026-09-12 14:07:53,167 - ERROR - empty HTML tree: None
2026-09-12 14:07:53,167 - WARNING - discarding data: None
2026-09-12 14:07:53,192 - ERROR - parsed tree length: 1, wrong data type or not valid HTML
2026-09-12 14:07:53,202 - WARNING - Some characters could not be decoded, and were replaced with REPLACEMENT CHARACTER.
2026-09-12 14:07:53,236 - INFO -    -> insuficiente (0 chars)
2026-09-12 14:07:55,335 - INFO - [1184/1962] https://www.facebook.com/aricaldia/posts/corte-de-arica-declara-admisible-recurs
2026-09-12 14:07:55,823 - INFO -    -> http_error_400 (0 chars)
2026-09-12 14:07:58,276 - INFO - [1185/1962] https://www.instagram.com/reel/DWZeQC_gDZ0/
2026-09-12 14:07:58,866 - WARNING - discarding data: None
2026-09-12 14:07:59,663 - INFO -    -> insuficiente (0 chars)
2026-09-12 14:08:02,640 - INFO - [1186/1962] https://www.diarioconstitucional.cl/2026/04/09/corte-suprema-delimita-alcance-de
2026-09-12 14:08:02,942 - INFO -    -> trafilatura (6335 chars)
2026-09-12 14:08:05,202 - INFO - [1187/1962] https://www.instagram.com/reel/DQ43_XIALqM/
2026-09-12 14:08:05,689 - WARNING - discarding data: None
2026-09-12 14:08:06,443 - INFO -    -> insuficiente (0 chars)
2026-09-12 14:08:07,976 - INFO - [1188/1962] https://www.aguilaycia.cl/post/cumplimiento-forzado-de-la-sentencia-que-acoge-el
2026-09-12 14:08:09,202 - INFO -    -> trafilatura (25882 chars)
2026-09-12 14:08:10,986 - INFO - [1189/1962] https://www.instagram.com/p/C6MwlR8uWKu/
2026-09-12 14:08:11,359 - WARNING - discarding data: None
2026-09-12 14:08:12,292 - INFO -    -> insuficiente (0 chars)
2026-09-12 14:08:15,016 - INFO - [1190/1962] https://www.hazbunabogados.cl/fallos-y-descargas/
2026-09-12 14:08:19,147 - INFO -    -> trafilatura (8457 chars)
2026-09-12 14:08:21,277 - INFO - [1191/1962] https://www.cmfchile.cl/sitio/aplic/serdoc/ver_sgd.php?s567=18815bf99b2f69a87c64
2026-09-12 14:08:22,802 - ERROR - parsed tree length: 1, wrong data type or not valid HTML
2026-09-12 14:08:22,802 - ERROR - empty HTML tree: None
2026-09-12 14:08:22,802 - WARNING - discarding data: None
2026-09-12 14:08:22,832 - ERROR - parsed tree length: 1, wrong data type or not valid HTML
2026-09-12 14:08:22,842 - WARNING - Some characters could not be decoded, and were replaced with REPLACEMENT CHARACTER.
2026-09-12 14:08:22,876 - INFO -    -> insuficiente (0 chars)
2026-09-12 14:08:25,183 - INFO - [1192/1962] https://www.elmostrador.cl/noticias/pais/2015/10/19/tribunal-constitucional-cond
2026-09-12 14:08:25,978 - INFO -    -> trafilatura (2932 chars)
2026-09-12 14:08:28,121 - INFO - [1193/1962] https://vlex.cl/tags/causales-de-desalojo-55242
2026-09-12 14:08:29,192 - INFO -    -> trafilatura (10008 chars)
2026-09-12 14:08:30,809 - INFO - [1194/1962] https://www.elciudadano.com/justicia/justicia-confirma-multa-a-deportes-antofaga
2026-09-12 14:08:32,034 - INFO -    -> trafilatura (1637 chars)
2026-09-12 14:08:34,156 - INFO - [1195/1962] https://www.scielo.cl/scielo.php?script=sci_arttext&pid=S0718-68512016000100003
2026-09-12 14:08:35,590 - INFO -    -> trafilatura (80711 chars)
2026-09-12 14:08:37,141 - INFO - [1196/1962] https://transparencia.sma.gob.cl/doc/resoluciones/RESOL_EXENTA_SMA_2016/RESOL%20
2026-09-12 14:08:37,968 - ERROR - parsed tree length: 1, wrong data type or not valid HTML
2026-09-12 14:08:37,969 - ERROR - empty HTML tree: None
2026-09-12 14:08:37,969 - WARNING - discarding data: None
2026-09-12 14:08:37,990 - ERROR - parsed tree length: 1, wrong data type or not valid HTML
2026-09-12 14:08:37,997 - WARNING - Some characters could not be decoded, and were replaced with REPLACEMENT CHARACTER.
2026-09-12 14:08:38,015 - INFO -    -> insuficiente (0 chars)
2026-09-12 14:08:40,913 - INFO - [1197/1962] https://es.linkedin.com/in/felipe-gim%C3%A9nez-53a59a70
2026-09-12 14:08:41,699 - INFO -    -> http_error_999 (0 chars)
2026-09-12 14:08:43,562 - INFO - [1198/1962] https://www.facebook.com/PoderJudicialdeChile/posts/corte-suprema-rechaza-recurs
2026-09-12 14:08:44,419 - INFO -    -> http_error_400 (0 chars)
2026-09-12 14:08:46,444 - INFO - [1199/1962] https://www.ust.cl/web/wp-content/uploads/sites/6/2017/12/40629-IUS-PUBLICUM-42-
2026-09-12 14:08:47,614 - ERROR - parsed tree length: 1, wrong data type or not valid HTML
2026-09-12 14:08:47,614 - ERROR - empty HTML tree: None
2026-09-12 14:08:47,615 - WARNING - discarding data: None
2026-09-12 14:08:47,758 - ERROR - parsed tree length: 1, wrong data type or not valid HTML
2026-09-12 14:08:47,808 - WARNING - Some characters could not be decoded, and were replaced with REPLACEMENT CHARACTER.
2026-09-12 14:08:48,044 - INFO -    -> insuficiente (0 chars)
2026-09-12 14:08:49,827 - INFO - [1200/1962] https://actualidadjuridica.doe.cl/los-acuerdos-del-concejo-municipal-no-son-impu
2026-09-12 14:08:52,164 - INFO -    -> trafilatura (3338 chars)
2026-09-12 14:08:54,931 - INFO - [1201/1962] https://www.facebook.com/PoderJudicialdeChile/photos/comit%C3%A9-de-g%C3%A9nero-
2026-09-12 14:08:55,559 - INFO -    -> http_error_400 (0 chars)
2026-09-12 14:08:57,669 - INFO - [1202/1962] https://academiajudicial.cl/wp-content/uploads/2021/09/04_Jurisdiccion-contencio
2026-09-12 14:08:58,973 - ERROR - parsed tree length: 1, wrong data type or not valid HTML
2026-09-12 14:08:58,974 - ERROR - empty HTML tree: None
2026-09-12 14:08:58,974 - WARNING - discarding data: None
2026-09-12 14:08:59,094 - ERROR - parsed tree length: 1, wrong data type or not valid HTML
2026-09-12 14:08:59,179 - WARNING - Some characters could not be decoded, and were replaced with REPLACEMENT CHARACTER.
2026-09-12 14:08:59,518 - INFO -    -> insuficiente (0 chars)
2026-09-12 14:09:02,317 - INFO - [1203/1962] https://vlex.cl/tags/desglose-del-escrito-judicial-57459
2026-09-12 14:09:02,662 - INFO -    -> trafilatura (10491 chars)
2026-09-12 14:09:04,732 - INFO - [1204/1962] https://www.pucv.cl/uuaa/derechopublico/jurisprudencia-destacada-2020
2026-09-12 14:09:06,014 - INFO -    -> trafilatura (65753 chars)
2026-09-12 14:09:08,338 - INFO - [1205/1962] https://www.facebook.com/contraloriacl/posts/pero-qu%C3%A9-clase-de-magia-es-est
2026-09-12 14:09:08,578 - INFO -    -> http_error_400 (0 chars)
2026-09-12 14:09:11,439 - INFO - [1206/1962] https://www.consejotransparencia.cl/wp-content/uploads/2018/01/memoria_cplt_2009
2026-09-12 14:09:12,811 - ERROR - parsed tree length: 1, wrong data type or not valid HTML
2026-09-12 14:09:12,813 - ERROR - empty HTML tree: None
2026-09-12 14:09:12,813 - WARNING - discarding data: None
2026-09-12 14:09:13,170 - ERROR - parsed tree length: 1, wrong data type or not valid HTML
2026-09-12 14:09:13,306 - WARNING - Some characters could not be decoded, and were replaced with REPLACEMENT CHARACTER.
2026-09-12 14:09:14,037 - INFO -    -> insuficiente (0 chars)
2026-09-12 14:09:16,703 - INFO - [1207/1962] https://es.scribd.com/document/408757929/ACOMPANA-DOCUMENTOS-CORTE-pdf
2026-09-12 14:09:17,340 - INFO -    -> trafilatura (209 chars)
2026-09-12 14:09:20,101 - INFO - [1208/1962] https://es-la.facebook.com/arpassv/posts/3747882341899925
2026-09-12 14:09:20,965 - INFO -    -> http_error_400 (0 chars)
2026-09-12 14:09:23,043 - INFO - [1209/1962] https://www.doe.cl/alerta/23112023/202311233004
2026-09-12 14:09:25,021 - ERROR - parsed tree length: 1, wrong data type or not valid HTML
2026-09-12 14:09:25,022 - ERROR - empty HTML tree: None
2026-09-12 14:09:25,022 - WARNING - discarding data: None
2026-09-12 14:09:25,037 - ERROR - parsed tree length: 1, wrong data type or not valid HTML
2026-09-12 14:09:25,043 - WARNING - Some characters could not be decoded, and were replaced with REPLACEMENT CHARACTER.
2026-09-12 14:09:25,073 - INFO -    -> insuficiente (0 chars)
2026-09-12 14:09:26,947 - INFO - [1210/1962] https://www.diarioconstitucional.cl/2021/11/19/reclamo-de-ilegalidad-contra-muni
2026-09-12 14:09:28,050 - INFO -    -> trafilatura (651 chars)
2026-09-12 14:09:30,291 - INFO - [1211/1962] https://www.facebook.com/PoderJudicialdeChile/posts/juzgado-de-letras-del-trabaj
2026-09-12 14:09:30,666 - INFO -    -> http_error_400 (0 chars)
2026-09-12 14:09:32,224 - INFO - [1212/1962] https://www.loespejo.cl/wp-content/uploads/2022/07/Decreto-de-invalidacion_.pdf
2026-09-12 14:09:33,284 - ERROR - parsed tree length: 1, wrong data type or not valid HTML
2026-09-12 14:09:33,284 - ERROR - empty HTML tree: None
2026-09-12 14:09:33,285 - WARNING - discarding data: None
2026-09-12 14:09:33,501 - ERROR - parsed tree length: 1, wrong data type or not valid HTML
2026-09-12 14:09:33,583 - WARNING - Some characters could not be decoded, and were replaced with REPLACEMENT CHARACTER.
2026-09-12 14:09:33,946 - INFO -    -> insuficiente (0 chars)
2026-09-12 14:09:35,700 - INFO - [1213/1962] https://www.portal.ijuridica.cl/2023/02/
2026-09-12 14:09:37,969 - INFO -    -> trafilatura (27487 chars)
2026-09-12 14:09:40,721 - INFO - [1214/1962] https://www.sostiene.cl/boletin-juridico-julio-2022/
2026-09-12 14:09:42,284 - INFO -    -> trafilatura (37608 chars)
2026-09-12 14:09:44,558 - INFO - [1215/1962] https://actualidadjuridica.doe.cl/se-puede-recurrir-de-ilegalidad-en-contra-de-u
2026-09-12 14:09:46,667 - INFO -    -> trafilatura (7053 chars)
2026-09-12 14:09:48,251 - INFO - [1216/1962] https://transparencia.sma.gob.cl/doc/resoluciones/RESOL_EXENTA_SMA_2022/RESOL%20
2026-09-12 14:09:49,108 - ERROR - parsed tree length: 1, wrong data type or not valid HTML
2026-09-12 14:09:49,109 - ERROR - empty HTML tree: None
2026-09-12 14:09:49,109 - WARNING - discarding data: None
2026-09-12 14:09:49,181 - ERROR - parsed tree length: 1, wrong data type or not valid HTML
2026-09-12 14:09:49,203 - WARNING - Some characters could not be decoded, and were replaced with REPLACEMENT CHARACTER.
2026-09-12 14:09:49,326 - INFO -    -> insuficiente (0 chars)
2026-09-12 14:09:51,836 - INFO - [1217/1962] https://www.bcn.cl/boletines/art_seccion.html?id_boletin=6&nro_boletin=452&id_se
2026-09-12 14:09:54,402 - INFO -    -> trafilatura (17720 chars)
2026-09-12 14:09:57,324 - INFO - [1218/1962] https://actualidadjuridica.doe.cl/corte-suprema-acoge-reclamo-de-ilegalidad-y-de
2026-09-12 14:09:59,194 - INFO -    -> trafilatura (3394 chars)
2026-09-12 14:10:01,165 - INFO - [1219/1962] https://www.diarioconstitucional.cl/2026/01/05/corte-de-santiago-rechaza-reclamo
2026-09-12 14:10:01,465 - INFO -    -> trafilatura (3277 chars)
2026-09-12 14:10:03,420 - INFO - [1220/1962] https://www.facebook.com/diarioconstitucional/posts/%EF%B8%8F-corte-admite-a-tr%
2026-09-12 14:10:03,613 - INFO -    -> http_error_400 (0 chars)
2026-09-12 14:10:06,099 - INFO - [1221/1962] https://www.facebook.com/PoderJudicialdeChile/posts/corte-de-santiago-rechaza-re
2026-09-12 14:10:06,365 - INFO -    -> http_error_400 (0 chars)
2026-09-12 14:10:08,385 - INFO - [1222/1962] https://actualidadjuridica.doe.cl/corte-suprema-confirma-multa-de-la-sec/
2026-09-12 14:10:10,003 - INFO -    -> trafilatura (2877 chars)
2026-09-12 14:10:12,079 - INFO - [1223/1962] https://www.facebook.com/PoderJudicialdeChile/videos/corte-de-la-serena-confirma
2026-09-12 14:10:12,813 - WARNING - discarding data: None
2026-09-12 14:10:13,462 - INFO -    -> insuficiente (0 chars)
2026-09-12 14:10:15,666 - INFO - [1224/1962] https://www.consejotransparencia.cl/wp-content/uploads/estudios/2026/06/Boleti%C
2026-09-12 14:10:16,779 - ERROR - parsed tree length: 1, wrong data type or not valid HTML
2026-09-12 14:10:16,779 - ERROR - empty HTML tree: None
2026-09-12 14:10:16,779 - WARNING - discarding data: None
2026-09-12 14:10:16,911 - ERROR - parsed tree length: 1, wrong data type or not valid HTML
2026-09-12 14:10:16,970 - WARNING - Some characters could not be decoded, and were replaced with REPLACEMENT CHARACTER.
2026-09-12 14:10:17,190 - INFO -    -> insuficiente (0 chars)
2026-09-12 14:10:20,007 - INFO - [1225/1962] https://www.facebook.com/municipio.depanama/posts/entrega-de-orden-de-proceder-d
2026-09-12 14:10:20,302 - INFO -    -> http_error_400 (0 chars)
2026-09-12 14:10:23,283 - INFO - [1226/1962] https://www.facebook.com/fundacionbuenvivirvalparaiso/?locale=bn_IN
2026-09-12 14:10:23,584 - INFO -    -> http_error_400 (0 chars)
2026-09-12 14:10:26,379 - INFO - [1227/1962] https://www.facebook.com/listindiario/posts/el-ayuntamiento-de-santiago-decidi%C
2026-09-12 14:10:26,675 - INFO -    -> http_error_400 (0 chars)
2026-09-12 14:10:28,245 - INFO - [1228/1962] https://www.facebook.com/ipilares/photos/vive-hoy-en-estaci%C3%B3n-central-en-un
2026-09-12 14:10:28,728 - INFO -    -> http_error_400 (0 chars)
2026-09-12 14:10:31,488 - INFO - [1229/1962] https://www.facebook.com/diariolibresv/posts/estama%C3%B1ana-endesarrollo-de-los
2026-09-12 14:10:31,901 - INFO -    -> http_error_400 (0 chars)
2026-09-12 14:10:33,896 - INFO - [1230/1962] https://www.facebook.com/lima.moderna/posts/avances-edificio-duplo-28-pisos-bre%
2026-09-12 14:10:34,325 - INFO -    -> http_error_400 (0 chars)
2026-09-12 14:10:36,695 - INFO - [1231/1962] https://www.facebook.com/meganoticiascl/posts/-qu%C3%A9-pasar%C3%A1-con-las-mega
2026-09-12 14:10:37,023 - INFO -    -> http_error_400 (0 chars)
2026-09-12 14:10:39,457 - INFO - [1232/1962] https://www.facebook.com/fundacionbuenvivirvalparaiso/?locale=es_LA
2026-09-12 14:10:39,691 - INFO -    -> http_error_400 (0 chars)
2026-09-12 14:10:41,216 - INFO - [1233/1962] https://www.facebook.com/intendenciadepartamentalde.artigas/posts/funcionarios-d
2026-09-12 14:10:41,477 - INFO -    -> http_error_400 (0 chars)
2026-09-12 14:10:44,302 - INFO - [1234/1962] https://www.facebook.com/elsalvadorcom/posts/noticias-el-alcalde-de-sonsonate-ra
2026-09-12 14:10:44,776 - INFO -    -> http_error_400 (0 chars)
2026-09-12 14:10:47,747 - INFO - [1235/1962] https://www.facebook.com/groups/680069939187415/posts/1948805115647218/
2026-09-12 14:10:48,034 - INFO -    -> http_error_400 (0 chars)
2026-09-12 14:10:50,827 - INFO - [1236/1962] https://www.facebook.com/AM1080/posts/-edificio-derrumbado-contaba-con-los-permi
2026-09-12 14:10:51,199 - INFO -    -> http_error_400 (0 chars)
2026-09-12 14:10:52,890 - INFO - [1237/1962] https://www.latercera.com/nacional/noticia/el-paso-de-poduje-por-el-encuentro-na
2026-09-12 14:10:54,570 - INFO -    -> trafilatura (3455 chars)
2026-09-12 14:10:56,358 - INFO - [1238/1962] https://www.facebook.com/100044500691086/posts/el-departamento-de-espacios-p%C3%
2026-09-12 14:10:56,607 - INFO -    -> http_error_400 (0 chars)
2026-09-12 14:10:59,244 - INFO - [1239/1962] https://www.facebook.com/cnnchile/posts/alcalde-de-estaci%C3%B3n-central-oficia-
2026-09-12 14:10:59,522 - INFO -    -> http_error_400 (0 chars)
2026-09-12 14:11:01,223 - INFO - [1240/1962] https://www.facebook.com/DiarioLibre/posts/-actualidaddl-declaran-de-utilidad-p%
2026-09-12 14:11:01,443 - INFO -    -> http_error_400 (0 chars)
2026-09-12 14:11:03,120 - INFO - [1241/1962] https://www.facebook.com/fundacionbuenvivirvalparaiso/?locale=be_BY
2026-09-12 14:11:03,382 - INFO -    -> http_error_400 (0 chars)
2026-09-12 14:11:05,982 - INFO - [1242/1962] https://www.theclinic.cl/2017/04/13/este-hombre-construye-los-guetos-verticales-
2026-09-12 14:11:07,634 - INFO -    -> trafilatura (1829 chars)
2026-09-12 14:11:09,810 - INFO - [1243/1962] https://www.latercera.com/paula/una-semana-viviendo-gueto-vertical/
2026-09-12 14:11:10,043 - INFO -    -> trafilatura (18873 chars)
2026-09-12 14:11:12,834 - INFO - [1244/1962] https://segreader.emol.cl/2017/04/13/A/JI3512LK/light?gt=134207
2026-09-12 14:11:13,510 - ERROR - parsed tree length: 1, wrong data type or not valid HTML
2026-09-12 14:11:13,510 - ERROR - empty HTML tree: None
2026-09-12 14:11:13,510 - WARNING - discarding data: None
2026-09-12 14:11:13,512 - ERROR - parsed tree length: 1, wrong data type or not valid HTML
2026-09-12 14:11:13,546 - INFO -    -> beautifulsoup (3646 chars)
2026-09-12 14:11:15,159 - INFO - [1245/1962] https://artes.uchile.cl/noticias/132846/las-amenazas-y-efectos-de-las-transforma
2026-09-12 14:11:16,132 - INFO -    -> trafilatura (5969 chars)
2026-09-12 14:11:18,181 - INFO - [1246/1962] http://www.economiaynegocios.cl/noticias/noticias.asp?id=352853
2026-09-12 14:11:18,836 - INFO -    -> trafilatura (6208 chars)
2026-09-12 14:11:20,934 - INFO - [1247/1962] https://www.facebook.com/agenciandina/posts/bruce-consider%C3%B3-que-el-minister
2026-09-12 14:11:21,384 - INFO -    -> http_error_400 (0 chars)
2026-09-12 14:11:23,805 - INFO - [1248/1962] https://www.reddit.com/r/Panama/comments/4ol9nm/plano_de_arborizaci%C3%B3n_de_ca
2026-09-12 14:11:24,460 - WARNING - discarding data: None
2026-09-12 14:11:24,492 - INFO -    -> insuficiente (0 chars)
2026-09-12 14:11:26,470 - INFO - [1249/1962] https://revistaplaneo.cl/wp-content/uploads/Arti%CC%81culo_Di%CC%81az.pdf
2026-09-12 14:11:28,506 - ERROR - parsed tree length: 1, wrong data type or not valid HTML
2026-09-12 14:11:28,507 - ERROR - empty HTML tree: None
2026-09-12 14:11:28,507 - WARNING - discarding data: None
2026-09-12 14:11:28,559 - ERROR - parsed tree length: 1, wrong data type or not valid HTML
2026-09-12 14:11:28,579 - WARNING - Some characters could not be decoded, and were replaced with REPLACEMENT CHARACTER.
2026-09-12 14:11:28,695 - INFO -    -> insuficiente (0 chars)
2026-09-12 14:11:30,223 - INFO - [1250/1962] https://www.youtube.com/watch?v=zeiMn4jERs0
2026-09-12 14:11:31,620 - WARNING - discarding data: None
2026-09-12 14:11:31,743 - INFO -    -> beautifulsoup (203 chars)
2026-09-12 14:11:34,605 - INFO - [1251/1962] https://radiojgm.uchile.cl/vecinos-de-ciudad-del-nino-convocan-a-protestas-por-a
2026-09-12 14:11:36,063 - INFO -    -> trafilatura (5111 chars)
2026-09-12 14:11:38,176 - INFO - [1252/1962] https://www.scielo.cl/scielo.php?script=sci_arttext&pid=S0717-69962018000100144
2026-09-12 14:11:39,266 - INFO -    -> trafilatura (9654 chars)
2026-09-12 14:11:42,079 - INFO - [1253/1962] https://www.fastcheck.cl/2020/11/17/los-guetos-verticales-que-deja-el-exalcalde-
2026-09-12 14:11:43,695 - WARNING - discarding data: None
2026-09-12 14:11:43,718 - INFO -    -> insuficiente (0 chars)
2026-09-12 14:11:45,680 - INFO - [1254/1962] https://www.instagram.com/p/CHlaugrhMZ0/
2026-09-12 14:11:46,644 - WARNING - discarding data: None
2026-09-12 14:11:47,385 - INFO -    -> insuficiente (0 chars)
2026-09-12 14:11:50,191 - INFO - [1255/1962] https://eldesconcierto.cl/2018/01/04/bomberos-por-incendio-en-gueto-vertical-la-
2026-09-12 14:11:51,144 - INFO -    -> trafilatura (2073 chars)
2026-09-12 14:11:54,030 - INFO - [1256/1962] https://radio.uchile.cl/2019/10/12/san-miguel-en-alerta-vecinos-denuncian-indisc
2026-09-12 14:11:55,664 - INFO -    -> trafilatura (3828 chars)
2026-09-12 14:11:57,421 - INFO - [1257/1962] https://www.instagram.com/reel/Cu2-m_XL_Y4/
2026-09-12 14:11:57,741 - WARNING - discarding data: None
2026-09-12 14:11:58,721 - INFO -    -> insuficiente (0 chars)
2026-09-12 14:12:00,723 - INFO - [1258/1962] https://www.instagram.com/erikamartinezalcaldesa/reels/
2026-09-12 14:12:01,099 - WARNING - discarding data: None
2026-09-12 14:12:02,083 - INFO -    -> insuficiente (0 chars)
2026-09-12 14:12:04,058 - INFO - [1259/1962] https://masvalorpropiedades.cl/las-amenazas-y-efectos-de-las-transformaciones-de
2026-09-12 14:12:08,152 - INFO -    -> trafilatura (5767 chars)
2026-09-12 14:12:10,268 - INFO - [1260/1962] https://www.diarioestrategia.cl/texto-diario/mostrar/4049952/multas-despidos-nue
2026-09-12 14:12:12,243 - INFO -    -> trafilatura (2456 chars)
2026-09-12 14:12:14,834 - INFO - [1261/1962] https://sjmchile.org/uncategorized/migrantes-pagan-arriendos-tan-caros-o-mas-que
2026-09-12 14:12:16,869 - INFO -    -> trafilatura (8932 chars)
2026-09-12 14:12:19,414 - INFO - [1262/1962] https://amosantiago.cl/la-irrupcion-de-los-nano-departamentos/
2026-09-12 14:12:22,573 - INFO -    -> trafilatura (10056 chars)
2026-09-12 14:12:24,871 - INFO - [1263/1962] https://nexoinmobiliario.pe/
2026-09-12 14:12:26,595 - INFO -    -> trafilatura (1693 chars)
2026-09-12 14:12:28,230 - INFO - [1264/1962] https://www.facebook.com/alertaNOTICIASvalparaiso/posts/peligra-playa-nudista-en
2026-09-12 14:12:29,140 - INFO -    -> http_error_400 (0 chars)
2026-09-12 14:12:30,902 - INFO - [1265/1962] https://www.scielo.cl/scielo.php?script=sci_arttext&pid=S0718-83582016000300004
2026-09-12 14:12:32,413 - INFO -    -> trafilatura (56596 chars)
2026-09-12 14:12:34,666 - INFO - [1266/1962] https://www.theclinic.cl/2017/01/11/por-que-vecinos-de-san-bernardo-buscan-frena
2026-09-12 14:12:35,998 - INFO -    -> trafilatura (16002 chars)
2026-09-12 14:12:37,798 - INFO - [1267/1962] http://www.oas.org/en/sedi/dsd/ELPG/aboutELPG/Protocolo%20Megaproyectos%20SCJN.p
2026-09-12 14:12:38,247 - ERROR - parsed tree length: 1, wrong data type or not valid HTML
2026-09-12 14:12:38,248 - ERROR - empty HTML tree: None
2026-09-12 14:12:38,249 - WARNING - discarding data: None
2026-09-12 14:12:38,418 - ERROR - parsed tree length: 1, wrong data type or not valid HTML
2026-09-12 14:12:38,485 - WARNING - Some characters could not be decoded, and were replaced with REPLACEMENT CHARACTER.
2026-09-12 14:12:38,795 - INFO -    -> insuficiente (0 chars)
2026-09-12 14:12:41,007 - INFO - [1268/1962] https://repositorioinstitucional.buap.mx/server/api/core/bitstreams/4fcf7c7b-4ba
2026-09-12 14:12:44,925 - ERROR - parsed tree length: 1, wrong data type or not valid HTML
2026-09-12 14:12:44,928 - ERROR - empty HTML tree: None
2026-09-12 14:12:44,928 - WARNING - discarding data: None
2026-09-12 14:12:45,276 - ERROR - parsed tree length: 1, wrong data type or not valid HTML
2026-09-12 14:12:45,416 - WARNING - Some characters could not be decoded, and were replaced with REPLACEMENT CHARACTER.
2026-09-12 14:12:46,080 - INFO -    -> insuficiente (0 chars)
2026-09-12 14:12:48,415 - INFO - [1269/1962] https://www.lanoticiaweb.com.ar/se-aprobo-la-habilitacion-del-megaproyecto-inmob
2026-09-12 14:13:20,551 - WARNING - Error extrayendo https://www.lanoticiaweb.com.ar/se-aprobo-la-habilitacion-del-megaproy: HTTPSConnectionPool(host='www.lanoticiaweb.com.ar', port=443): Read timed out.
2026-09-12 14:13:20,560 - INFO -    -> error (0 chars)
2026-09-12 14:13:23,059 - INFO - [1270/1962] https://www.df.cl/empresas/infraestructura-inmobiliaria/franquicia-a-vivienda-se
2026-09-12 14:13:24,089 - INFO -    -> trafilatura (4018 chars)
2026-09-12 14:13:26,167 - INFO - [1271/1962] https://www.facebook.com/DiegoIbanezSenador/posts/quirilluca-ricardo-frez-abogad
2026-09-12 14:13:26,670 - INFO -    -> http_error_400 (0 chars)
2026-09-12 14:13:28,592 - INFO - [1272/1962] https://www.facebook.com/LosPortonesDelUrubo/posts/somos-un-megaproyecto-que-est
2026-09-12 14:13:28,988 - INFO -    -> http_error_400 (0 chars)
2026-09-12 14:13:31,051 - INFO - [1273/1962] https://www.scielo.org.mx/scielo.php?script=sci_arttext&pid=S2683-28522019000200
2026-09-12 14:13:35,987 - INFO -    -> trafilatura (53144 chars)
2026-09-12 14:13:38,564 - INFO - [1274/1962] https://www.bricsa.cl/proyecto/1
2026-09-12 14:13:41,384 - INFO -    -> trafilatura (463 chars)
2026-09-12 14:13:44,194 - INFO - [1275/1962] https://www.zonadocs.mx/2019/06/30/presa-zapotillo-de-las-inconsistencias-tecnic
2026-09-12 14:14:17,874 - INFO -    -> trafilatura (11136 chars)
2026-09-12 14:14:19,730 - INFO - [1276/1962] https://www.facebook.com/groups/algarroboaldia/posts/2142675645893143/
2026-09-12 14:14:19,985 - INFO -    -> http_error_400 (0 chars)
2026-09-12 14:14:21,823 - INFO - [1277/1962] https://www.facebook.com/GADCatamayo/posts/la-obra-contin%C3%BAa-en-el-sector-la
2026-09-12 14:14:22,313 - INFO -    -> http_error_400 (0 chars)
2026-09-12 14:14:24,417 - INFO - [1278/1962] https://lacoperacha.org.mx/cooperativa-palo-alto-denuncia-cartel-inmobiliario-po
2026-09-12 14:14:28,565 - INFO -    -> trafilatura (3648 chars)
2026-09-12 14:14:30,523 - INFO - [1279/1962] https://larepublica.pe/sociedad/2022/10/14/centro-urbano-rex-conoce-todo-sobre-e
2026-09-12 14:14:31,985 - INFO -    -> trafilatura (3579 chars)
2026-09-12 14:14:34,341 - INFO - [1280/1962] http://repositorio.ugto.mx/bitstream/20.500.12059/4668/1/Turismo%20y%20gentrific
2026-09-12 14:14:54,700 - WARNING - Error extrayendo http://repositorio.ugto.mx/bitstream/20.500.12059/4668/1/Turismo%20y%2: HTTPConnectionPool(host='repositorio.ugto.mx', port=80): Max retries exceeded with url: /bitstream/20.500.12059/4668/1/Turismo%20y%20gentrificaci%C3%B3n%20en%20ciudades%20patrimoniales%3B%20los%20casos%20de%20las%20ciudades%20de%20Guanajuato%20y%20San%20Miguel%20de%20Allende.pdf (Caused by ConnectTimeoutError(<HTTPConnection(host='repositorio.ugto.mx', port=80) at 0x2cc0524f680>, 'Connection to repositorio.ugto.mx timed out. (connect timeout=20)'))
2026-09-12 14:14:54,710 - INFO -    -> error (0 chars)
2026-09-12 14:14:57,509 - INFO - [1281/1962] https://revistaurbanismo.uchile.cl/index.php/RU/article/view/45735
2026-09-12 14:14:58,630 - INFO -    -> trafilatura (1541 chars)
2026-09-12 14:15:00,816 - INFO - [1282/1962] https://www.scielo.cl/scielo.php?script=sci_arttext&pid=S0718-83582017000100061
2026-09-12 14:15:02,005 - INFO -    -> trafilatura (41019 chars)
2026-09-12 14:15:04,915 - INFO - [1283/1962] https://scholar.google.com/citations?user=pN4NXlgAAAAJ&hl=en
2026-09-12 14:15:06,537 - INFO -    -> trafilatura (3691 chars)
2026-09-12 14:15:08,961 - INFO - [1284/1962] https://www.academia.edu/13440445/Gentrificaci%C3%B3n_y_turismo_en_la_ciudad_con
2026-09-12 14:15:09,580 - INFO -    -> http_error_403 (0 chars)
2026-09-12 14:15:12,226 - INFO - [1285/1962] https://dialnet.unirioja.es/descarga/articulo/5814202.pdf
2026-09-12 14:15:32,254 - WARNING - Error extrayendo https://dialnet.unirioja.es/descarga/articulo/5814202.pdf: HTTPSConnectionPool(host='dialnet.unirioja.es', port=443): Max retries exceeded with url: /descarga/articulo/5814202.pdf (Caused by ConnectTimeoutError(<HTTPSConnection(host='dialnet.unirioja.es', port=443) at 0x2cc00edfd90>, 'Connection to dialnet.unirioja.es timed out. (connect timeout=20)'))
2026-09-12 14:15:32,263 - INFO -    -> error (0 chars)
2026-09-12 14:15:34,811 - INFO - [1286/1962] http://contested-cities.net/wp-content/uploads/2016/01/2015_Gentrificacion_MEX_A
2026-09-12 14:15:37,192 - ERROR - parsed tree length: 1, wrong data type or not valid HTML
2026-09-12 14:15:37,193 - ERROR - empty HTML tree: None
2026-09-12 14:15:37,193 - WARNING - discarding data: None
2026-09-12 14:15:37,235 - ERROR - parsed tree length: 1, wrong data type or not valid HTML
2026-09-12 14:15:37,244 - WARNING - Some characters could not be decoded, and were replaced with REPLACEMENT CHARACTER.
2026-09-12 14:15:37,300 - INFO -    -> insuficiente (0 chars)
2026-09-12 14:15:39,347 - INFO - [1287/1962] https://www.latercera.com/pulso/noticia/integracion-inversa-fenomeno-al-interior
2026-09-12 14:15:41,334 - INFO -    -> trafilatura (4684 chars)
2026-09-12 14:15:43,721 - INFO - [1288/1962] https://www.facebook.com/LaVanguardia/posts/un-t%C3%ADtulo-a-priori-atractivo-qu
2026-09-12 14:15:44,854 - INFO -    -> http_error_400 (0 chars)
2026-09-12 14:15:46,986 - INFO - [1289/1962] https://carlostomasini.com/2019/11/04/que-es-la-gentrificacion/
2026-09-12 14:15:49,560 - INFO -    -> trafilatura (11754 chars)
2026-09-12 14:15:51,368 - INFO - [1290/1962] https://www.redalyc.org/journal/196/19673772006/html/
2026-09-12 14:16:12,237 - WARNING - Error extrayendo https://www.redalyc.org/journal/196/19673772006/html/: HTTPSConnectionPool(host='www.redalyc.org', port=443): Read timed out. (read timeout=20)
2026-09-12 14:16:12,247 - INFO -    -> error (0 chars)
2026-09-12 14:16:14,872 - INFO - [1291/1962] https://revistas.pucp.edu.pe/index.php/lacolmena/article/view/23442
2026-09-12 14:16:16,391 - INFO -    -> trafilatura (1116 chars)
2026-09-12 14:16:17,963 - INFO - [1292/1962] https://www.0223.com.ar/nota/2019-11-25-8-18-0-el-turismo-y-una-nueva-forma-de-g
2026-09-12 14:16:18,738 - INFO -    -> trafilatura (3472 chars)
2026-09-12 14:16:20,318 - INFO - [1293/1962] https://www.scielo.org.mx/scielo.php?script=sci_arttext&pid=S2007-91762022000200
2026-09-12 14:16:23,356 - INFO -    -> trafilatura (46700 chars)
2026-09-12 14:16:25,649 - INFO - [1294/1962] https://revistainvi.uchile.cl/index.php/INVI/article/view/62568
2026-09-12 14:16:26,639 - INFO -    -> trafilatura (2365 chars)
2026-09-12 14:16:29,108 - INFO - [1295/1962] https://estudiosurbanos.uc.cl/wp-content/uploads/2022/05/TESIS-JVV.pdf
2026-09-12 14:16:30,643 - ERROR - parsed tree length: 1, wrong data type or not valid HTML
2026-09-12 14:16:30,644 - ERROR - empty HTML tree: None
2026-09-12 14:16:30,644 - WARNING - discarding data: None
2026-09-12 14:16:30,931 - ERROR - parsed tree length: 1, wrong data type or not valid HTML
2026-09-12 14:16:31,013 - WARNING - Some characters could not be decoded, and were replaced with REPLACEMENT CHARACTER.
2026-09-12 14:16:31,403 - INFO -    -> insuficiente (0 chars)
2026-09-12 14:16:33,107 - INFO - [1296/1962] https://www.lefthandrotation.com/museodelosdesplazados/colaboraciones/jorge-omar
2026-09-12 14:16:36,019 - INFO -    -> trafilatura (12927 chars)
2026-09-12 14:16:38,986 - INFO - [1297/1962] https://dialnet.unirioja.es/servlet/articulo?codigo=8762349
2026-09-12 14:16:49,145 - INFO -    -> trafilatura (3047 chars)
2026-09-12 14:16:51,257 - INFO - [1298/1962] https://www.facebook.com/dw.espanol/videos/c%C3%B3mo-la-gentrificaci%C3%B3n-afec
2026-09-12 14:16:52,249 - WARNING - discarding data: None
2026-09-12 14:16:52,794 - INFO -    -> insuficiente (0 chars)
2026-09-12 14:16:54,985 - INFO - [1299/1962] https://www.scielo.cl/pdf/eure/v49n146/0717-6236-eure-49-146-0006.pdf
2026-09-12 14:16:56,815 - ERROR - parsed tree length: 1, wrong data type or not valid HTML
2026-09-12 14:16:56,818 - ERROR - empty HTML tree: None
2026-09-12 14:16:56,818 - WARNING - discarding data: None
2026-09-12 14:16:57,126 - ERROR - parsed tree length: 1, wrong data type or not valid HTML
2026-09-12 14:16:57,243 - WARNING - Some characters could not be decoded, and were replaced with REPLACEMENT CHARACTER.
2026-09-12 14:16:57,705 - INFO -    -> insuficiente (0 chars)
2026-09-12 14:16:59,362 - INFO - [1300/1962] https://dimensionesturisticas.mx/index.php/dimensiones/article/view/208
2026-09-12 14:17:03,170 - INFO -    -> trafilatura (15613 chars)
2026-09-12 14:17:05,251 - INFO - [1301/1962] https://www.reddit.com/r/mexico/comments/1alevha/gentrificaci%C3%B3n_san_miguel_
2026-09-12 14:17:05,804 - WARNING - discarding data: None
2026-09-12 14:17:05,834 - INFO -    -> insuficiente (0 chars)
2026-09-12 14:17:08,485 - INFO - [1302/1962] https://www.liderempresarial.com/gentrificacion-en-san-miguel-de-allende-turismo
2026-09-12 14:17:11,943 - INFO -    -> trafilatura (4134 chars)
2026-09-12 14:17:14,340 - INFO - [1303/1962] https://oem.com.mx/elsoldemexico/mexico/san-miguel-avanza-en-turismo-pero-gentri
2026-09-12 14:17:15,729 - INFO -    -> trafilatura (286 chars)
2026-09-12 14:17:17,249 - INFO - [1304/1962] https://masam.cuautitlan.unam.mx/seminarioarteydiseno/revista/index.php/reiadyc/
2026-09-12 14:17:19,747 - INFO -    -> trafilatura (4060 chars)
2026-09-12 14:17:22,536 - INFO - [1305/1962] https://futurosindigenas.org/2025/04/san-miguel-de-allende-agua-gentrificacion-y
2026-09-12 14:17:26,137 - INFO -    -> trafilatura (23920 chars)
2026-09-12 14:17:28,327 - INFO - [1306/1962] https://www.sanmiguel.cl/oirs/web/
2026-09-12 14:17:29,307 - INFO -    -> trafilatura (385 chars)
2026-09-12 14:17:32,277 - INFO - [1307/1962] https://www.ayudamineduc.cl/oficina-regional?oficina=664
2026-09-12 14:17:33,446 - INFO -    -> trafilatura (839 chars)
2026-09-12 14:17:35,741 - INFO - [1308/1962] https://www.bci.cl/corporativo/sucursales-y-cajeros
2026-09-12 14:17:37,321 - INFO -    -> trafilatura (489 chars)
2026-09-12 14:17:39,869 - INFO - [1309/1962] https://smt.gob.ar/
2026-09-12 14:17:41,568 - INFO -    -> trafilatura (220 chars)
2026-09-12 14:17:44,441 - INFO - [1310/1962] https://www.bcn.cl/historiapolitica/congreso_nacional/edificios/detalle?sel=Edif
2026-09-12 14:17:47,332 - INFO -    -> trafilatura (17217 chars)
2026-09-12 14:17:50,175 - INFO - [1311/1962] https://www.registradores.org/directorio/-/registros/propiedad
2026-09-12 14:17:56,023 - INFO -    -> trafilatura (120022 chars)
2026-09-12 14:17:58,231 - INFO - [1312/1962] https://www.hospitalbarrosluco.gob.cl/
2026-09-12 14:17:59,510 - INFO -    -> trafilatura (339 chars)
2026-09-12 14:18:01,673 - INFO - [1313/1962] https://www.facebook.com/munilebu/posts/juntas-de-vecinos-de-junquillo-bajo-y-jo
2026-09-12 14:18:02,791 - INFO -    -> http_error_400 (0 chars)
2026-09-12 14:18:05,114 - INFO - [1314/1962] https://web.sanmiguel.cl/derechos-de-aseo/
2026-09-12 14:18:06,621 - INFO -    -> trafilatura (3602 chars)
2026-09-12 14:18:08,498 - INFO - [1315/1962] https://www.fiscaliadechile.cl/quienes-somos/fiscalias/region-metropolitana-sur
2026-09-12 14:18:10,163 - INFO -    -> trafilatura (1828 chars)
2026-09-12 14:18:11,830 - INFO - [1316/1962] https://www.uautonoma.cl/sedes/el-llano-subercaseaux-santiago/
2026-09-12 14:18:12,842 - INFO -    -> trafilatura (849 chars)
2026-09-12 14:18:15,154 - INFO - [1317/1962] https://www.pdichile.cl/pdi-mas-cercano
2026-09-12 14:18:16,405 - WARNING - discarding data: None
2026-09-12 14:18:32,203 - INFO -    -> beautifulsoup (148218 chars)
2026-09-12 14:18:34,164 - INFO - [1318/1962] https://www.coopeuch.cl/personas/sucursales
2026-09-12 14:18:36,265 - INFO -    -> trafilatura (17894 chars)
2026-09-12 14:18:38,919 - INFO - [1319/1962] https://www.gendarmeria.gob.cl/establecimientos.html
2026-09-12 14:18:39,798 - INFO -    -> trafilatura (3587 chars)
2026-09-12 14:18:42,665 - INFO - [1320/1962] https://www2.claro.com.pe/portal/pe-2020/recursos_contenido/claro-home/805d6410-
2026-09-12 14:18:43,570 - ERROR - parsed tree length: 1, wrong data type or not valid HTML
2026-09-12 14:18:43,570 - ERROR - empty HTML tree: None
2026-09-12 14:18:43,570 - WARNING - discarding data: None
2026-09-12 14:18:43,595 - ERROR - parsed tree length: 1, wrong data type or not valid HTML
2026-09-12 14:18:43,601 - WARNING - Some characters could not be decoded, and were replaced with REPLACEMENT CHARACTER.
2026-09-12 14:18:43,634 - INFO -    -> insuficiente (0 chars)
2026-09-12 14:18:46,635 - INFO - [1321/1962] https://docpopcorn.cl/nuestros-locales/
2026-09-12 14:18:48,666 - INFO -    -> beautifulsoup (2509 chars)
2026-09-12 14:18:50,553 - INFO - [1322/1962] https://www.clarochile.cl/portal/cl/archivos_generales/Horario%20Sucursales%20-%
2026-09-12 14:18:51,932 - ERROR - parsed tree length: 1, wrong data type or not valid HTML
2026-09-12 14:18:51,932 - ERROR - empty HTML tree: None
2026-09-12 14:18:51,932 - WARNING - discarding data: None
2026-09-12 14:18:51,959 - ERROR - parsed tree length: 1, wrong data type or not valid HTML
2026-09-12 14:18:51,967 - WARNING - Some characters could not be decoded, and were replaced with REPLACEMENT CHARACTER.
2026-09-12 14:18:52,006 - INFO -    -> insuficiente (0 chars)
2026-09-12 14:18:53,805 - INFO - [1323/1962] https://uchile.cl/noticias/134723/miguel-lawner-sobre-la-historia-de-la-villa-sa
2026-09-12 14:18:54,632 - INFO -    -> trafilatura (11437 chars)
2026-09-12 14:18:57,126 - INFO - [1324/1962] https://www.scielo.org.ar/scielo.php?pid=S1853-36552015000400008&script=sci_artt
2026-09-12 14:19:00,073 - INFO -    -> trafilatura (61083 chars)
2026-09-12 14:19:02,422 - INFO - [1325/1962] https://repositorio.uide.edu.ec/bitstream/37000/2431/1/T-UIDE-0698.pdf
2026-09-12 14:19:08,486 - ERROR - parsed tree length: 1, wrong data type or not valid HTML
2026-09-12 14:19:08,493 - ERROR - empty HTML tree: None
2026-09-12 14:19:08,493 - WARNING - discarding data: None
2026-09-12 14:19:10,944 - ERROR - parsed tree length: 1, wrong data type or not valid HTML
2026-09-12 14:19:11,904 - WARNING - Some characters could not be decoded, and were replaced with REPLACEMENT CHARACTER.
2026-09-12 14:19:17,860 - INFO -    -> insuficiente (0 chars)
2026-09-12 14:19:19,773 - INFO - [1326/1962] https://www.facebook.com/munilascondes/posts/vecinos-tendr%C3%A1n-casa-propia-a-
2026-09-12 14:19:20,654 - INFO -    -> http_error_400 (0 chars)
2026-09-12 14:19:22,457 - INFO - [1327/1962] http://ri.uaemex.mx/bitstream/handle/20.500.11799/68520/An%C3%A1lisis+arquitect%
2026-09-12 14:19:26,343 - ERROR - parsed tree length: 1, wrong data type or not valid HTML
2026-09-12 14:19:26,345 - ERROR - empty HTML tree: None
2026-09-12 14:19:26,346 - WARNING - discarding data: None
2026-09-12 14:19:27,681 - ERROR - parsed tree length: 1, wrong data type or not valid HTML
2026-09-12 14:19:28,087 - WARNING - Some characters could not be decoded, and were replaced with REPLACEMENT CHARACTER.
2026-09-12 14:19:29,712 - INFO -    -> insuficiente (0 chars)
2026-09-12 14:19:31,270 - INFO - [1328/1962] https://www.eure.cl/index.php/eure/article/download/834/694/7270
2026-09-12 14:19:32,423 - ERROR - parsed tree length: 1, wrong data type or not valid HTML
2026-09-12 14:19:32,423 - ERROR - empty HTML tree: None
2026-09-12 14:19:32,423 - WARNING - discarding data: None
2026-09-12 14:19:32,537 - ERROR - parsed tree length: 1, wrong data type or not valid HTML
2026-09-12 14:19:32,585 - WARNING - Some characters could not be decoded, and were replaced with REPLACEMENT CHARACTER.
2026-09-12 14:19:32,769 - INFO -    -> insuficiente (0 chars)
2026-09-12 14:19:34,744 - INFO - [1329/1962] https://www.scielo.cl/scielo.php?script=sci_arttext&pid=S0718-83582020000300062
2026-09-12 14:19:35,916 - INFO -    -> trafilatura (60288 chars)
2026-09-12 14:19:37,472 - INFO - [1330/1962] https://www.facebook.com/municipiodebuin/posts/empresa-ninhue-desarrollar%C3%A1-
2026-09-12 14:19:37,726 - INFO -    -> http_error_400 (0 chars)
2026-09-12 14:19:40,258 - INFO - [1331/1962] https://www.ciperchile.cl/2020/11/12/frio-contaminacion-y-hacinamiento-un-millon
2026-09-12 14:19:41,820 - INFO -    -> trafilatura (16991 chars)
2026-09-12 14:19:43,667 - INFO - [1332/1962] https://estudiosurbanos.uc.cl/documento/observaciones-y-propuestas-al-proyecto-d
2026-09-12 14:19:44,728 - INFO -    -> trafilatura (10099 chars)
2026-09-12 14:19:46,402 - INFO - [1333/1962] https://www.facebook.com/MinvuChile/posts/proyecto-de-integraci%C3%B3n-social-y-
2026-09-12 14:19:46,714 - INFO -    -> http_error_400 (0 chars)
2026-09-12 14:19:49,403 - INFO - [1334/1962] https://www.t13.cl/amp/etiqueta/viviendas-sociales
2026-09-12 14:19:50,203 - INFO -    -> trafilatura (7705 chars)
2026-09-12 14:19:52,049 - INFO - [1335/1962] https://www.facebook.com/sanmartingob/posts/se-limita-la-altura-de-futuras-const
2026-09-12 14:19:52,429 - INFO -    -> http_error_400 (0 chars)
2026-09-12 14:19:54,669 - INFO - [1336/1962] https://www.zonanortediario.com.ar/07/05/2014/el-municipio-limita-la-altura-de-c
2026-09-12 14:19:56,227 - INFO -    -> trafilatura (2793 chars)
2026-09-12 14:19:58,572 - INFO - [1337/1962] https://providencia.cl/provi/site/docs/20191112/20191112152541/memoria_explicati
2026-09-12 14:19:59,637 - ERROR - parsed tree length: 1, wrong data type or not valid HTML
2026-09-12 14:19:59,638 - ERROR - empty HTML tree: None
2026-09-12 14:19:59,638 - WARNING - discarding data: None
2026-09-12 14:19:59,785 - ERROR - parsed tree length: 1, wrong data type or not valid HTML
2026-09-12 14:19:59,846 - WARNING - Some characters could not be decoded, and were replaced with REPLACEMENT CHARACTER.
2026-09-12 14:20:00,205 - INFO -    -> insuficiente (0 chars)
2026-09-12 14:20:02,672 - INFO - [1338/1962] https://www.biobiochile.cl/noticias/artes-y-cultura/actualidad-cultural/2018/12/
2026-09-12 14:20:03,641 - INFO -    -> trafilatura (12655 chars)
2026-09-12 14:20:05,396 - INFO - [1339/1962] https://www.facebook.com/LatinaNoticias.pe/posts/el-edificio-de-la-discordia-tod
2026-09-12 14:20:05,821 - INFO -    -> http_error_400 (0 chars)
2026-09-12 14:20:08,035 - INFO - [1340/1962] https://construye2025.cl/category/casos-de-innovacion/
2026-09-12 14:20:10,090 - INFO -    -> trafilatura (360775 chars)
2026-09-12 14:20:12,597 - INFO - [1341/1962] https://www.zonaprop.com.ar/inmobiliarias/sufinca-propiedades_30036834-inmuebles
2026-09-12 14:20:14,042 - INFO -    -> trafilatura (395 chars)
2026-09-12 14:20:16,194 - INFO - [1342/1962] https://www.facebook.com/teletrece/posts/por-las-redes-sociales-comenz%C3%B3-a-c
2026-09-12 14:20:16,412 - INFO -    -> http_error_400 (0 chars)
2026-09-12 14:20:18,298 - INFO - [1343/1962] https://www.montevideo.gub.uy/sites/default/files/biblioteca/anexo6a.pdf
2026-09-12 14:20:20,741 - ERROR - parsed tree length: 1, wrong data type or not valid HTML
2026-09-12 14:20:20,741 - ERROR - empty HTML tree: None
2026-09-12 14:20:20,742 - WARNING - discarding data: None
2026-09-12 14:20:21,056 - ERROR - parsed tree length: 1, wrong data type or not valid HTML
2026-09-12 14:20:21,178 - WARNING - Some characters could not be decoded, and were replaced with REPLACEMENT CHARACTER.
2026-09-12 14:20:21,630 - INFO -    -> insuficiente (0 chars)
2026-09-12 14:20:24,217 - INFO - [1344/1962] https://web.sanmiguel.cl/17186-2/
2026-09-12 14:20:25,621 - INFO -    -> trafilatura (42992 chars)
2026-09-12 14:20:27,974 - INFO - [1345/1962] https://www.pauta.cl/ciudad/2023/11/27/el-plan-del-minvu-para-recuperar-los-terr
2026-09-12 14:20:28,835 - INFO -    -> trafilatura (2538 chars)
2026-09-12 14:20:31,005 - INFO - [1346/1962] https://www.facebook.com/groups/OGUCChile/posts/6272809792737460/
2026-09-12 14:20:31,223 - INFO -    -> http_error_400 (0 chars)
2026-09-12 14:20:33,538 - INFO - [1347/1962] https://www.facebook.com/AM1080/posts/-vecinos-del-barrio-los-mangales-de-asunci
2026-09-12 14:20:33,881 - INFO -    -> http_error_400 (0 chars)
2026-09-12 14:20:36,694 - INFO - [1348/1962] https://www.diarioconcepcion.cl/ciudad/2023/07/17/vecinos-denuncian-que-proyecto
2026-09-12 14:20:37,535 - INFO -    -> trafilatura (11667 chars)
2026-09-12 14:20:39,315 - INFO - [1349/1962] https://www.rvc.cl/proyecto/edificio-briones-luco/
2026-09-12 14:20:42,026 - INFO -    -> trafilatura (2532 chars)
2026-09-12 14:20:44,196 - INFO - [1350/1962] https://www.facebook.com/RadioAgricultura/posts/economia-tribunal-anula-proyecto
2026-09-12 14:20:44,477 - INFO -    -> http_error_400 (0 chars)
2026-09-12 14:20:47,234 - INFO - [1351/1962] https://www.instagram.com/p/DYiKCw8lE-V/
2026-09-12 14:20:48,275 - WARNING - discarding data: None
2026-09-12 14:20:49,083 - INFO -    -> insuficiente (0 chars)
2026-09-12 14:20:51,528 - INFO - [1352/1962] https://www.facebook.com/meganoticiascl/posts/megainvestiga-vecinos-de-estaci%C3
2026-09-12 14:20:51,774 - INFO -    -> http_error_400 (0 chars)
2026-09-12 14:20:54,745 - INFO - [1353/1962] https://www.instagram.com/reel/DXeXkc4lY2U/
2026-09-12 14:20:55,068 - WARNING - discarding data: None
2026-09-12 14:20:55,834 - INFO -    -> insuficiente (0 chars)
2026-09-12 14:20:57,530 - INFO - [1354/1962] https://www.facebook.com/TVUCanal/posts/%EF%B8%8Fel-auge-de-los-edificios-de-dep
2026-09-12 14:20:57,879 - INFO -    -> http_error_400 (0 chars)
2026-09-12 14:21:00,054 - INFO - [1355/1962] https://www.noticiasurbanas.com.ar/colegiales-vecinos-denuncian-una-zona-gris-no
2026-09-12 14:21:01,433 - INFO -    -> trafilatura (4644 chars)
2026-09-12 14:21:04,340 - INFO - [1356/1962] https://www.instagram.com/reel/DXcvHW8AYdU/?hl=id
2026-09-12 14:21:04,717 - WARNING - discarding data: None
2026-09-12 14:21:05,394 - INFO -    -> insuficiente (0 chars)
2026-09-12 14:21:07,052 - INFO - [1357/1962] https://sanmiguelallende.gob.mx/qregulatoria/doc/17412082892.pdf
2026-09-12 14:21:08,917 - ERROR - parsed tree length: 1, wrong data type or not valid HTML
2026-09-12 14:21:08,920 - ERROR - empty HTML tree: None
2026-09-12 14:21:08,921 - WARNING - discarding data: None
2026-09-12 14:21:09,315 - ERROR - parsed tree length: 1, wrong data type or not valid HTML
2026-09-12 14:21:09,451 - WARNING - Some characters could not be decoded, and were replaced with REPLACEMENT CHARACTER.
2026-09-12 14:21:10,036 - INFO -    -> insuficiente (0 chars)
2026-09-12 14:21:12,287 - INFO - [1358/1962] https://www.latercera.com/masdeco/que-rico-es-vivir-en-san-miguel/
2026-09-12 14:21:14,331 - INFO -    -> trafilatura (7889 chars)
2026-09-12 14:21:16,629 - INFO - [1359/1962] https://www.facebook.com/eldesconciertocl/posts/la-inmobiliaria-del-puerto-spa-d
2026-09-12 14:21:17,067 - INFO -    -> http_error_400 (0 chars)
2026-09-12 14:21:18,578 - INFO - [1360/1962] https://actual.cl/nosotros/
2026-09-12 14:21:20,821 - INFO -    -> trafilatura (1088 chars)
2026-09-12 14:21:22,441 - INFO - [1361/1962] https://www.facebook.com/conavicoop.cl/posts/avance-de-obras-proyecto-luis-duran
2026-09-12 14:21:22,798 - INFO -    -> http_error_400 (0 chars)
2026-09-12 14:21:24,829 - INFO - [1362/1962] https://www.chicureohoy.cl/actualidad/nuevo-proyecto-inmobiliario-se-desarrollar
2026-09-12 14:21:27,018 - INFO -    -> trafilatura (1379 chars)
2026-09-12 14:21:29,547 - INFO - [1363/1962] https://www.cde.gob.cl/corte-suprema-rechazo-recurso-de-proteccion-interpuesto-p
2026-09-12 14:21:31,580 - INFO -    -> trafilatura (1496 chars)
2026-09-12 14:21:33,274 - INFO - [1364/1962] https://radionuevomundo.cl/2020/11/alta-preocupacion-por-mega-proyecto-ciudad-de
2026-09-12 14:21:34,762 - INFO -    -> trafilatura (1573 chars)
2026-09-12 14:21:37,304 - INFO - [1365/1962] https://www.facebook.com/municipalidadquintero/posts/el-departamento-de-obras-de
2026-09-12 14:21:37,542 - INFO -    -> http_error_400 (0 chars)
2026-09-12 14:21:39,073 - INFO - [1366/1962] https://olca.cl/articulo/nota.php?id=109635
2026-09-12 14:21:41,156 - INFO -    -> trafilatura (14711 chars)
2026-09-12 14:21:43,051 - INFO - [1367/1962] https://www.theclinic.cl/2022/01/05/megaproyecto-san-miguel-poblacion/
2026-09-12 14:21:44,876 - INFO -    -> trafilatura (2220 chars)
2026-09-12 14:21:47,144 - INFO - [1368/1962] https://interferencia.cl/casos/proyectos-inmobiliarios-en-area-de-preservacion-e
2026-09-12 14:21:49,538 - INFO -    -> trafilatura (4712 chars)
2026-09-12 14:21:51,259 - INFO - [1369/1962] https://tribunalambiental.cl/sentencia-r-463-2024-proyecto-inmobiliario-en-san-m
2026-09-12 14:21:52,014 - INFO -    -> trafilatura (6242 chars)
2026-09-12 14:21:54,831 - INFO - [1370/1962] https://www.ex-ante.cl/economia/paralizacion-de-proyecto-inmobiliario-golpea-con
2026-09-12 14:21:56,406 - INFO -    -> trafilatura (3926 chars)
2026-09-12 14:21:58,545 - INFO - [1371/1962] https://x.com/exantecl/status/1959941577087877440
2026-09-12 14:22:00,686 - INFO -    -> trafilatura (693 chars)
2026-09-12 14:22:02,201 - INFO - [1372/1962] https://www.instagram.com/p/C8iv65fuwp_/
2026-09-12 14:22:03,039 - WARNING - discarding data: None
2026-09-12 14:22:04,021 - INFO -    -> insuficiente (0 chars)
2026-09-12 14:22:06,435 - INFO - [1373/1962] https://www.paz.cl/proyectos/san-miguel
2026-09-12 14:22:07,044 - WARNING - discarding data: None
2026-09-12 14:22:07,087 - INFO -    -> insuficiente (0 chars)
2026-09-12 14:22:09,671 - INFO - [1374/1962] https://es.linkedin.com/posts/rodrigosilvasanmiguel_inmobiliaria-fundamenta-deta
2026-09-12 14:22:10,850 - INFO -    -> trafilatura (1137 chars)
2026-09-12 14:22:12,425 - INFO - [1375/1962] https://www.theclinic.cl/2025/09/22/inmobiliaria-delabase-acusa-graves-perjuicio
2026-09-12 14:22:13,281 - INFO -    -> trafilatura (4965 chars)
2026-09-12 14:22:15,923 - INFO - [1376/1962] https://www.facebook.com/diarioconcepcion/posts/-con-aprobaci%C3%B3n-un%C3%A1nim
2026-09-12 14:22:16,277 - INFO -    -> http_error_400 (0 chars)
2026-09-12 14:22:18,112 - INFO - [1377/1962] https://fontaineycia.cl/no-solo-la-permisologia-traba-el-desarrollo-inmobiliario
2026-09-12 14:22:19,682 - INFO -    -> trafilatura (809 chars)
2026-09-12 14:22:21,368 - INFO - [1378/1962] https://www.gob.pe/institucion/oefa/noticias/20805-el-oefa-denuncia-a-la-municip
2026-09-12 14:22:22,345 - INFO -    -> trafilatura (2206 chars)
2026-09-12 14:22:24,637 - INFO - [1379/1962] https://www.actualidadambiental.pe/oefa-denuncia-a-la-municipalidad-de-san-migue
2026-09-12 14:22:25,759 - INFO -    -> trafilatura (1721 chars)
2026-09-12 14:22:27,477 - INFO - [1380/1962] https://ipdu.pe/2014/05/20/oefa-denuncia-a-municipio-de-san-miguel-por-mal-manej
2026-09-12 14:22:29,122 - INFO -    -> trafilatura (1203 chars)
2026-09-12 14:22:30,974 - INFO - [1381/1962] http://www.normaslegalesonline.pe/imagenes//18/05/2015/1431965604360_O_279_2015_
2026-09-12 14:23:22,107 - ERROR - parsed tree length: 1, wrong data type or not valid HTML
2026-09-12 14:23:22,132 - ERROR - empty HTML tree: None
2026-09-12 14:23:22,132 - WARNING - discarding data: None
2026-09-12 14:23:30,068 - ERROR - parsed tree length: 1, wrong data type or not valid HTML
2026-09-12 14:23:32,287 - WARNING - Some characters could not be decoded, and were replaced with REPLACEMENT CHARACTER.
2026-09-12 14:23:43,260 - INFO -    -> insuficiente (0 chars)
2026-09-12 14:23:45,766 - INFO - [1382/1962] https://www.contraloria.gob.ec/SalaDePrensa/NoticiasPorSectores/ReporteSucumbios
2026-09-12 14:23:49,450 - INFO -    -> trafilatura (21536 chars)
2026-09-12 14:23:51,729 - INFO - [1383/1962] https://transparenciamorelos.mx/sites/default/files/Ayuntamientos/Cuautla/oca16/
2026-09-12 14:23:55,997 - ERROR - parsed tree length: 1, wrong data type or not valid HTML
2026-09-12 14:23:55,997 - ERROR - empty HTML tree: None
2026-09-12 14:23:55,997 - WARNING - discarding data: None
2026-09-12 14:23:56,081 - ERROR - parsed tree length: 1, wrong data type or not valid HTML
2026-09-12 14:23:56,120 - WARNING - Some characters could not be decoded, and were replaced with REPLACEMENT CHARACTER.
2026-09-12 14:23:56,212 - INFO -    -> insuficiente (0 chars)
2026-09-12 14:23:58,168 - INFO - [1384/1962] https://www.facebook.com/isss.gob.sv/posts/en-el-hospital-regional-san-miguel-en
2026-09-12 14:23:58,949 - INFO -    -> http_error_400 (0 chars)
2026-09-12 14:24:01,695 - INFO - [1385/1962] https://elquintopoder.cl/ciudad/atencion-ciudadanos-que-reclaman-por-materias-in
2026-09-12 14:24:04,288 - INFO -    -> trafilatura (7253 chars)
2026-09-12 14:24:06,362 - INFO - [1386/1962] https://www.senado.cl/site/presupuesto/2019/cumplimiento/Glosas%202019/Segunda%2
2026-09-12 14:24:09,615 - INFO -    -> trafilatura (25733 chars)
2026-09-12 14:24:11,285 - INFO - [1387/1962] https://www.superdesalud.gob.cl/tramites/reclamo-por-incumplimiento-en-derechos-
2026-09-12 14:24:12,243 - INFO -    -> trafilatura (2641 chars)
2026-09-12 14:24:14,879 - INFO - [1388/1962] https://www.facebook.com/LaPostaEc/posts/ni-en-la-tragedia-dejan-la-sapada-la-co
2026-09-12 14:24:15,187 - INFO -    -> http_error_400 (0 chars)
2026-09-12 14:24:17,463 - INFO - [1389/1962] https://www.contraloria.gob.ec/WFDescarga.aspx?id=2731&tipo=doc
2026-09-12 14:24:18,698 - ERROR - parsed tree length: 1, wrong data type or not valid HTML
2026-09-12 14:24:18,698 - ERROR - empty HTML tree: None
2026-09-12 14:24:18,698 - WARNING - discarding data: None
2026-09-12 14:24:18,832 - ERROR - parsed tree length: 1, wrong data type or not valid HTML
2026-09-12 14:24:18,907 - WARNING - Some characters could not be decoded, and were replaced with REPLACEMENT CHARACTER.
2026-09-12 14:24:19,208 - INFO -    -> insuficiente (0 chars)
2026-09-12 14:24:21,520 - INFO - [1390/1962] https://www.facebook.com/diarioconcepcion/posts/qu%C3%A9-te-parece-durante-esta-
2026-09-12 14:24:21,782 - INFO -    -> http_error_400 (0 chars)
2026-09-12 14:24:23,781 - INFO - [1391/1962] https://www.instagram.com/p/DYnIXhEiNe6/
2026-09-12 14:24:24,670 - WARNING - discarding data: None
2026-09-12 14:24:25,662 - INFO -    -> insuficiente (0 chars)
2026-09-12 14:24:28,333 - INFO - [1392/1962] https://radio.uchile.cl/2026/07/31/alcalde-de-estacion-central-presenta-requerim
2026-09-12 14:24:30,042 - INFO -    -> trafilatura (2921 chars)
2026-09-12 14:24:32,090 - INFO - [1393/1962] https://www.facebook.com/radiopaulina/posts/tarapac%C3%A1-la-contralor%C3%ADa-in
2026-09-12 14:24:32,419 - INFO -    -> http_error_400 (0 chars)
2026-09-12 14:24:33,974 - INFO - [1394/1962] https://www.facebook.com/AconcaguaNews2.0/posts/sanfelipe-contralor%C3%ADa-recha
2026-09-12 14:24:34,219 - INFO -    -> http_error_400 (0 chars)
2026-09-12 14:24:36,938 - INFO - [1395/1962] https://www.facebook.com/contraloriagt/posts/%EF%B8%8Fcontralor%C3%ADa-general-d
2026-09-12 14:24:37,201 - INFO -    -> http_error_400 (0 chars)
2026-09-12 14:24:39,828 - INFO - [1396/1962] https://www.prensalibre.com/guatemala/politica/contraloria-denuncia-a-exalcalde-
2026-09-12 14:24:42,393 - INFO -    -> trafilatura (10224 chars)
2026-09-12 14:24:43,987 - INFO - [1397/1962] https://www.facebook.com/MunicipalidadDeRecoleta/posts/comit%C3%A9-de-vivienda-s
2026-09-12 14:24:44,231 - INFO -    -> http_error_400 (0 chars)
2026-09-12 14:24:46,639 - INFO - [1398/1962] https://www.sanclemente.cl/concejo/SESIONES%20ENE%202017-%20JUN%202021/2017%20SE
2026-09-12 14:24:48,568 - ERROR - parsed tree length: 1, wrong data type or not valid HTML
2026-09-12 14:24:48,571 - ERROR - empty HTML tree: None
2026-09-12 14:24:48,571 - WARNING - discarding data: None
2026-09-12 14:24:49,437 - ERROR - parsed tree length: 1, wrong data type or not valid HTML
2026-09-12 14:24:49,902 - WARNING - Some characters could not be decoded, and were replaced with REPLACEMENT CHARACTER.
2026-09-12 14:24:51,699 - INFO -    -> insuficiente (0 chars)
2026-09-12 14:24:54,032 - INFO - [1399/1962] https://www.muni-sanmiguel.gob.pe/phocadownload/Transparencia/NormasLegalesEmiti
2026-09-12 14:24:56,938 - ERROR - parsed tree length: 1, wrong data type or not valid HTML
2026-09-12 14:24:56,938 - ERROR - empty HTML tree: None
2026-09-12 14:24:56,938 - WARNING - discarding data: None
2026-09-12 14:24:57,047 - ERROR - parsed tree length: 1, wrong data type or not valid HTML
2026-09-12 14:24:57,093 - WARNING - Some characters could not be decoded, and were replaced with REPLACEMENT CHARACTER.
2026-09-12 14:24:57,274 - INFO -    -> insuficiente (0 chars)
2026-09-12 14:24:59,340 - INFO - [1400/1962] https://www.pintana.cl/firmas/Transparencia/Transparencia_Activa/2014/Actas_Conc
2026-09-12 14:25:00,321 - ERROR - parsed tree length: 1, wrong data type or not valid HTML
2026-09-12 14:25:00,321 - ERROR - empty HTML tree: None
2026-09-12 14:25:00,321 - WARNING - discarding data: None
2026-09-12 14:25:00,352 - ERROR - parsed tree length: 1, wrong data type or not valid HTML
2026-09-12 14:25:00,359 - WARNING - Some characters could not be decoded, and were replaced with REPLACEMENT CHARACTER.
2026-09-12 14:25:00,457 - INFO -    -> insuficiente (0 chars)
2026-09-12 14:25:02,065 - INFO - [1401/1962] https://www.facebook.com/groups/1777164085842597/posts/2196782903880711/
2026-09-12 14:25:02,325 - INFO -    -> http_error_400 (0 chars)
2026-09-12 14:25:05,053 - INFO - [1402/1962] https://www.desamparados.go.cr/sites/default/files/0632017.pdf
2026-09-12 14:25:06,894 - ERROR - parsed tree length: 1, wrong data type or not valid HTML
2026-09-12 14:25:06,895 - ERROR - empty HTML tree: None
2026-09-12 14:25:06,895 - WARNING - discarding data: None
2026-09-12 14:25:06,912 - ERROR - parsed tree length: 1, wrong data type or not valid HTML
2026-09-12 14:25:06,917 - WARNING - Some characters could not be decoded, and were replaced with REPLACEMENT CHARACTER.
2026-09-12 14:25:06,947 - INFO -    -> insuficiente (0 chars)
2026-09-12 14:25:08,840 - INFO - [1403/1962] https://www.municipalidadchillan.cl/media/transparencia/1.7_Actos_Resoluciones/A
2026-09-12 14:25:09,814 - ERROR - parsed tree length: 1, wrong data type or not valid HTML
2026-09-12 14:25:09,815 - ERROR - empty HTML tree: None
2026-09-12 14:25:09,815 - WARNING - discarding data: None
2026-09-12 14:25:09,948 - ERROR - parsed tree length: 1, wrong data type or not valid HTML
2026-09-12 14:25:10,001 - WARNING - Some characters could not be decoded, and were replaced with REPLACEMENT CHARACTER.
2026-09-12 14:25:10,237 - INFO -    -> insuficiente (0 chars)
2026-09-12 14:25:12,448 - INFO - [1404/1962] https://www.chicureohoy.cl/actualidad/el-umbral-de-la-polemica-podria-tener-solu
2026-09-12 14:25:15,038 - INFO -    -> trafilatura (4031 chars)
2026-09-12 14:25:17,476 - INFO - [1405/1962] https://www.instagram.com/reel/DKdSLzRPzmJ/
2026-09-12 14:25:17,897 - WARNING - discarding data: None
2026-09-12 14:25:18,629 - INFO -    -> insuficiente (0 chars)
2026-09-12 14:25:21,133 - INFO - [1406/1962] https://www.facebook.com/pinguinomultimedia/posts/%EF%B8%8F-puntaarenas-municipa
2026-09-12 14:25:21,399 - INFO -    -> http_error_400 (0 chars)
2026-09-12 14:25:24,059 - INFO - [1407/1962] https://www.instagram.com/reel/DSVteSgE9qb/
2026-09-12 14:25:24,421 - WARNING - discarding data: None
2026-09-12 14:25:25,311 - INFO -    -> insuficiente (0 chars)
2026-09-12 14:25:26,927 - INFO - [1408/1962] https://www.instagram.com/junta_de_vecinos_51_piramide/
2026-09-12 14:25:27,275 - WARNING - discarding data: None
2026-09-12 14:25:27,962 - INFO -    -> insuficiente (0 chars)
2026-09-12 14:25:30,038 - INFO - [1409/1962] https://www.facebook.com/MunicipalidaddeSanClemente/videos/seis-juntas-vecinales
2026-09-12 14:25:31,112 - WARNING - discarding data: None
2026-09-12 14:25:31,682 - INFO -    -> insuficiente (0 chars)
2026-09-12 14:25:33,391 - INFO - [1410/1962] https://web.sanmiguel.cl/alcaldesa-erika-martinez-osorio-asume-como-nueva-alcald
2026-09-12 14:25:34,856 - INFO -    -> trafilatura (1509 chars)
2026-09-12 14:25:37,170 - INFO - [1411/1962] https://www.chicureohoy.cl/actualidad/chamisero-junta-de-vecinos-con-apoyo-de-in
2026-09-12 14:25:39,467 - INFO -    -> trafilatura (1567 chars)
2026-09-12 14:25:41,421 - INFO - [1412/1962] http://web.sanmiguel.cl/agosto/arriendos%20inmuebles/D_E_1146_contrato%20arriend
2026-09-12 14:25:41,800 - ERROR - parsed tree length: 1, wrong data type or not valid HTML
2026-09-12 14:25:41,801 - ERROR - empty HTML tree: None
2026-09-12 14:25:41,801 - WARNING - discarding data: None
2026-09-12 14:25:41,904 - ERROR - parsed tree length: 1, wrong data type or not valid HTML
2026-09-12 14:25:41,931 - WARNING - Some characters could not be decoded, and were replaced with REPLACEMENT CHARACTER.
2026-09-12 14:25:42,062 - INFO -    -> insuficiente (0 chars)
2026-09-12 14:25:44,451 - INFO - [1413/1962] https://www.facebook.com/tiempo21/posts/boric-se-inscribe-en-junta-de-vecinos-de
2026-09-12 14:25:44,705 - INFO -    -> http_error_400 (0 chars)
2026-09-12 14:25:47,072 - INFO - [1414/1962] https://www.facebook.com/rtvvisionnoticias/posts/-gabriel-boric-se-inscribe-como
2026-09-12 14:25:47,311 - INFO -    -> http_error_400 (0 chars)
2026-09-12 14:25:49,560 - INFO - [1415/1962] https://www.instagram.com/reel/DbMl6LyhdUb/
2026-09-12 14:25:49,878 - WARNING - discarding data: None
2026-09-12 14:25:50,597 - INFO -    -> insuficiente (0 chars)
2026-09-12 14:25:53,214 - INFO - [1416/1962] https://www.facebook.com/miguel.a.calisto/posts/lo-logramos-los-comit%C3%A9s-san
2026-09-12 14:25:53,718 - INFO -    -> http_error_400 (0 chars)
2026-09-12 14:25:56,485 - INFO - [1417/1962] https://www.instagram.com/p/DWBzb62jQ8X/
2026-09-12 14:25:56,847 - WARNING - discarding data: None
2026-09-12 14:25:57,619 - INFO -    -> insuficiente (0 chars)
2026-09-12 14:25:59,824 - INFO - [1418/1962] https://radiojgm.uchile.cl/construir-ciudad-el-futuro-de-la-ciudad-del-nino/
2026-09-12 14:26:01,216 - INFO -    -> trafilatura (15737 chars)
2026-09-12 14:26:04,012 - INFO - [1419/1962] https://www.facebook.com/groups/boricpresidentedetodos/posts/1714706946903201/
2026-09-12 14:26:04,243 - INFO -    -> http_error_400 (0 chars)
2026-09-12 14:26:06,250 - INFO - [1420/1962] https://www.instagram.com/reel/DTTRWDWAQ04/
2026-09-12 14:26:06,617 - WARNING - discarding data: None
2026-09-12 14:26:07,500 - INFO -    -> insuficiente (0 chars)
2026-09-12 14:26:10,461 - INFO - [1421/1962] https://www.facebook.com/eleccionespresidencialeschile/videos/corredora-de-propi
2026-09-12 14:26:11,045 - WARNING - discarding data: None
2026-09-12 14:26:11,810 - INFO -    -> insuficiente (0 chars)
2026-09-12 14:26:13,937 - INFO - [1422/1962] https://www.youtube.com/shorts/Nr_jI-K9TbQ
2026-09-12 14:26:15,786 - WARNING - discarding data: None
2026-09-12 14:26:15,859 - INFO -    -> beautifulsoup (203 chars)
2026-09-12 14:26:18,163 - INFO - [1423/1962] https://www.quepasaweb.com.ar/polemica-san-isidro-cambios-cou/
2026-09-12 14:26:19,991 - INFO -    -> trafilatura (10518 chars)
2026-09-12 14:26:22,447 - INFO - [1424/1962] https://observatorioamba.org/publicaciones/habitat/files/assets/common/downloads
2026-09-12 14:26:24,074 - ERROR - parsed tree length: 1, wrong data type or not valid HTML
2026-09-12 14:26:24,075 - ERROR - empty HTML tree: None
2026-09-12 14:26:24,075 - WARNING - discarding data: None
2026-09-12 14:26:24,242 - ERROR - parsed tree length: 1, wrong data type or not valid HTML
2026-09-12 14:26:24,368 - WARNING - Some characters could not be decoded, and were replaced with REPLACEMENT CHARACTER.
2026-09-12 14:26:24,915 - INFO -    -> insuficiente (0 chars)
2026-09-12 14:26:26,680 - INFO - [1425/1962] https://www.facebook.com/100041636966831/posts/-clorinda-vecinos-del-barrio-san-
2026-09-12 14:26:26,919 - INFO -    -> http_error_400 (0 chars)
2026-09-12 14:26:29,710 - INFO - [1426/1962] https://www.instagram.com/p/DW_9g49EZkP/
2026-09-12 14:26:30,197 - WARNING - discarding data: None
2026-09-12 14:26:31,134 - INFO -    -> insuficiente (0 chars)
2026-09-12 14:26:32,654 - INFO - [1427/1962] https://www.facebook.com/el13CL/posts/ampliaci%C3%B3n-ilegal-es-usada-para-arrie
2026-09-12 14:26:32,939 - INFO -    -> http_error_400 (0 chars)
2026-09-12 14:26:34,664 - INFO - [1428/1962] https://www.instagram.com/reel/Dax96AnjHeU/
2026-09-12 14:26:35,123 - WARNING - discarding data: None
2026-09-12 14:26:35,953 - INFO -    -> insuficiente (0 chars)
2026-09-12 14:26:38,304 - INFO - [1429/1962] https://www.facebook.com/claudiocastrorenca/posts/el-plan-de-desarrollo-comunal-
2026-09-12 14:26:38,545 - INFO -    -> http_error_400 (0 chars)
2026-09-12 14:26:40,613 - INFO - [1430/1962] https://www.facebook.com/red.bolivision/posts/%EF%B8%8F-casas-al-borde-del-pelig
2026-09-12 14:26:40,892 - INFO -    -> http_error_400 (0 chars)
2026-09-12 14:26:43,721 - INFO - [1431/1962] https://www.instagram.com/reel/Dcl50EEkTXC/
2026-09-12 14:26:44,065 - WARNING - discarding data: None
2026-09-12 14:26:44,871 - INFO -    -> insuficiente (0 chars)
2026-09-12 14:26:47,414 - INFO - [1432/1962] https://eldesconcierto.cl/2017/06/23/morir-en-la-construccion-el-derrumbe-del-pr
2026-09-12 14:26:48,709 - INFO -    -> trafilatura (14955 chars)
2026-09-12 14:26:51,173 - INFO - [1433/1962] https://cl.linkedin.com/in/morell-y-cia-gesti%C3%B3n-inmobiliaria-355661b7
2026-09-12 14:26:51,986 - INFO -    -> http_error_999 (0 chars)
2026-09-12 14:26:54,954 - INFO - [1434/1962] https://www.scielo.cl/article_plus.php?pid=S0718-80722017000100091&tlng=es&lng=e
2026-09-12 14:26:55,618 - INFO -    -> http_error_403 (0 chars)
2026-09-12 14:26:58,548 - INFO - [1435/1962] https://revistaderecho.ucn.cl/index.php/revista-derecho/article/view/1832
2026-09-12 14:26:59,724 - INFO -    -> trafilatura (23977 chars)
2026-09-12 14:27:02,594 - INFO - [1436/1962] https://www.facebook.com/PoderJudicialdeChile/posts/corte-de-apelaciones-de-san-
2026-09-12 14:27:02,973 - INFO -    -> http_error_400 (0 chars)
2026-09-12 14:27:05,015 - INFO - [1437/1962] https://www.facebook.com/PoderJudicialdeChile/posts/-desde-el-1-de-febrero-corte
2026-09-12 14:27:05,409 - INFO -    -> http_error_400 (0 chars)
2026-09-12 14:27:07,839 - INFO - [1438/1962] https://www.pjud.cl/docs/download/2065
2026-09-12 14:27:08,835 - ERROR - parsed tree length: 1, wrong data type or not valid HTML
2026-09-12 14:27:08,835 - ERROR - empty HTML tree: None
2026-09-12 14:27:08,835 - WARNING - discarding data: None
2026-09-12 14:27:08,853 - ERROR - parsed tree length: 1, wrong data type or not valid HTML
2026-09-12 14:27:08,858 - WARNING - Some characters could not be decoded, and were replaced with REPLACEMENT CHARACTER.
2026-09-12 14:27:08,883 - INFO -    -> insuficiente (0 chars)
2026-09-12 14:27:10,455 - INFO - [1439/1962] https://www.diarioconstitucional.cl/2020/11/05/corte-de-apelaciones-de-san-migue
2026-09-12 14:27:11,440 - INFO -    -> trafilatura (629 chars)
2026-09-12 14:27:13,387 - INFO - [1440/1962] https://www.minjusticia.gob.cl/media/2020/06/DIAGNOSTICO-FUNCIONAMIENTO-JUZGADOS
2026-09-12 14:27:14,314 - WARNING - wrong encoding detected: cp1250
2026-09-12 14:27:14,315 - WARNING - wrong encoding detected: cp1257
2026-09-12 14:27:14,417 - WARNING - discarding data: None
2026-09-12 14:27:14,426 - WARNING - wrong encoding detected: cp1250
2026-09-12 14:27:14,427 - WARNING - wrong encoding detected: cp1257
2026-09-12 14:27:14,512 - WARNING - Some characters could not be decoded, and were replaced with REPLACEMENT CHARACTER.
2026-09-12 14:27:14,911 - INFO -    -> insuficiente (0 chars)
2026-09-12 14:27:16,966 - INFO - [1441/1962] https://www.scielo.cl/pdf/rchdp/n35/0718-8072-rchdp-35-0273.pdf
2026-09-12 14:27:18,401 - ERROR - parsed tree length: 1, wrong data type or not valid HTML
2026-09-12 14:27:18,402 - ERROR - empty HTML tree: None
2026-09-12 14:27:18,402 - WARNING - discarding data: None
2026-09-12 14:27:18,426 - ERROR - parsed tree length: 1, wrong data type or not valid HTML
2026-09-12 14:27:18,435 - WARNING - Some characters could not be decoded, and were replaced with REPLACEMENT CHARACTER.
2026-09-12 14:27:18,483 - INFO -    -> insuficiente (0 chars)
2026-09-12 14:27:20,799 - INFO - [1442/1962] https://www.pjud.cl/prensa-y-comunicaciones/noticias-del-poder-judicial/88567
2026-09-12 14:27:21,870 - INFO -    -> trafilatura (5207 chars)
2026-09-12 14:27:23,575 - INFO - [1443/1962] https://www.scielo.cl/article_plus.php?pid=S0716-54552023000100553&tlng=es&lng=e
2026-09-12 14:27:23,605 - INFO -    -> http_error_403 (0 chars)
2026-09-12 14:27:25,396 - INFO - [1444/1962] https://cl.linkedin.com/in/albalbornozp
2026-09-12 14:27:25,588 - INFO -    -> http_error_999 (0 chars)
2026-09-12 14:27:27,815 - INFO - [1445/1962] https://actualidadjuridica.doe.cl/corte-suprema-revoco-y-acogio-el-recurso-de-am
2026-09-12 14:27:30,264 - INFO -    -> trafilatura (4223 chars)
2026-09-12 14:27:32,530 - INFO - [1446/1962] https://www.soychile.cl/puerto-montt/sociedad/2022/07/01/764588/anulan-resolucio
2026-09-12 14:27:34,008 - INFO -    -> trafilatura (1008 chars)
2026-09-12 14:27:36,635 - INFO - [1447/1962] https://www.instagram.com/p/COtrd4xlKp0/
2026-09-12 14:27:37,673 - WARNING - discarding data: None
2026-09-12 14:27:38,392 - INFO -    -> insuficiente (0 chars)
2026-09-12 14:27:40,791 - INFO - [1448/1962] https://www.facebook.com/PoderJudicialdeChile/posts/corte-suprema-rechaza-demand
2026-09-12 14:27:41,069 - INFO -    -> http_error_400 (0 chars)
2026-09-12 14:27:43,216 - INFO - [1449/1962] https://www.pjud.cl/prensa-y-comunicaciones/noticias-del-poder-judicial/112014
2026-09-12 14:27:44,630 - INFO -    -> trafilatura (3065 chars)
2026-09-12 14:27:46,896 - INFO - [1450/1962] https://www.facebook.com/PoderJudicialdeChile/posts/la-corte-suprema-confirm%C3%
2026-09-12 14:27:47,197 - INFO -    -> http_error_400 (0 chars)
2026-09-12 14:27:49,898 - INFO - [1451/1962] https://www.facebook.com/eldesconciertocl/posts/la-corte-de-apelaciones-orden%C3
2026-09-12 14:27:50,218 - INFO -    -> http_error_400 (0 chars)
2026-09-12 14:27:52,701 - INFO - [1452/1962] https://www.facebook.com/PoderJudicialdeChile/posts/corte-de-valpara%C3%ADso-dic
2026-09-12 14:27:53,075 - INFO -    -> http_error_400 (0 chars)
2026-09-12 14:27:55,289 - INFO - [1453/1962] https://www.diarioconstitucional.cl/2026/04/29/corte-suprema-confirma-sanciones-
2026-09-12 14:27:55,652 - INFO -    -> trafilatura (3591 chars)
2026-09-12 14:27:57,871 - INFO - [1454/1962] https://microservicio-documentos.senado.cl/v1/archivos/f86ef337-e5aa-4f75-b3b2-7
2026-09-12 14:27:58,815 - ERROR - parsed tree length: 1, wrong data type or not valid HTML
2026-09-12 14:27:58,817 - ERROR - empty HTML tree: None
2026-09-12 14:27:58,817 - WARNING - discarding data: None
2026-09-12 14:27:58,877 - ERROR - parsed tree length: 1, wrong data type or not valid HTML
2026-09-12 14:27:58,890 - WARNING - Some characters could not be decoded, and were replaced with REPLACEMENT CHARACTER.
2026-09-12 14:27:58,985 - INFO -    -> insuficiente (0 chars)
2026-09-12 14:28:00,776 - INFO - [1455/1962] https://es.scribd.com/document/354458263/bases-plan-regulador-20170721-205052-40
2026-09-12 14:28:01,610 - INFO -    -> trafilatura (209 chars)
2026-09-12 14:28:04,181 - INFO - [1456/1962] https://revistaderechoambiental.uchile.cl/index.php/RDA/article/download/47916/5
2026-09-12 14:28:05,052 - ERROR - parsed tree length: 1, wrong data type or not valid HTML
2026-09-12 14:28:05,052 - ERROR - empty HTML tree: None
2026-09-12 14:28:05,052 - WARNING - discarding data: None
2026-09-12 14:28:05,091 - ERROR - parsed tree length: 1, wrong data type or not valid HTML
2026-09-12 14:28:05,103 - WARNING - Some characters could not be decoded, and were replaced with REPLACEMENT CHARACTER.
2026-09-12 14:28:05,172 - INFO -    -> insuficiente (0 chars)
2026-09-12 14:28:07,218 - INFO - [1457/1962] https://www.defensorba.org.ar/
2026-09-12 14:28:10,232 - INFO -    -> beautifulsoup (1748 chars)
2026-09-12 14:28:12,705 - INFO - [1458/1962] https://www.facebook.com/parralmunicipio/posts/iniciativas-%F0%9D%90%94%F0%9D%90
2026-09-12 14:28:13,007 - INFO -    -> http_error_400 (0 chars)
2026-09-12 14:28:15,712 - INFO - [1459/1962] https://www.facebook.com/radiosantamaria.cl/posts/coyhaique-a-fines-de-este-2026
2026-09-12 14:28:15,958 - INFO -    -> http_error_400 (0 chars)
2026-09-12 14:28:18,620 - INFO - [1460/1962] https://www.instagram.com/p/Db0jPufj-u9/
2026-09-12 14:28:19,022 - WARNING - discarding data: None
2026-09-12 14:28:19,796 - INFO -    -> insuficiente (0 chars)
2026-09-12 14:28:21,981 - INFO - [1461/1962] https://www.facebook.com/groups/1318265491597176/posts/27751987681131597/
2026-09-12 14:28:22,212 - INFO -    -> http_error_400 (0 chars)
2026-09-12 14:28:24,356 - INFO - [1462/1962] https://www.facebook.com/SomosNoticiascl/posts/-minvu-los-r%C3%ADos-culmina-impo
2026-09-12 14:28:24,576 - INFO -    -> http_error_400 (0 chars)
2026-09-12 14:28:26,890 - INFO - [1463/1962] https://derecho-chile.cl/corte-suprema-rechaza-recurso-funcionarios-oficia-al-mi
2026-09-12 14:28:28,831 - INFO -    -> trafilatura (12275 chars)
2026-09-12 14:28:30,582 - INFO - [1464/1962] https://www.facebook.com/PoderJudicialdeChile/posts/corte-de-apelaciones-de-sant
2026-09-12 14:28:30,882 - INFO -    -> http_error_400 (0 chars)
2026-09-12 14:28:32,981 - INFO - [1465/1962] https://www.colmevet.cl/noticia/canil-publico-de-coyhaique-la-iniciativa-que-mar
2026-09-12 14:28:34,630 - INFO -    -> trafilatura (6396 chars)
2026-09-12 14:28:37,180 - INFO - [1466/1962] https://www.theclinic.cl/2016/06/16/indh-emite-un-informe-acerca-de-la-violacion
2026-09-12 14:28:38,886 - INFO -    -> trafilatura (6787 chars)
2026-09-12 14:28:40,998 - INFO - [1467/1962] https://www.cnnchile.com/tag/michelle-pollmann/page/13702/
2026-09-12 14:28:43,062 - INFO -    -> beautifulsoup (2316 chars)
2026-09-12 14:28:46,046 - INFO - [1468/1962] https://www.scribd.com/document/394886186/QUERELLA-C
2026-09-12 14:28:46,775 - INFO -    -> trafilatura (209 chars)
2026-09-12 14:28:49,006 - INFO - [1469/1962] https://www.facebook.com/PoderJudicialdeChile/posts/relator-guillermo-de-la-barr
2026-09-12 14:28:49,346 - INFO -    -> http_error_400 (0 chars)
2026-09-12 14:28:51,734 - INFO - [1470/1962] https://www.monumentos.gob.cl/sites/default/files/2025-06/articles-64644_documen
2026-09-12 14:28:52,593 - ERROR - parsed tree length: 1, wrong data type or not valid HTML
2026-09-12 14:28:52,594 - ERROR - empty HTML tree: None
2026-09-12 14:28:52,594 - WARNING - discarding data: None
2026-09-12 14:28:52,664 - ERROR - parsed tree length: 1, wrong data type or not valid HTML
2026-09-12 14:28:52,683 - WARNING - Some characters could not be decoded, and were replaced with REPLACEMENT CHARACTER.
2026-09-12 14:28:52,878 - INFO -    -> insuficiente (0 chars)
2026-09-12 14:28:55,394 - INFO - [1471/1962] https://elquintopoder.cl/ciudadania/en-san-joaquin-los-vecinos-pedimos-servicios
2026-09-12 14:28:58,544 - INFO -    -> trafilatura (7005 chars)
2026-09-12 14:29:00,049 - INFO - [1472/1962] https://www.defensorianinez.cl/mapa-del-sitio/
2026-09-12 14:29:09,620 - INFO -    -> beautifulsoup (516825 chars)
2026-09-12 14:29:11,674 - INFO - [1473/1962] https://www.uc.cl/noticias/uc-interpone-recurso-de-proteccion-por-protocolo-sobr
2026-09-12 14:29:13,479 - INFO -    -> trafilatura (5188 chars)
2026-09-12 14:29:15,570 - INFO - [1474/1962] https://es.scribd.com/document/428623996/Informe-Contraloria-Recurso-Proteccion-
2026-09-12 14:29:15,628 - INFO -    -> trafilatura (209 chars)
2026-09-12 14:29:17,494 - INFO - [1475/1962] https://www.facebook.com/impudahuel/posts/buenos-d%C3%ADas-vecinoas-recuerda-seg
2026-09-12 14:29:17,818 - INFO -    -> http_error_400 (0 chars)
2026-09-12 14:29:19,541 - INFO - [1476/1962] https://www.ucchristus.cl/blog-salud-uc/articulos/2019/sobre-recurso-de-protecci
2026-09-12 14:29:21,220 - INFO -    -> trafilatura (2949 chars)
2026-09-12 14:29:23,716 - INFO - [1477/1962] https://www.facebook.com/PoderJudicialdeChile/posts/corte-de-apelaciones-de-temu
2026-09-12 14:29:23,919 - INFO -    -> http_error_400 (0 chars)
2026-09-12 14:29:26,582 - INFO - [1478/1962] https://www.instagram.com/p/B8RriIJJi_J/
2026-09-12 14:29:27,529 - WARNING - discarding data: None
2026-09-12 14:29:28,416 - INFO -    -> insuficiente (0 chars)
2026-09-12 14:29:31,062 - INFO - [1479/1962] https://www.facebook.com/MunicipalidaddeSanClemente/posts/opd-san-clemente-infor
2026-09-12 14:29:31,408 - INFO -    -> http_error_400 (0 chars)
2026-09-12 14:29:33,086 - INFO - [1480/1962] https://www.facebook.com/muni.joaquin/posts/ya-puedes-realizar-tu-pago-de-derech
2026-09-12 14:29:33,339 - INFO -    -> http_error_400 (0 chars)
2026-09-12 14:29:36,234 - INFO - [1481/1962] https://www.sea.gob.cl/sites/default/files/imce/archivos/2022/01/05/boletin_juri
2026-09-12 14:29:37,906 - WARNING - discarding data: None
2026-09-12 14:29:38,545 - WARNING - Some characters could not be decoded, and were replaced with REPLACEMENT CHARACTER.
2026-09-12 14:29:39,377 - INFO -    -> insuficiente (0 chars)
2026-09-12 14:29:40,961 - INFO - [1482/1962] https://www.instagram.com/p/CrlfaNfLfCW/
2026-09-12 14:29:41,378 - WARNING - discarding data: None
2026-09-12 14:29:42,166 - INFO -    -> insuficiente (0 chars)
2026-09-12 14:29:45,065 - INFO - [1483/1962] https://www.uc.cl/noticias/especialistas-analizan-la-crucial-importancia-del-pod
2026-09-12 14:29:45,739 - INFO -    -> trafilatura (4575 chars)
2026-09-12 14:29:48,259 - INFO - [1484/1962] https://mgm-abogados.cl/no-procede-solicitar-al-cbr-que-cancele-una-inscripcion-
2026-09-12 14:29:52,677 - INFO -    -> trafilatura (9537 chars)
2026-09-12 14:29:55,372 - INFO - [1485/1962] https://www.facebook.com/MunicipalidadCalbuco/posts/ven-a-este-primer-encuentro-
2026-09-12 14:29:55,696 - INFO -    -> http_error_400 (0 chars)
2026-09-12 14:29:57,900 - INFO - [1486/1962] https://www.facebook.com/muni.macul/posts/que-no-haya-excusas-para-llegar-a-tiem
2026-09-12 14:29:58,196 - INFO -    -> http_error_400 (0 chars)
2026-09-12 14:30:00,226 - INFO - [1487/1962] https://es.linkedin.com/posts/diarioconstitucional_la-corte-de-apelaciones-de-sa
2026-09-12 14:30:01,238 - INFO -    -> trafilatura (558 chars)
2026-09-12 14:30:03,187 - INFO - [1488/1962] https://www.facebook.com/meganoticiascl/posts/la-corte-de-apelaciones-de-santiag
2026-09-12 14:30:03,434 - INFO -    -> http_error_400 (0 chars)
2026-09-12 14:30:05,760 - INFO - [1489/1962] https://www.instagram.com/reel/DWQ-fcFDdzB/
2026-09-12 14:30:06,077 - WARNING - discarding data: None
2026-09-12 14:30:06,813 - INFO -    -> insuficiente (0 chars)
2026-09-12 14:30:09,236 - INFO - [1490/1962] https://www.instagram.com/p/DOdq-axDE6I/
2026-09-12 14:30:09,633 - WARNING - discarding data: None
2026-09-12 14:30:10,378 - INFO -    -> insuficiente (0 chars)
2026-09-12 14:30:12,750 - INFO - [1491/1962] https://www.instagram.com/reel/DHmZXRKAL_A/
2026-09-12 14:30:13,110 - WARNING - discarding data: None
2026-09-12 14:30:13,922 - INFO -    -> insuficiente (0 chars)
2026-09-12 14:30:15,614 - INFO - [1492/1962] https://www.instagram.com/reel/DU_LsrQE2n1/
2026-09-12 14:30:15,965 - WARNING - discarding data: None
2026-09-12 14:30:16,731 - INFO -    -> insuficiente (0 chars)
2026-09-12 14:30:18,497 - INFO - [1493/1962] https://www.diarioconstitucional.cl/2025/07/20/se-confirma-destitucion-por-acoso
2026-09-12 14:30:19,481 - INFO -    -> trafilatura (2419 chars)
2026-09-12 14:30:22,078 - INFO - [1494/1962] https://www.facebook.com/diarioconstitucional/posts/-corte-de-apelaciones-confir
2026-09-12 14:30:22,345 - INFO -    -> http_error_400 (0 chars)
2026-09-12 14:30:24,588 - INFO - [1495/1962] https://www.facebook.com/colectivosinfronteras.chile/videos/corte-de-apelaciones
2026-09-12 14:30:25,671 - WARNING - discarding data: None
2026-09-12 14:30:26,411 - INFO -    -> insuficiente (0 chars)
2026-09-12 14:30:29,374 - INFO - [1496/1962] https://www.elmostrador.cl/noticias/pais/2024/06/19/universidad-de-talca-interpu
2026-09-12 14:30:30,034 - INFO -    -> trafilatura (2013 chars)
2026-09-12 14:30:32,335 - INFO - [1497/1962] https://www.elmercurio.com/legal/movil/detalle.aspx?Id=904245&Path=/0D/CC/
2026-09-12 14:30:33,262 - INFO -    -> trafilatura (7101 chars)
2026-09-12 14:30:35,010 - INFO - [1498/1962] https://www.facebook.com/33segundosIIORIGINAL/posts/puertomontt-multiexport345-t
2026-09-12 14:30:35,389 - INFO -    -> http_error_400 (0 chars)
2026-09-12 14:30:37,150 - INFO - [1499/1962] https://www.facebook.com/PoderJudicialdeChile/posts/caso-soria-ministro-lamberto
2026-09-12 14:30:37,448 - INFO -    -> http_error_400 (0 chars)
2026-09-12 14:30:40,223 - INFO - [1500/1962] https://www.latercera.com/pulso/noticia/tribunal-declara-ilegal-cambio-criterio-
2026-09-12 14:30:42,120 - INFO -    -> trafilatura (5079 chars)
2026-09-12 14:30:43,653 - INFO - [1501/1962] https://www.scielo.cl/article_plus.php?pid=S0718-68512018000100221&tlng=es&lng=e
2026-09-12 14:30:44,302 - INFO -    -> http_error_403 (0 chars)
2026-09-12 14:30:47,239 - INFO - [1502/1962] https://www.latercera.com/etiqueta/municipalidad-de-valparaiso/
2026-09-12 14:30:48,814 - INFO -    -> trafilatura (2176 chars)
2026-09-12 14:30:51,621 - INFO - [1503/1962] https://www.facebook.com/COOPELESCARL/posts/celebramos-una-vez-m%C3%A1s-la-resol
2026-09-12 14:30:52,082 - INFO -    -> http_error_400 (0 chars)
2026-09-12 14:30:54,777 - INFO - [1504/1962] https://www.facebook.com/groups/838603902837674/permalink/2584534264911287/
2026-09-12 14:30:55,130 - INFO -    -> http_error_400 (0 chars)
2026-09-12 14:30:56,997 - INFO - [1505/1962] https://www.facebook.com/PoderJudicialdeChile/posts/26%C2%BA-juzgado-civil-de-sa
2026-09-12 14:30:57,327 - INFO -    -> http_error_400 (0 chars)
2026-09-12 14:30:59,719 - INFO - [1506/1962] https://www.facebook.com/PoderJudicialdeChile/posts/corte-de-apelaciones-de-sant
2026-09-12 14:31:00,136 - INFO -    -> http_error_400 (0 chars)
2026-09-12 14:31:02,801 - INFO - [1507/1962] https://www.latercera.com/politica/noticia/presidencia-presenta-reclamo-de-ilega
2026-09-12 14:31:04,242 - INFO -    -> trafilatura (2323 chars)
2026-09-12 14:31:07,211 - INFO - [1508/1962] https://www.consejotransparencia.cl/wp-content/uploads/estudios/2026/06/Boletin-
2026-09-12 14:31:08,237 - ERROR - parsed tree length: 1, wrong data type or not valid HTML
2026-09-12 14:31:08,239 - ERROR - empty HTML tree: None
2026-09-12 14:31:08,239 - WARNING - discarding data: None
2026-09-12 14:31:08,415 - ERROR - parsed tree length: 1, wrong data type or not valid HTML
2026-09-12 14:31:08,496 - WARNING - Some characters could not be decoded, and were replaced with REPLACEMENT CHARACTER.
2026-09-12 14:31:08,739 - INFO -    -> insuficiente (0 chars)
2026-09-12 14:31:10,696 - INFO - [1509/1962] https://www.carabineros.cl/transparencia/Resoluciones_Denegatorias/2024/RESOLEX_
2026-09-12 14:31:11,936 - ERROR - parsed tree length: 1, wrong data type or not valid HTML
2026-09-12 14:31:11,936 - ERROR - empty HTML tree: None
2026-09-12 14:31:11,937 - WARNING - discarding data: None
2026-09-12 14:31:12,137 - ERROR - parsed tree length: 1, wrong data type or not valid HTML
2026-09-12 14:31:12,212 - WARNING - Some characters could not be decoded, and were replaced with REPLACEMENT CHARACTER.
2026-09-12 14:31:12,605 - INFO -    -> insuficiente (0 chars)
2026-09-12 14:31:14,755 - INFO - [1510/1962] https://www.doe.cl/alerta/21012025/202501213001
2026-09-12 14:31:16,497 - ERROR - parsed tree length: 1, wrong data type or not valid HTML
2026-09-12 14:31:16,497 - ERROR - empty HTML tree: None
2026-09-12 14:31:16,497 - WARNING - discarding data: None
2026-09-12 14:31:16,522 - ERROR - parsed tree length: 1, wrong data type or not valid HTML
2026-09-12 14:31:16,532 - WARNING - Some characters could not be decoded, and were replaced with REPLACEMENT CHARACTER.
2026-09-12 14:31:16,552 - INFO -    -> insuficiente (0 chars)
2026-09-12 14:31:19,548 - INFO - [1511/1962] https://www.instagram.com/p/DcMtUrnOJdw/
2026-09-12 14:31:19,863 - WARNING - discarding data: None
2026-09-12 14:31:20,777 - INFO -    -> insuficiente (0 chars)
2026-09-12 14:31:23,302 - INFO - [1512/1962] https://www.facebook.com/diarioconstitucional/posts/-corte-de-santiago-anul%C3%B
2026-09-12 14:31:23,571 - INFO -    -> http_error_400 (0 chars)
2026-09-12 14:31:25,229 - INFO - [1513/1962] https://revistaderechopublico.uchile.cl/index.php/RDPU/article/download/75669/78
2026-09-12 14:31:26,082 - ERROR - parsed tree length: 1, wrong data type or not valid HTML
2026-09-12 14:31:26,083 - ERROR - empty HTML tree: None
2026-09-12 14:31:26,083 - WARNING - discarding data: None
2026-09-12 14:31:26,120 - ERROR - parsed tree length: 1, wrong data type or not valid HTML
2026-09-12 14:31:26,131 - WARNING - Some characters could not be decoded, and were replaced with REPLACEMENT CHARACTER.
2026-09-12 14:31:26,213 - INFO -    -> insuficiente (0 chars)
2026-09-12 14:31:28,466 - INFO - [1514/1962] https://www.facebook.com/impudahuel/videos/en-terreno-andamos-hoy-realizamos-una
2026-09-12 14:31:28,890 - WARNING - discarding data: None
2026-09-12 14:31:29,655 - INFO -    -> insuficiente (0 chars)
2026-09-12 14:31:31,621 - INFO - [1515/1962] https://www.facebook.com/PoderJudicialdeChile/posts/corte-de-apelaciones-de-chil
2026-09-12 14:31:31,887 - INFO -    -> http_error_400 (0 chars)
2026-09-12 14:31:33,446 - INFO - [1516/1962] https://www.bcn.cl/leychile/navegar?idNorma=1031594
2026-09-12 14:31:34,121 - WARNING - discarding data: None
2026-09-12 14:31:34,176 - INFO -    -> insuficiente (189 chars)
2026-09-12 14:31:36,481 - INFO - [1517/1962] https://www.facebook.com/groups/OGUCChile/posts/1554055247946295/
2026-09-12 14:31:36,685 - INFO -    -> http_error_400 (0 chars)
2026-09-12 14:31:39,456 - INFO - [1518/1962] https://www.infolobby.cl/Ficha/Representado/76042014kr
2026-09-12 14:31:40,256 - INFO -    -> trafilatura (565 chars)
2026-09-12 14:31:42,281 - INFO - [1519/1962] https://www.montesdeoca.go.cr/la_municipalidad/gobierno_local/consejo_municipal/
2026-09-12 14:31:43,119 - INFO -    -> http_error_403 (0 chars)
2026-09-12 14:31:45,195 - INFO - [1520/1962] https://www.minjusticia.gob.cl/media/2016/06/BGI-2016-MINJU.pdf
2026-09-12 14:31:46,261 - ERROR - parsed tree length: 1, wrong data type or not valid HTML
2026-09-12 14:31:46,261 - ERROR - empty HTML tree: None
2026-09-12 14:31:46,261 - WARNING - discarding data: None
2026-09-12 14:31:46,397 - ERROR - parsed tree length: 1, wrong data type or not valid HTML
2026-09-12 14:31:46,447 - WARNING - Some characters could not be decoded, and were replaced with REPLACEMENT CHARACTER.
2026-09-12 14:31:46,701 - INFO -    -> insuficiente (0 chars)
2026-09-12 14:31:48,963 - INFO - [1521/1962] https://www.facebook.com/groups/1576407082668366/posts/2122401354735600/
2026-09-12 14:31:49,228 - INFO -    -> http_error_400 (0 chars)
2026-09-12 14:31:51,514 - INFO - [1522/1962] https://www.facebook.com/alcaldiascrd/posts/el-alcalde-jos%C3%A9-mont%C3%A1s-rei
2026-09-12 14:31:51,915 - INFO -    -> http_error_400 (0 chars)
2026-09-12 14:31:53,985 - INFO - [1523/1962] https://www.facebook.com/meganoticiascl/posts/-edificios-fantasmas-cerca-de-15-c
2026-09-12 14:31:54,286 - INFO -    -> http_error_400 (0 chars)
2026-09-12 14:31:56,610 - INFO - [1524/1962] https://www.latercera.com/etiqueta/guetos-verticales/
2026-09-12 14:31:57,586 - INFO -    -> trafilatura (2979 chars)
2026-09-12 14:32:00,092 - INFO - [1525/1962] https://www.facebook.com/nanduti/posts/edificio-en-construcci%C3%B3n-derrumbado-
2026-09-12 14:32:00,400 - INFO -    -> http_error_400 (0 chars)
2026-09-12 14:32:02,011 - INFO - [1526/1962] https://www.facebook.com/ElCorreoGallego/posts/m%C3%A1s-vivienda-p%C3%BAblica-en
2026-09-12 14:32:02,423 - INFO -    -> http_error_400 (0 chars)
2026-09-12 14:32:04,116 - INFO - [1527/1962] https://www.facebook.com/AM1080/posts/-concejal-de-encarnaci%C3%B3n-lamenta-fata
2026-09-12 14:32:04,548 - INFO -    -> http_error_400 (0 chars)
2026-09-12 14:32:07,093 - INFO - [1528/1962] https://www.facebook.com/muniecentral/posts/nunca-m%C3%A1s-desarrollo-inmobiliar
2026-09-12 14:32:07,542 - INFO -    -> http_error_400 (0 chars)
2026-09-12 14:32:10,276 - INFO - [1529/1962] https://www.facebook.com/diarioenlineapy/posts/el-departamento-de-obras-de-la-mu
2026-09-12 14:32:10,560 - INFO -    -> http_error_400 (0 chars)
2026-09-12 14:32:12,287 - INFO - [1530/1962] https://www.facebook.com/TribunaValladolid/posts/valladolid-tambi%C3%A9n-ha-dado
2026-09-12 14:32:12,611 - INFO -    -> http_error_400 (0 chars)
2026-09-12 14:32:15,243 - INFO - [1531/1962] https://www.facebook.com/tiempodesanjuanweb/posts/edificios-de-20-pisos-en-san-j
2026-09-12 14:32:15,746 - INFO -    -> http_error_400 (0 chars)
2026-09-12 14:32:17,741 - INFO - [1532/1962] https://www.facebook.com/elpuertodesantamaria/posts/-licencia-concedida-para-la-
2026-09-12 14:32:18,010 - INFO -    -> http_error_400 (0 chars)
2026-09-12 14:32:19,886 - INFO - [1533/1962] https://www.facebook.com/MundoFAU/posts/la-deuda-de-chile-con-el-derecho-a-la-vi
2026-09-12 14:32:20,269 - INFO -    -> http_error_400 (0 chars)
2026-09-12 14:32:22,891 - INFO - [1534/1962] https://www.facebook.com/p/Junta-de-Vecinos-Poblaci%C3%B3n-San-Joaqu%C3%ADn-N%C2
2026-09-12 14:32:23,130 - INFO -    -> http_error_400 (0 chars)
2026-09-12 14:32:25,086 - INFO - [1535/1962] https://cl.techo.org/viviendaypatrimonio-la-villa-san-luis-no-fue-una-utopia-fue
2026-09-12 14:32:27,413 - INFO -    -> trafilatura (3986 chars)
2026-09-12 14:32:29,348 - INFO - [1536/1962] https://www.facebook.com/100083290097470/posts/344287966244838/
2026-09-12 14:32:29,855 - INFO -    -> http_error_400 (0 chars)
2026-09-12 14:32:32,436 - INFO - [1537/1962] https://www.instagram.com/p/BuU4gH9nDuR/
2026-09-12 14:32:33,374 - WARNING - discarding data: None
2026-09-12 14:32:34,333 - INFO -    -> insuficiente (0 chars)
2026-09-12 14:32:36,125 - INFO - [1538/1962] https://www.latercera.com/negocios/noticia/inmobiliaria-la-familia-chicharro-inv
2026-09-12 14:32:37,551 - INFO -    -> trafilatura (2227 chars)
2026-09-12 14:32:40,259 - INFO - [1539/1962] https://www.bcn.cl/laborparlamentaria/documento?id=685945
2026-09-12 14:32:53,080 - INFO -    -> trafilatura (297271 chars)
2026-09-12 14:32:55,402 - INFO - [1540/1962] https://static.cepchile.cl/uploads/plataforma/2022/11/ciir__2020__wallmapu__ensa
2026-09-12 14:32:58,218 - ERROR - parsed tree length: 1, wrong data type or not valid HTML
2026-09-12 14:32:58,224 - ERROR - empty HTML tree: None
2026-09-12 14:32:58,225 - WARNING - discarding data: None
2026-09-12 14:32:59,566 - ERROR - parsed tree length: 1, wrong data type or not valid HTML
2026-09-12 14:33:00,136 - WARNING - Some characters could not be decoded, and were replaced with REPLACEMENT CHARACTER.
2026-09-12 14:33:02,616 - INFO -    -> insuficiente (0 chars)
2026-09-12 14:33:04,743 - INFO - [1541/1962] https://microservicio-documentos.senado.cl/v1/archivos/076e8437-c68c-4322-bc61-f
2026-09-12 14:33:06,019 - ERROR - parsed tree length: 1, wrong data type or not valid HTML
2026-09-12 14:33:06,020 - ERROR - empty HTML tree: None
2026-09-12 14:33:06,020 - WARNING - discarding data: None
2026-09-12 14:33:06,160 - ERROR - parsed tree length: 1, wrong data type or not valid HTML
2026-09-12 14:33:06,221 - WARNING - Some characters could not be decoded, and were replaced with REPLACEMENT CHARACTER.
2026-09-12 14:33:06,473 - INFO -    -> insuficiente (0 chars)
2026-09-12 14:33:08,660 - INFO - [1542/1962] https://www.facebook.com/ukamauchile/photos/encuentro-por-la-vivienda-con-gabrie
2026-09-12 14:33:09,307 - INFO -    -> http_error_400 (0 chars)
2026-09-12 14:33:12,145 - INFO - [1543/1962] https://arquitectura.usm.cl/aporofobia-y-la-ciudad-segregada-columna-pedro-serra
2026-09-12 14:33:14,946 - INFO -    -> trafilatura (10417 chars)
2026-09-12 14:33:16,874 - INFO - [1544/1962] https://www.instagram.com/p/CeTS_8zOOWw/
2026-09-12 14:33:17,426 - WARNING - discarding data: None
2026-09-12 14:33:18,375 - INFO -    -> insuficiente (0 chars)
2026-09-12 14:33:20,100 - INFO - [1545/1962] https://www.facebook.com/groups/boricpresidentedetodos/posts/597074245333149/
2026-09-12 14:33:20,417 - INFO -    -> http_error_400 (0 chars)
2026-09-12 14:33:22,043 - INFO - [1546/1962] https://desenfoque.cl/2023/05/10/opinion-como-las-farmacias-del-dr-simi-lo-mismo
2026-09-12 14:33:29,392 - INFO -    -> trafilatura (5455 chars)
2026-09-12 14:33:31,643 - INFO - [1547/1962] https://www.facebook.com/claudiorrego/?locale=br_FR
2026-09-12 14:33:31,851 - INFO -    -> http_error_400 (0 chars)
2026-09-12 14:33:34,096 - INFO - [1548/1962] https://www.reddit.com/r/Santiago/comments/17fl9yx/barrios_para_arrendar_en_stgo
2026-09-12 14:33:35,394 - WARNING - discarding data: None
2026-09-12 14:33:35,433 - INFO -    -> insuficiente (0 chars)
2026-09-12 14:33:38,031 - INFO - [1549/1962] https://www.enel.cl/content/dam/enel-cl/conoce-enel/historia-electricidad/Libro-
2026-09-12 14:33:39,795 - INFO -    -> trafilatura (627 chars)
2026-09-12 14:33:42,290 - INFO - [1550/1962] https://www.instagram.com/p/CN5QeAtJ_NX/
2026-09-12 14:33:43,088 - WARNING - discarding data: None
2026-09-12 14:33:44,877 - INFO -    -> insuficiente (0 chars)
2026-09-12 14:33:47,414 - INFO - [1551/1962] https://www.facebook.com/prensalibregt/posts/proyecto-inusual-de-la-muni-junto-a
2026-09-12 14:33:47,815 - INFO -    -> http_error_400 (0 chars)
2026-09-12 14:33:50,390 - INFO - [1552/1962] https://es.andersen.com/blog/2017/04/10/novedades-fiscales-en-la-vivienda-2017/
2026-09-12 14:33:56,667 - INFO -    -> trafilatura (11920 chars)
2026-09-12 14:33:58,893 - INFO - [1553/1962] https://www.facebook.com/groups/907426435994783/posts/1706836689387083/
2026-09-12 14:33:59,210 - INFO -    -> http_error_400 (0 chars)
2026-09-12 14:34:01,722 - INFO - [1554/1962] https://www.puec.unam.mx/pdf/libros_digitales/el_derecho_a_la_ciudad_digital.pdf
2026-09-12 14:34:06,809 - ERROR - parsed tree length: 1, wrong data type or not valid HTML
2026-09-12 14:34:06,814 - ERROR - empty HTML tree: None
2026-09-12 14:34:06,815 - WARNING - discarding data: None
2026-09-12 14:34:07,605 - ERROR - parsed tree length: 1, wrong data type or not valid HTML
2026-09-12 14:34:07,926 - WARNING - Some characters could not be decoded, and were replaced with REPLACEMENT CHARACTER.
2026-09-12 14:34:10,872 - INFO -    -> insuficiente (0 chars)
2026-09-12 14:34:13,684 - INFO - [1555/1962] https://www.skyscrapercity.com/threads/proyecto-regeneraci%C3%B3n-urbana-huentit
2026-09-12 14:34:14,817 - INFO -    -> http_error_202 (0 chars)
2026-09-12 14:34:17,296 - INFO - [1556/1962] https://maestriaderechoambientalucr.wordpress.com/wp-content/uploads/2015/03/tes
2026-09-12 14:34:18,988 - ERROR - parsed tree length: 1, wrong data type or not valid HTML
2026-09-12 14:34:18,989 - ERROR - empty HTML tree: None
2026-09-12 14:34:18,990 - WARNING - discarding data: None
2026-09-12 14:34:19,300 - ERROR - parsed tree length: 1, wrong data type or not valid HTML
2026-09-12 14:34:19,434 - WARNING - Some characters could not be decoded, and were replaced with REPLACEMENT CHARACTER.
2026-09-12 14:34:20,043 - INFO -    -> insuficiente (0 chars)
2026-09-12 14:34:21,591 - INFO - [1557/1962] https://www.facebook.com/villarricaldia/posts/13-edificios-y-mas-de-50-viviendas
2026-09-12 14:34:21,916 - INFO -    -> http_error_400 (0 chars)
2026-09-12 14:34:23,447 - INFO - [1558/1962] https://www.facebook.com/quillayino.cl/posts/la-comuna-del-cemento-inmobiliaria-
2026-09-12 14:34:23,679 - INFO -    -> http_error_400 (0 chars)
2026-09-12 14:34:25,594 - INFO - [1559/1962] https://www.facebook.com/municipalidad.deillapel/posts/m%C3%A1s-de-un-80-de-avan
2026-09-12 14:34:26,012 - INFO -    -> http_error_400 (0 chars)
2026-09-12 14:34:28,621 - INFO - [1560/1962] https://www.facebook.com/groups/1034770783571806/posts/1094786727570211/
2026-09-12 14:34:28,960 - INFO -    -> http_error_400 (0 chars)
2026-09-12 14:34:31,086 - INFO - [1561/1962] https://unesdoc.unesco.org/ark:/48223/pf0000227617
2026-09-12 14:34:33,343 - WARNING - discarding data: None
2026-09-12 14:34:33,376 - INFO -    -> insuficiente (0 chars)
2026-09-12 14:34:36,046 - INFO - [1562/1962] https://www.facebook.com/groups/algarroboaldia/posts/2046787002148675/
2026-09-12 14:34:36,765 - INFO -    -> http_error_400 (0 chars)
2026-09-12 14:34:38,661 - INFO - [1563/1962] https://www.facebook.com/elpuertodechile/posts/as%C3%AD-ser%C3%A1-el-nuevo-paseo
2026-09-12 14:34:39,416 - INFO -    -> http_error_400 (0 chars)
2026-09-12 14:34:42,395 - INFO - [1564/1962] https://www.df.cl/mercados/pensiones/francisca-junemann-presidenta-ejecutiva-chi
2026-09-12 14:34:44,887 - INFO -    -> trafilatura (4919 chars)
2026-09-12 14:34:47,158 - INFO - [1565/1962] https://www.latercera.com/el-deportivo/noticia/buscando-las-llaves-de-los-depart
2026-09-12 14:34:50,415 - INFO -    -> trafilatura (6968 chars)
2026-09-12 14:34:53,336 - INFO - [1566/1962] https://www.instagram.com/p/DXMssGVFiJS/
2026-09-12 14:34:56,353 - WARNING - discarding data: None
2026-09-12 14:34:58,778 - INFO -    -> insuficiente (0 chars)
2026-09-12 14:35:00,462 - INFO - [1567/1962] https://www.facebook.com/pajaropolitico/videos/%EF%B8%8Fla-fase-3-de-begrand-alt
2026-09-12 14:35:01,077 - WARNING - discarding data: None
2026-09-12 14:35:03,206 - INFO -    -> insuficiente (0 chars)
2026-09-12 14:35:06,174 - INFO - [1568/1962] https://www.soychile.cl/Valparaiso/Sociedad/2026/04/08/946321/paralizan-obras-me
2026-09-12 14:35:08,837 - INFO -    -> trafilatura (740 chars)
2026-09-12 14:35:11,268 - INFO - [1569/1962] https://www.facebook.com/canalviax/posts/lily-z%C3%BA%C3%B1iga-negrita_lilyzunig
2026-09-12 14:35:12,480 - INFO -    -> http_error_400 (0 chars)
2026-09-12 14:35:15,164 - INFO - [1570/1962] https://www.tiktok.com/@animalpoliticomx/video/7641375498299395345
2026-09-12 14:35:18,538 - WARNING - discarding data: None
2026-09-12 14:35:20,641 - INFO -    -> insuficiente (0 chars)
2026-09-12 14:35:22,309 - INFO - [1571/1962] https://www.facebook.com/meganoticiascl/posts/conoce-c%C3%B3mo-ser%C3%A1-el-mega
2026-09-12 14:35:22,568 - INFO -    -> http_error_400 (0 chars)
2026-09-12 14:35:25,387 - INFO - [1572/1962] https://revistanortegrande.uc.cl/index.php/RGNG/article/view/42125
2026-09-12 14:35:27,327 - INFO -    -> http_error_403 (0 chars)
2026-09-12 14:35:30,200 - INFO - [1573/1962] https://lacoperacha.org.mx/vivienda-colectiva-contra-gentrificacion/
2026-09-12 14:35:35,038 - INFO -    -> trafilatura (6671 chars)
2026-09-12 14:35:36,890 - INFO - [1574/1962] https://www.instagram.com/p/BdJWpRpF_6P/
2026-09-12 14:35:37,289 - WARNING - discarding data: None
2026-09-12 14:35:39,334 - INFO -    -> insuficiente (0 chars)
2026-09-12 14:35:41,898 - INFO - [1575/1962] https://www.alcaldesdemexico.com/notas-principales/gentrificacion-en-mexico-un-f
2026-09-12 14:35:45,547 - INFO -    -> trafilatura (3032 chars)
2026-09-12 14:35:47,857 - INFO - [1576/1962] https://www.elfaradio.com/2016/11/18/el-santander-transformado-tras-el-incendio-
2026-09-12 14:35:51,549 - INFO -    -> trafilatura (6864 chars)
2026-09-12 14:35:53,942 - INFO - [1577/1962] https://revistas.inah.gob.mx/index.php/contemporanea/es/article/download/10920/1
2026-09-12 14:36:00,494 - ERROR - parsed tree length: 1, wrong data type or not valid HTML
2026-09-12 14:36:00,495 - ERROR - empty HTML tree: None
2026-09-12 14:36:00,495 - WARNING - discarding data: None
2026-09-12 14:36:00,662 - ERROR - parsed tree length: 1, wrong data type or not valid HTML
2026-09-12 14:36:00,710 - WARNING - Some characters could not be decoded, and were replaced with REPLACEMENT CHARACTER.
2026-09-12 14:36:01,013 - INFO -    -> insuficiente (0 chars)
2026-09-12 14:36:02,818 - INFO - [1578/1962] http://contested-cities.net/queescontestedcities/cc-creditos/
2026-09-12 14:36:05,435 - INFO -    -> trafilatura (1675 chars)
2026-09-12 14:36:07,323 - INFO - [1579/1962] https://revistanortegrande.uc.cl/index.php/RGNG/issue/view/2259
2026-09-12 14:36:08,499 - INFO -    -> http_error_403 (0 chars)
2026-09-12 14:36:11,055 - INFO - [1580/1962] https://www.alcaldesdemexico.com/ciudadania/gentrificacion-ventajas-y-desventaja
2026-09-12 14:36:12,365 - INFO -    -> trafilatura (3379 chars)
2026-09-12 14:36:14,043 - INFO - [1581/1962] https://www.facebook.com/CCSanPablo/posts/le-gustar%C3%ADa-participar-de-un-tour
2026-09-12 14:36:14,310 - INFO -    -> http_error_400 (0 chars)
2026-09-12 14:36:17,295 - INFO - [1582/1962] https://presenciauniversitariauaq.com/gentrificacion-desplaza-habitantes-de-quer
2026-09-12 14:36:18,754 - INFO -    -> trafilatura (5899 chars)
2026-09-12 14:36:20,666 - INFO - [1583/1962] https://www.instagram.com/reel/Chh9Pg_lmyI/
2026-09-12 14:36:21,052 - WARNING - discarding data: None
2026-09-12 14:36:22,130 - INFO -    -> insuficiente (0 chars)
2026-09-12 14:36:24,796 - INFO - [1584/1962] https://www.scielo.cl/pdf/ru/n46/0717-5051-ru-46-00112.pdf
2026-09-12 14:36:26,920 - ERROR - parsed tree length: 1, wrong data type or not valid HTML
2026-09-12 14:36:26,921 - ERROR - empty HTML tree: None
2026-09-12 14:36:26,921 - WARNING - discarding data: None
2026-09-12 14:36:27,306 - ERROR - parsed tree length: 1, wrong data type or not valid HTML
2026-09-12 14:36:27,442 - WARNING - Some characters could not be decoded, and were replaced with REPLACEMENT CHARACTER.
2026-09-12 14:36:27,968 - INFO -    -> insuficiente (0 chars)
2026-09-12 14:36:30,190 - INFO - [1585/1962] https://es.wikipedia.org/wiki/Nuevo_Polanco
2026-09-12 14:36:31,908 - INFO -    -> trafilatura (6559 chars)
2026-09-12 14:36:34,695 - INFO - [1586/1962] https://scholar.google.com/citations?user=cAjjp0wAAAAJ&hl=es
2026-09-12 14:36:36,765 - INFO -    -> trafilatura (4346 chars)
2026-09-12 14:36:39,573 - INFO - [1587/1962] https://fau.uchile.cl/postgrado/magisteres/urbanismo/tesis-defendidas
2026-09-12 14:36:40,880 - INFO -    -> trafilatura (39413 chars)
2026-09-12 14:36:42,626 - INFO - [1588/1962] https://www.redalyc.org/journal/312/31276072005/31276072005.pdf
2026-09-12 14:36:47,202 - ERROR - parsed tree length: 1, wrong data type or not valid HTML
2026-09-12 14:36:47,203 - ERROR - empty HTML tree: None
2026-09-12 14:36:47,203 - WARNING - discarding data: None
2026-09-12 14:36:47,370 - ERROR - parsed tree length: 1, wrong data type or not valid HTML
2026-09-12 14:36:47,445 - WARNING - Some characters could not be decoded, and were replaced with REPLACEMENT CHARACTER.
2026-09-12 14:36:47,905 - INFO -    -> insuficiente (0 chars)
2026-09-12 14:36:50,195 - INFO - [1589/1962] https://dialnet.unirioja.es/descarga/articulo/9626628.pdf
2026-09-12 14:37:10,221 - WARNING - Error extrayendo https://dialnet.unirioja.es/descarga/articulo/9626628.pdf: HTTPSConnectionPool(host='dialnet.unirioja.es', port=443): Max retries exceeded with url: /descarga/articulo/9626628.pdf (Caused by ConnectTimeoutError(<HTTPSConnection(host='dialnet.unirioja.es', port=443) at 0x2cc0847bb10>, 'Connection to dialnet.unirioja.es timed out. (connect timeout=20)'))
2026-09-12 14:37:10,240 - INFO -    -> error (0 chars)
2026-09-12 14:37:12,896 - INFO - [1590/1962] https://www.facebook.com/ElColombiano/posts/la-gentrificaci%C3%B3n-y-turistifica
2026-09-12 14:37:13,311 - INFO -    -> http_error_400 (0 chars)
2026-09-12 14:37:15,941 - INFO - [1591/1962] https://doi.org/10.15446/rcdg.v33n1.105576. Artículos. ¿Gentrificación rural "ve
2026-09-12 14:37:16,964 - INFO -    -> http_error_404 (0 chars)
2026-09-12 14:37:18,907 - INFO - [1592/1962] https://www.instagram.com/p/DMjMXFgU5EX/
2026-09-12 14:37:19,381 - WARNING - discarding data: None
2026-09-12 14:37:20,076 - INFO -    -> insuficiente (0 chars)
2026-09-12 14:37:22,991 - INFO - [1593/1962] https://revistanortegrande.uc.cl/index.php/RGNG/article/view/89240
2026-09-12 14:37:23,980 - INFO -    -> http_error_403 (0 chars)
2026-09-12 14:37:26,700 - INFO - [1594/1962] https://www.facebook.com/kevinbolanosvlogs/posts/la-gentrificaci%C3%B3n-en-medel
2026-09-12 14:37:26,979 - INFO -    -> http_error_400 (0 chars)
2026-09-12 14:37:29,683 - INFO - [1595/1962] https://cadenaser.com/cmadrid/2026/01/22/cierra-tipos-infames-una-de-las-libreri
2026-09-12 14:37:31,488 - INFO -    -> trafilatura (1098 chars)
2026-09-12 14:37:34,209 - INFO - [1596/1962] https://www.instagram.com/reel/DVq3yxWim1X/
2026-09-12 14:37:34,505 - WARNING - discarding data: None
2026-09-12 14:37:35,488 - INFO -    -> insuficiente (0 chars)
2026-09-12 14:37:37,026 - INFO - [1597/1962] https://www.prt.tuv.com/prt-san-joaquin
2026-09-12 14:37:39,577 - INFO -    -> trafilatura (877 chars)
2026-09-12 14:37:42,120 - INFO - [1598/1962] https://rree.usm.cl/
2026-09-12 14:37:47,048 - INFO -    -> insuficiente (116 chars)
2026-09-12 14:37:49,473 - INFO - [1599/1962] https://colegiosanjoaquinlaserena.cl/infraestructura/
2026-09-12 14:37:51,990 - INFO -    -> trafilatura (274 chars)
2026-09-12 14:37:53,716 - INFO - [1600/1962] https://www.youtube.com/watch?v=O34AsqU3bZ8
2026-09-12 14:37:55,245 - WARNING - discarding data: None
2026-09-12 14:37:55,357 - INFO -    -> beautifulsoup (203 chars)
2026-09-12 14:37:57,327 - INFO - [1601/1962] https://www.chileestuyo.cl/wp-content/uploads/2017/11/sucursales_banco_estado_se
2026-09-12 14:37:58,217 - ERROR - parsed tree length: 1, wrong data type or not valid HTML
2026-09-12 14:37:58,222 - ERROR - empty HTML tree: None
2026-09-12 14:37:58,222 - WARNING - discarding data: None
2026-09-12 14:37:58,245 - ERROR - parsed tree length: 1, wrong data type or not valid HTML
2026-09-12 14:37:58,253 - WARNING - Some characters could not be decoded, and were replaced with REPLACEMENT CHARACTER.
2026-09-12 14:37:58,275 - INFO -    -> insuficiente (0 chars)
2026-09-12 14:38:00,061 - INFO - [1602/1962] https://www.iaconcagua.com/proyectos?lugar=santiago
2026-09-12 14:38:00,920 - INFO -    -> http_error_403 (0 chars)
2026-09-12 14:38:03,714 - INFO - [1603/1962] https://es.wikipedia.org/wiki/Distrito_de_San_Joaqu%C3%ADn
2026-09-12 14:38:04,857 - INFO -    -> trafilatura (3531 chars)
2026-09-12 14:38:07,544 - INFO - [1604/1962] https://www.toctoc.com/arriendo/departamento/metropolitana/san-joaquin
2026-09-12 14:38:09,676 - INFO -    -> trafilatura (2879 chars)
2026-09-12 14:38:11,326 - INFO - [1605/1962] https://www.uc.cl/universidad/nuestros-campus/san-joaquin/
2026-09-12 14:38:12,910 - INFO -    -> trafilatura (6581 chars)
2026-09-12 14:38:14,496 - INFO - [1606/1962] https://www.facebook.com/TalaganteMuni/posts/ya-llegan-nuestros-vecinos-a-emitir
2026-09-12 14:38:15,528 - INFO -    -> http_error_400 (0 chars)
2026-09-12 14:38:17,264 - INFO - [1607/1962] https://www.facebook.com/ucatolica/posts/-nuestro-gran-campus-san-joaqu%C3%ADn-e
2026-09-12 14:38:17,573 - INFO -    -> http_error_400 (0 chars)
2026-09-12 14:38:20,025 - INFO - [1608/1962] https://www.obrasciviles.usm.cl/
2026-09-12 14:38:21,736 - INFO -    -> trafilatura (418 chars)
2026-09-12 14:38:23,291 - INFO - [1609/1962] https://www.ucchristus.cl/red-de-atencion/centro-medico-san-joaquin
2026-09-12 14:38:24,953 - INFO -    -> trafilatura (2039 chars)
2026-09-12 14:38:27,533 - INFO - [1610/1962] https://www.cftsantotomas.cl/sedes/san-joaquin/
2026-09-12 14:38:28,522 - INFO -    -> trafilatura (1015 chars)
2026-09-12 14:38:30,622 - INFO - [1611/1962] https://www.facebook.com/muni.joaquin/posts/atenci%C3%B3n-vecinas-y-vecinos-como
2026-09-12 14:38:30,946 - INFO -    -> http_error_400 (0 chars)
2026-09-12 14:38:32,887 - INFO - [1612/1962] https://sanjoaquin.cl/aviso-permisos-de-circulacion/
2026-09-12 14:38:36,021 - WARNING - discarding data: None
2026-09-12 14:38:36,180 - INFO -    -> insuficiente (0 chars)
2026-09-12 14:38:38,104 - INFO - [1613/1962] https://es.wikipedia.org/wiki/San_Joaqu%C3%ADn_(Chile)
2026-09-12 14:38:38,484 - INFO -    -> trafilatura (11001 chars)
2026-09-12 14:38:41,313 - INFO - [1614/1962] https://www.facebook.com/radiosanjoaquin/videos/-entrevista-en-radio-san-joaqu%C
2026-09-12 14:38:41,810 - WARNING - discarding data: None
2026-09-12 14:38:42,424 - INFO -    -> insuficiente (0 chars)
2026-09-12 14:38:45,393 - INFO - [1615/1962] https://construccioncivil.uc.cl/nuestra-escuela/espacios/
2026-09-12 14:38:46,581 - INFO -    -> trafilatura (9282 chars)
2026-09-12 14:38:48,442 - INFO - [1616/1962] https://www.instagram.com/p/DPrKqR4Dp_d/
2026-09-12 14:38:49,702 - WARNING - discarding data: None
2026-09-12 14:38:50,470 - INFO -    -> insuficiente (0 chars)
2026-09-12 14:38:53,275 - INFO - [1617/1962] https://www.facebook.com/CiudadanoVidelaDiputado/posts/triunfo-ciudadano-desde-l
2026-09-12 14:38:53,571 - INFO -    -> http_error_400 (0 chars)
2026-09-12 14:38:56,139 - INFO - [1618/1962] https://www.instagram.com/reel/DbrndJFRiuL/
2026-09-12 14:38:56,556 - WARNING - discarding data: None
2026-09-12 14:38:57,265 - INFO -    -> insuficiente (0 chars)
2026-09-12 14:38:59,363 - INFO - [1619/1962] https://www.ex-ante.cl/politica/la-tematica-urbana-en-las-elecciones-municipales
2026-09-12 14:39:01,287 - INFO -    -> trafilatura (7659 chars)
2026-09-12 14:39:04,256 - INFO - [1620/1962] https://www.archdaily.com/es/880842/conoce-las-mejores-propuestas-universitarias
2026-09-12 14:39:06,403 - INFO -    -> trafilatura (1551 chars)
2026-09-12 14:39:08,665 - INFO - [1621/1962] https://www.facebook.com/muni.joaquin/posts/esta-ma%C3%B1ana-nos-reunimos-con-el
2026-09-12 14:39:08,945 - INFO -    -> http_error_400 (0 chars)
2026-09-12 14:39:10,547 - INFO - [1622/1962] https://www.camara.cl/verDoc.aspx?prmID=97074&prmTipo=DOCUMENTO_COMISION
2026-09-12 14:39:14,390 - ERROR - parsed tree length: 1, wrong data type or not valid HTML
2026-09-12 14:39:14,391 - ERROR - empty HTML tree: None
2026-09-12 14:39:14,391 - WARNING - discarding data: None
2026-09-12 14:39:14,603 - ERROR - parsed tree length: 1, wrong data type or not valid HTML
2026-09-12 14:39:14,685 - WARNING - Some characters could not be decoded, and were replaced with REPLACEMENT CHARACTER.
2026-09-12 14:39:15,066 - INFO -    -> insuficiente (0 chars)
2026-09-12 14:39:17,223 - INFO - [1623/1962] https://www.chileseguridadesyoportunidades.gob.cl/programa-vinculos
2026-09-12 14:39:18,530 - INFO -    -> trafilatura (2943 chars)
2026-09-12 14:39:20,248 - INFO - [1624/1962] https://www.cambridge.org/core/journals/latin-american-research-review/article/d
2026-09-12 14:39:22,717 - INFO -    -> trafilatura (61441 chars)
2026-09-12 14:39:24,294 - INFO - [1625/1962] https://www.facebook.com/muni.joaquin/posts/felices-esta-noche-informamos-a-los-
2026-09-12 14:39:24,533 - INFO -    -> http_error_400 (0 chars)
2026-09-12 14:39:26,139 - INFO - [1626/1962] https://redsanjoaquin.cl/nuevositio2018/wp-content/uploads/2019/11/Resumen%20Eje
2026-09-12 14:39:28,580 - INFO -    -> trafilatura (38283 chars)
2026-09-12 14:39:30,578 - INFO - [1627/1962] https://fcei.uchile.cl/noticias/145678/periodistas-icei-lanzan-libro-sobre-confl
2026-09-12 14:39:31,790 - INFO -    -> trafilatura (6942 chars)
2026-09-12 14:39:34,229 - INFO - [1628/1962] https://www.facebook.com/MinvuChile/posts/inauguramos-el-conjunto-brisas-de-los-
2026-09-12 14:39:34,520 - INFO -    -> http_error_400 (0 chars)
2026-09-12 14:39:36,472 - INFO - [1629/1962] https://www.facebook.com/serviumaule/posts/cerramos-el-ciclo-en-megaproyecto-roc
2026-09-12 14:39:36,886 - INFO -    -> http_error_400 (0 chars)
2026-09-12 14:39:38,602 - INFO - [1630/1962] https://x.com/TECHOChile/status/1014892541697822720
2026-09-12 14:39:40,194 - INFO -    -> beautifulsoup (453 chars)
2026-09-12 14:39:43,119 - INFO - [1631/1962] https://www.facebook.com/MinvuChile/posts/tecach%C3%A9-como-parte-del-plan-nacio
2026-09-12 14:39:43,430 - INFO -    -> http_error_400 (0 chars)
2026-09-12 14:39:45,396 - INFO - [1632/1962] https://www.monumentos.gob.cl/sites/default/files/articles-54408_documento_01.pd
2026-09-12 14:39:46,416 - ERROR - parsed tree length: 1, wrong data type or not valid HTML
2026-09-12 14:39:46,417 - ERROR - empty HTML tree: None
2026-09-12 14:39:46,417 - WARNING - discarding data: None
2026-09-12 14:39:46,502 - ERROR - parsed tree length: 1, wrong data type or not valid HTML
2026-09-12 14:39:46,528 - WARNING - Some characters could not be decoded, and were replaced with REPLACEMENT CHARACTER.
2026-09-12 14:39:46,704 - INFO -    -> insuficiente (0 chars)
2026-09-12 14:39:49,088 - INFO - [1633/1962] https://mma.gob.cl/wp-content/uploads/2015/06/do-20160601-web.pdf
2026-09-12 14:39:50,917 - ERROR - parsed tree length: 1, wrong data type or not valid HTML
2026-09-12 14:39:50,920 - ERROR - empty HTML tree: None
2026-09-12 14:39:50,921 - WARNING - discarding data: None
2026-09-12 14:39:51,703 - ERROR - parsed tree length: 1, wrong data type or not valid HTML
2026-09-12 14:39:52,116 - WARNING - Some characters could not be decoded, and were replaced with REPLACEMENT CHARACTER.
2026-09-12 14:39:53,813 - INFO -    -> insuficiente (0 chars)
2026-09-12 14:39:55,656 - INFO - [1634/1962] https://www.minsal.cl/wp-content/uploads/2015/12/Modelo-de-Gestion-CSMC-9-febrer
2026-09-12 14:39:57,254 - ERROR - parsed tree length: 1, wrong data type or not valid HTML
2026-09-12 14:39:57,256 - ERROR - empty HTML tree: None
2026-09-12 14:39:57,256 - WARNING - discarding data: None
2026-09-12 14:39:57,752 - ERROR - parsed tree length: 1, wrong data type or not valid HTML
2026-09-12 14:39:57,943 - WARNING - Some characters could not be decoded, and were replaced with REPLACEMENT CHARACTER.
2026-09-12 14:39:59,227 - INFO -    -> insuficiente (0 chars)
2026-09-12 14:40:01,369 - INFO - [1635/1962] https://www.senama.gob.cl/storage/docs/Confieso_que_he_vivido-segunda_edicion-20
2026-09-12 14:40:03,930 - WARNING - wrong encoding detected: cp1250
2026-09-12 14:40:03,935 - WARNING - wrong encoding detected: shift_jis_2004
2026-09-12 14:40:03,941 - WARNING - wrong encoding detected: cp1252
2026-09-12 14:40:03,947 - WARNING - wrong encoding detected: cp1257
2026-09-12 14:40:03,953 - WARNING - wrong encoding detected: cp1258
2026-09-12 14:40:05,664 - WARNING - wrong encoding detected: cp1250
2026-09-12 14:40:05,670 - WARNING - wrong encoding detected: shift_jis_2004
2026-09-12 14:40:05,676 - WARNING - wrong encoding detected: cp1252
2026-09-12 14:40:05,682 - WARNING - wrong encoding detected: cp1257
2026-09-12 14:40:05,687 - WARNING - wrong encoding detected: cp1258
2026-09-12 14:40:06,580 - INFO -    -> trafilatura (25668 chars)
2026-09-12 14:40:09,141 - INFO - [1636/1962] https://www.wom.cl/cobertura/
2026-09-12 14:40:10,369 - INFO -    -> trafilatura (416 chars)
2026-09-12 14:40:13,138 - INFO - [1637/1962] https://www.facebook.com/PoderJudicialdeChile/posts/corte-suprema-rechaza-reclam
2026-09-12 14:40:13,556 - INFO -    -> http_error_400 (0 chars)
2026-09-12 14:40:15,432 - INFO - [1638/1962] https://www.facebook.com/cgtnenespanol/posts/un-edificio-de-cinco-pisos-flota-en
2026-09-12 14:40:15,819 - INFO -    -> http_error_400 (0 chars)
2026-09-12 14:40:18,695 - INFO - [1639/1962] https://www.facebook.com/meganoticiascl/posts/-operaci%C3%B3n-vip-acomodadas-cab
2026-09-12 14:40:18,919 - INFO -    -> http_error_400 (0 chars)
2026-09-12 14:40:20,599 - INFO - [1640/1962] https://www.monumentos.gob.cl/sites/default/files/2025-06/20230322_acta_sesion_o
2026-09-12 14:40:20,920 - ERROR - parsed tree length: 1, wrong data type or not valid HTML
2026-09-12 14:40:20,921 - ERROR - empty HTML tree: None
2026-09-12 14:40:20,921 - WARNING - discarding data: None
2026-09-12 14:40:21,039 - ERROR - parsed tree length: 1, wrong data type or not valid HTML
2026-09-12 14:40:21,094 - WARNING - Some characters could not be decoded, and were replaced with REPLACEMENT CHARACTER.
2026-09-12 14:40:21,384 - INFO -    -> insuficiente (0 chars)
2026-09-12 14:40:22,947 - INFO - [1641/1962] https://www.laflorida.cl/sitio/wp-content/uploads/2021/04/CUENTA-P%C3%9ABLICA_20
2026-09-12 14:40:40,366 - INFO -    -> trafilatura (43806 chars)
2026-09-12 14:40:41,891 - INFO - [1642/1962] https://www.clarin.com/arq/arquitectura/torres-ciudad-santa-fe_0_htE2tnfXK8.html
2026-09-12 14:40:43,097 - INFO -    -> trafilatura (7238 chars)
2026-09-12 14:40:44,776 - INFO - [1643/1962] https://cdn.prod.website-files.com/66fe00f74283e2d45781590d/672bf7bd28c808a04480
2026-09-12 14:40:46,847 - ERROR - parsed tree length: 1, wrong data type or not valid HTML
2026-09-12 14:40:46,850 - ERROR - empty HTML tree: None
2026-09-12 14:40:46,851 - WARNING - discarding data: None
2026-09-12 14:40:47,765 - ERROR - parsed tree length: 1, wrong data type or not valid HTML
2026-09-12 14:40:48,109 - WARNING - Some characters could not be decoded, and were replaced with REPLACEMENT CHARACTER.
2026-09-12 14:40:50,129 - INFO -    -> insuficiente (0 chars)
2026-09-12 14:40:51,661 - INFO - [1644/1962] https://www.facebook.com/conavicoop.cl/posts/avance-de-obras-de-nuestro-proyecto
2026-09-12 14:40:51,983 - INFO -    -> http_error_400 (0 chars)
2026-09-12 14:40:54,447 - INFO - [1645/1962] https://entorno.cl/faq/
2026-09-12 14:40:56,495 - INFO -    -> trafilatura (16971 chars)
2026-09-12 14:40:58,753 - INFO - [1646/1962] https://www.latercera.com/noticia/villa-san-luis-mas-que-viviendas-sociales-un-m
2026-09-12 14:41:00,927 - INFO -    -> trafilatura (6667 chars)
2026-09-12 14:41:03,320 - INFO - [1647/1962] https://www.ciperchile.cl/2014/06/26/la-ofensiva-inmobiliaria-que-ahogo-la-prote
2026-09-12 14:41:05,544 - INFO -    -> trafilatura (18686 chars)
2026-09-12 14:41:07,977 - INFO - [1648/1962] https://www.facebook.com/100064268246431/posts/%EF%B8%8F-la-municipalidad-de-san
2026-09-12 14:41:08,418 - INFO -    -> http_error_400 (0 chars)
2026-09-12 14:41:10,126 - INFO - [1649/1962] https://www.instagram.com/p/DQW1RM2Ddcp/
2026-09-12 14:41:11,074 - WARNING - discarding data: None
2026-09-12 14:41:12,073 - INFO -    -> insuficiente (0 chars)
2026-09-12 14:41:14,080 - INFO - [1650/1962] https://www.facebook.com/TVUCanal/posts/y-t%C3%BA-qu%C3%A9-opinas-el-sea-suspend
2026-09-12 14:41:14,451 - INFO -    -> http_error_400 (0 chars)
2026-09-12 14:41:16,509 - INFO - [1651/1962] https://www.facebook.com/el.dinamo/posts/la-inmobiliaria-san-antonio-rechaz%C3%B
2026-09-12 14:41:16,855 - INFO -    -> http_error_400 (0 chars)
2026-09-12 14:41:19,850 - INFO - [1652/1962] https://www.latercera.com/nacional/noticia/alcaldesa-san-martin-apunta-a-joaquin
2026-09-12 14:41:21,597 - INFO -    -> trafilatura (2501 chars)
2026-09-12 14:41:24,176 - INFO - [1653/1962] https://www.instagram.com/reel/DSa0WD9j8KD/
2026-09-12 14:41:24,652 - WARNING - discarding data: None
2026-09-12 14:41:25,490 - INFO -    -> insuficiente (0 chars)
2026-09-12 14:41:28,114 - INFO - [1654/1962] https://www.facebook.com/TVUCanal/posts/-con-aprobaci%C3%B3n-un%C3%A1nime-fue-ac
2026-09-12 14:41:28,453 - INFO -    -> http_error_400 (0 chars)
2026-09-12 14:41:30,018 - INFO - [1655/1962] https://www.bestplacetolive.com/proyecto-detalle/campvs-i-activa
2026-09-12 14:41:32,658 - INFO -    -> trafilatura (10191 chars)
2026-09-12 14:41:34,799 - INFO - [1656/1962] https://www.facebook.com/munilacalera/posts/la-secretar%C3%ADa-comunal-de-planif
2026-09-12 14:41:35,149 - INFO -    -> http_error_400 (0 chars)
2026-09-12 14:41:37,100 - INFO - [1657/1962] https://snifa.sma.gob.cl/
2026-09-12 14:41:38,131 - INFO -    -> beautifulsoup (3896 chars)
2026-09-12 14:41:39,707 - INFO - [1658/1962] https://www.contraloria.gov.py/index.php/categorias-de-archivos/category/4701-an
2026-09-12 14:41:41,943 - ERROR - parsed tree length: 1, wrong data type or not valid HTML
2026-09-12 14:41:41,944 - ERROR - empty HTML tree: None
2026-09-12 14:41:41,944 - WARNING - discarding data: None
2026-09-12 14:41:42,096 - ERROR - parsed tree length: 1, wrong data type or not valid HTML
2026-09-12 14:41:42,175 - WARNING - Some characters could not be decoded, and were replaced with REPLACEMENT CHARACTER.
2026-09-12 14:41:42,428 - INFO -    -> insuficiente (0 chars)
2026-09-12 14:41:44,234 - INFO - [1659/1962] https://www.facebook.com/contraloriacl/posts/constantemente-nos-toca-revisar-den
2026-09-12 14:41:44,500 - INFO -    -> http_error_400 (0 chars)
2026-09-12 14:41:46,814 - INFO - [1660/1962] https://www.heredia.go.cr/es/denuncias
2026-09-12 14:41:49,601 - INFO -    -> trafilatura (1718 chars)
2026-09-12 14:41:52,252 - INFO - [1661/1962] https://www.cftsantotomas.cl/carreras/tecnico-en-construcciones-civiles/
2026-09-12 14:41:53,273 - INFO -    -> trafilatura (1299 chars)
2026-09-12 14:41:56,021 - INFO - [1662/1962] https://www.facebook.com/itv.petorca/posts/reportajes24-plaza-de-petorca-la-mill
2026-09-12 14:41:56,373 - INFO -    -> http_error_400 (0 chars)
2026-09-12 14:41:58,385 - INFO - [1663/1962] https://ruido.mma.gob.cl/preguntas-frecuentes/
2026-09-12 14:42:00,113 - INFO -    -> trafilatura (7468 chars)
2026-09-12 14:42:02,566 - INFO - [1664/1962] https://revista.cfia.or.cr/wp-content/uploads/2018/03/revista32-2.pdf
2026-09-12 14:42:07,401 - ERROR - parsed tree length: 1, wrong data type or not valid HTML
2026-09-12 14:42:07,405 - ERROR - empty HTML tree: None
2026-09-12 14:42:07,405 - WARNING - discarding data: None
2026-09-12 14:42:08,518 - ERROR - parsed tree length: 1, wrong data type or not valid HTML
2026-09-12 14:42:08,994 - WARNING - Some characters could not be decoded, and were replaced with REPLACEMENT CHARACTER.
2026-09-12 14:42:13,654 - INFO -    -> insuficiente (0 chars)
2026-09-12 14:42:16,035 - INFO - [1665/1962] https://www.facebook.com/munilascondes/posts/el-minvu-aprob%C3%B3-el-proyecto-de
2026-09-12 14:42:16,361 - INFO -    -> http_error_400 (0 chars)
2026-09-12 14:42:18,466 - INFO - [1666/1962] https://www.facebook.com/municipiotemuco/posts/en-sal%C3%B3n-vip-de-estadio-germ
2026-09-12 14:42:18,710 - INFO -    -> http_error_400 (0 chars)
2026-09-12 14:42:21,540 - INFO - [1667/1962] https://www.facebook.com/municipalidadchiguayante/posts/autoridades-y-concejales
2026-09-12 14:42:21,879 - INFO -    -> http_error_400 (0 chars)
2026-09-12 14:42:23,386 - INFO - [1668/1962] https://www.bcn.cl/leychile/Navegar/pdf/PDF/61922.PDF
2026-09-12 14:42:24,716 - ERROR - parsed tree length: 1, wrong data type or not valid HTML
2026-09-12 14:42:24,716 - ERROR - empty HTML tree: None
2026-09-12 14:42:24,717 - WARNING - discarding data: None
2026-09-12 14:42:24,803 - ERROR - parsed tree length: 1, wrong data type or not valid HTML
2026-09-12 14:42:24,827 - WARNING - Some characters could not be decoded, and were replaced with REPLACEMENT CHARACTER.
2026-09-12 14:42:24,967 - INFO -    -> insuficiente (0 chars)
2026-09-12 14:42:27,126 - INFO - [1669/1962] https://gualeguaychu.gov.ar/ordenanzas/obras-p%C3%BAblicas/regularizaci%C3%B3n-d
2026-09-12 14:42:45,144 - INFO -    -> trafilatura (12127 chars)
2026-09-12 14:42:46,878 - INFO - [1670/1962] https://www.monumentos.gob.cl/sites/default/files/articles-48335_documento_01.pd
2026-09-12 14:42:47,772 - ERROR - parsed tree length: 1, wrong data type or not valid HTML
2026-09-12 14:42:47,773 - ERROR - empty HTML tree: None
2026-09-12 14:42:47,773 - WARNING - discarding data: None
2026-09-12 14:42:47,867 - ERROR - parsed tree length: 1, wrong data type or not valid HTML
2026-09-12 14:42:47,936 - WARNING - Some characters could not be decoded, and were replaced with REPLACEMENT CHARACTER.
2026-09-12 14:42:48,146 - INFO -    -> insuficiente (0 chars)
2026-09-12 14:42:50,032 - INFO - [1671/1962] https://www.facebook.com/muni.joaquin/photos/atenci%C3%B3n-vecins-por-obras-en-h
2026-09-12 14:42:50,456 - INFO -    -> http_error_400 (0 chars)
2026-09-12 14:42:52,676 - INFO - [1672/1962] https://redsanjoaquin.cl/nuevositio2018/wp-content/uploads/2019/01/Actualizaci%C
2026-09-12 14:42:54,708 - ERROR - parsed tree length: 1, wrong data type or not valid HTML
2026-09-12 14:42:54,711 - ERROR - empty HTML tree: None
2026-09-12 14:42:54,711 - WARNING - discarding data: None
2026-09-12 14:42:55,598 - ERROR - parsed tree length: 1, wrong data type or not valid HTML
2026-09-12 14:42:55,915 - WARNING - Some characters could not be decoded, and were replaced with REPLACEMENT CHARACTER.
2026-09-12 14:42:57,958 - INFO -    -> insuficiente (0 chars)
2026-09-12 14:43:00,480 - INFO - [1673/1962] https://www.facebook.com/munipuertomontt/posts/paga-tu-permisodecirculaci%C3%B3n
2026-09-12 14:43:00,857 - INFO -    -> http_error_400 (0 chars)
2026-09-12 14:43:03,155 - INFO - [1674/1962] https://www.facebook.com/municerrillos/posts/con-respecto-a-la-visita-realizada-
2026-09-12 14:43:03,451 - INFO -    -> http_error_400 (0 chars)
2026-09-12 14:43:06,001 - INFO - [1675/1962] https://www.facebook.com/muni.joaquin/posts/atenci%C3%B3n-vecins-por-obras-en-ho
2026-09-12 14:43:06,252 - INFO -    -> http_error_400 (0 chars)
2026-09-12 14:43:08,424 - INFO - [1676/1962] https://www.bcn.cl/leychile/Navegar?idNorma=1153789
2026-09-12 14:43:08,496 - WARNING - discarding data: None
2026-09-12 14:43:08,537 - INFO -    -> insuficiente (189 chars)
2026-09-12 14:43:10,939 - INFO - [1677/1962] https://www.facebook.com/serviumaule/posts/tenemos-en-licitaci%C3%B3n-de-obras-e
2026-09-12 14:43:11,498 - INFO -    -> http_error_400 (0 chars)
2026-09-12 14:43:13,000 - INFO - [1678/1962] https://sanjoaquin.cl/2022/03/23/dos-mini-municipalidades-para-san-joaquin/
2026-09-12 14:43:16,632 - INFO -    -> trafilatura (3900 chars)
2026-09-12 14:43:18,852 - INFO - [1679/1962] https://www.facebook.com/sanbernardocl/posts/concejo-municipalhoy-en-la-sesi%C3%
2026-09-12 14:43:19,314 - INFO -    -> http_error_400 (0 chars)
2026-09-12 14:43:21,411 - INFO - [1680/1962] https://www.facebook.com/munilaflorida/posts/nuevamente-la-municipalidad-de-la-f
2026-09-12 14:43:21,685 - INFO -    -> http_error_400 (0 chars)
2026-09-12 14:43:24,039 - INFO - [1681/1962] https://www.dian.gov.co/impuestos/Regimen-Simple-de-Tributacion-RST/Documents/Ac
2026-09-12 14:43:55,610 - ERROR - parsed tree length: 1, wrong data type or not valid HTML
2026-09-12 14:43:55,612 - ERROR - empty HTML tree: None
2026-09-12 14:43:55,613 - WARNING - discarding data: None
2026-09-12 14:43:56,224 - ERROR - parsed tree length: 1, wrong data type or not valid HTML
2026-09-12 14:43:56,465 - WARNING - Some characters could not be decoded, and were replaced with REPLACEMENT CHARACTER.
2026-09-12 14:43:57,370 - INFO -    -> insuficiente (0 chars)
2026-09-12 14:43:59,821 - INFO - [1682/1962] https://www.facebook.com/munihuasco/posts/concejo-comunalhoy-en-una-nueva-sesi%C
2026-09-12 14:44:00,150 - INFO -    -> http_error_400 (0 chars)
2026-09-12 14:44:02,412 - INFO - [1683/1962] https://obtienearchivo.bcn.cl:443/obtienearchivo?id=recursoslegales/10221.3/6555
2026-09-12 14:44:03,545 - ERROR - parsed tree length: 1, wrong data type or not valid HTML
2026-09-12 14:44:03,546 - ERROR - empty HTML tree: None
2026-09-12 14:44:03,546 - WARNING - discarding data: None
2026-09-12 14:44:03,610 - ERROR - parsed tree length: 1, wrong data type or not valid HTML
2026-09-12 14:44:03,627 - WARNING - Some characters could not be decoded, and were replaced with REPLACEMENT CHARACTER.
2026-09-12 14:44:03,730 - INFO -    -> insuficiente (0 chars)
2026-09-12 14:44:06,691 - INFO - [1684/1962] https://www.facebook.com/municipalidaddesanesteban/posts/ahora-alcalde-independi
2026-09-12 14:44:07,095 - INFO -    -> http_error_400 (0 chars)
2026-09-12 14:44:08,758 - INFO - [1685/1962] https://www.facebook.com/saladeprensacl/posts/uni%C3%B3n-comunal-de-juntas-de-ve
2026-09-12 14:44:08,975 - INFO -    -> http_error_400 (0 chars)
2026-09-12 14:44:10,655 - INFO - [1686/1962] https://www.facebook.com/ladiscusion.cl/videos/tras-el-rechazo-de-la-adjudicaci%
2026-09-12 14:44:11,546 - WARNING - discarding data: None
2026-09-12 14:44:12,836 - INFO -    -> insuficiente (0 chars)
2026-09-12 14:44:14,533 - INFO - [1687/1962] https://www.instagram.com/p/DZNf-TgRvhz/
2026-09-12 14:44:16,187 - WARNING - discarding data: None
2026-09-12 14:44:18,056 - INFO -    -> insuficiente (0 chars)
2026-09-12 14:44:19,825 - INFO - [1688/1962] https://www.facebook.com/radiodulcedeaconcagua/posts/%EF%B8%8F-claudio-ahumada-a
2026-09-12 14:44:20,170 - INFO -    -> http_error_400 (0 chars)
2026-09-12 14:44:22,151 - INFO - [1689/1962] https://nexuspj.poder-judicial.go.cr/document/ext-1-0007-122000
2026-09-12 14:44:24,339 - WARNING - discarding data: None
2026-09-12 14:44:24,417 - INFO -    -> insuficiente (0 chars)
2026-09-12 14:44:26,094 - INFO - [1690/1962] https://www.facebook.com/tunoticieroSanJoaquingua/posts/en-vivo-entrevista-compl
2026-09-12 14:44:26,416 - INFO -    -> http_error_400 (0 chars)
2026-09-12 14:44:29,031 - INFO - [1691/1962] https://www.instagram.com/reel/Daix3IqPltb/
2026-09-12 14:44:29,351 - WARNING - discarding data: None
2026-09-12 14:44:30,700 - INFO -    -> insuficiente (0 chars)
2026-09-12 14:44:32,985 - INFO - [1692/1962] https://www.facebook.com/LaVozDePucon/posts/-el-proyecto-que-parti%C3%B3-en-2016
2026-09-12 14:44:33,253 - INFO -    -> http_error_400 (0 chars)
2026-09-12 14:44:34,804 - INFO - [1693/1962] https://www.latercera.com/nacional/noticia/problemas-para-la-uc-concejo-municipa
2026-09-12 14:44:37,324 - INFO -    -> trafilatura (8052 chars)
2026-09-12 14:44:39,346 - INFO - [1694/1962] https://www.instagram.com/villaloplaza/
2026-09-12 14:44:39,648 - WARNING - discarding data: None
2026-09-12 14:44:40,713 - INFO -    -> insuficiente (0 chars)
2026-09-12 14:44:43,665 - INFO - [1695/1962] https://www.facebook.com/groups/684455041694050/posts/777131765759710/
2026-09-12 14:44:43,933 - INFO -    -> http_error_400 (0 chars)
2026-09-12 14:44:46,600 - INFO - [1696/1962] https://elquintopoder.cl/medio-ambiente/villa-musicos-del-mundo-y-poblacion-chil
2026-09-12 14:44:49,348 - INFO -    -> trafilatura (1945 chars)
2026-09-12 14:44:52,127 - INFO - [1697/1962] https://www.facebook.com/muni.joaquin/posts/atenci%C3%B3n-vecins-este-mi%C3%A9rc
2026-09-12 14:44:52,370 - INFO -    -> http_error_400 (0 chars)
2026-09-12 14:44:54,478 - INFO - [1698/1962] https://www.instagram.com/reel/B2UsZAhFGMJ/
2026-09-12 14:44:54,828 - WARNING - discarding data: None
2026-09-12 14:44:55,618 - INFO -    -> insuficiente (0 chars)
2026-09-12 14:44:57,283 - INFO - [1699/1962] https://revistaentorno.cl/no-al-mall-vivo/
2026-09-12 14:44:58,691 - INFO -    -> trafilatura (15887 chars)
2026-09-12 14:45:00,519 - INFO - [1700/1962] https://cl.linkedin.com/in/luis-vasquez-953261b1
2026-09-12 14:45:01,268 - INFO -    -> http_error_999 (0 chars)
2026-09-12 14:45:04,142 - INFO - [1701/1962] https://bluehome.cl/
2026-09-12 14:45:08,374 - INFO -    -> trafilatura (8246 chars)
2026-09-12 14:45:10,271 - INFO - [1702/1962] https://www.facebook.com/muni.joaquin/posts/hoy-526-familias-de-san-joaqu%C3%ADn
2026-09-12 14:45:10,498 - INFO -    -> http_error_400 (0 chars)
2026-09-12 14:45:13,245 - INFO - [1703/1962] https://www.instagram.com/p/DXsDJ-CkXoJ/
2026-09-12 14:45:13,592 - WARNING - discarding data: None
2026-09-12 14:45:14,508 - INFO -    -> insuficiente (0 chars)
2026-09-12 14:45:17,058 - INFO - [1704/1962] https://www.facebook.com/muni.joaquin/posts/el-sue%C3%B1o-de-la-casa-propia-es-r
2026-09-12 14:45:17,336 - INFO -    -> http_error_400 (0 chars)
2026-09-12 14:45:19,972 - INFO - [1705/1962] https://www.facebook.com/muni.joaquin/posts/compartimos-la-emoci%C3%B3n-y-la-ale
2026-09-12 14:45:20,199 - INFO -    -> http_error_400 (0 chars)
2026-09-12 14:45:22,196 - INFO - [1706/1962] https://www.instagram.com/reel/DZyFgguRH1B/
2026-09-12 14:45:22,498 - WARNING - discarding data: None
2026-09-12 14:45:23,199 - INFO -    -> insuficiente (0 chars)
2026-09-12 14:45:25,880 - INFO - [1707/1962] https://www.facebook.com/muni.joaquin/posts/avanzando-hacia-el-sue%C3%B1o-de-la-
2026-09-12 14:45:26,155 - INFO -    -> http_error_400 (0 chars)
2026-09-12 14:45:28,514 - INFO - [1708/1962] https://www.elserenense.cl/comunales/2026/06/04/vecinos-celebran-el-inicio-de-la
2026-09-12 14:45:30,715 - INFO -    -> trafilatura (7009 chars)
2026-09-12 14:45:32,855 - INFO - [1709/1962] https://www.instagram.com/reel/DAWgoFRS-vp/
2026-09-12 14:45:33,140 - WARNING - discarding data: None
2026-09-12 14:45:34,020 - INFO -    -> insuficiente (0 chars)
2026-09-12 14:45:35,902 - INFO - [1710/1962] https://www.remax.cl/_/Metropolitana/Santiago/Nunoa/Plaza_Zanartu?lang=es-CL
2026-09-12 14:45:36,940 - WARNING - discarding data: None
2026-09-12 14:45:36,965 - INFO -    -> insuficiente (0 chars)
2026-09-12 14:45:38,565 - INFO - [1711/1962] https://www.instagram.com/p/DbLjAVFj-v3/
2026-09-12 14:45:38,932 - WARNING - discarding data: None
2026-09-12 14:45:39,752 - INFO -    -> insuficiente (0 chars)
2026-09-12 14:45:42,115 - INFO - [1712/1962] https://www.yungay.cl/wp-content/uploads/2020/01/Informe-Final-PLADECO-Yungay-09
2026-09-12 14:45:44,407 - ERROR - parsed tree length: 1, wrong data type or not valid HTML
2026-09-12 14:45:44,411 - ERROR - empty HTML tree: None
2026-09-12 14:45:44,411 - WARNING - discarding data: None
2026-09-12 14:45:45,242 - ERROR - parsed tree length: 1, wrong data type or not valid HTML
2026-09-12 14:45:45,597 - WARNING - Some characters could not be decoded, and were replaced with REPLACEMENT CHARACTER.
2026-09-12 14:45:47,522 - INFO -    -> insuficiente (0 chars)
2026-09-12 14:45:49,760 - INFO - [1713/1962] https://www.facebook.com/MinvuChile/posts/paso-a-paso-postulaci%C3%B3n-fondo-sol
2026-09-12 14:45:49,966 - INFO -    -> http_error_400 (0 chars)
2026-09-12 14:45:52,464 - INFO - [1714/1962] https://www.facebook.com/munistgo/posts/santiago-esta-ma%C3%B1ana-48-familias-de
2026-09-12 14:45:52,838 - INFO -    -> http_error_400 (0 chars)
2026-09-12 14:45:54,410 - INFO - [1715/1962] https://interferencia.cl/casos/guetos-verticales
2026-09-12 14:45:55,552 - INFO -    -> trafilatura (3770 chars)
2026-09-12 14:45:57,622 - INFO - [1716/1962] https://www.facebook.com/RadioYSUCA/posts/colectivo-exige-la-derogatoria-de-orde
2026-09-12 14:45:57,901 - INFO -    -> http_error_400 (0 chars)
2026-09-12 14:46:00,001 - INFO - [1717/1962] https://www.facebook.com/serviumaule/posts/-nuestra-p%C3%A1gina-web-con-tr%C3%A1
2026-09-12 14:46:00,389 - INFO -    -> http_error_400 (0 chars)
2026-09-12 14:46:02,995 - INFO - [1718/1962] https://www.laflorida.cl/sitio/wp-content/uploads/2023/04/Cuenta-Pu%CC%81blica-2
2026-09-12 14:46:07,484 - ERROR - parsed tree length: 1, wrong data type or not valid HTML
2026-09-12 14:46:07,492 - ERROR - empty HTML tree: None
2026-09-12 14:46:07,492 - WARNING - discarding data: None
2026-09-12 14:46:08,908 - ERROR - parsed tree length: 1, wrong data type or not valid HTML
2026-09-12 14:46:09,531 - WARNING - Some characters could not be decoded, and were replaced with REPLACEMENT CHARACTER.
2026-09-12 14:46:15,611 - INFO -    -> insuficiente (0 chars)
2026-09-12 14:46:17,150 - INFO - [1719/1962] http://www.hualpenciudad.cl/wp-content/uploads/2023/01/1-Memoria-Explicativa-1.p
2026-09-12 14:46:21,439 - ERROR - parsed tree length: 1, wrong data type or not valid HTML
2026-09-12 14:46:21,442 - ERROR - empty HTML tree: None
2026-09-12 14:46:21,443 - WARNING - discarding data: None
2026-09-12 14:46:23,432 - ERROR - parsed tree length: 1, wrong data type or not valid HTML
2026-09-12 14:46:24,275 - WARNING - Some characters could not be decoded, and were replaced with REPLACEMENT CHARACTER.
2026-09-12 14:46:28,180 - INFO -    -> insuficiente (0 chars)
2026-09-12 14:46:30,695 - INFO - [1720/1962] https://www.elcolombiano.com/antioquia/en-medellin-el-ruido-es-cada-vez-mas-dese
2026-09-12 14:46:32,654 - INFO -    -> trafilatura (10097 chars)
2026-09-12 14:46:35,468 - INFO - [1721/1962] https://www.facebook.com/munidesanpedroayampucoficial/posts/-altos-de-santa-mar%
2026-09-12 14:46:35,784 - INFO -    -> http_error_400 (0 chars)
2026-09-12 14:46:38,289 - INFO - [1722/1962] https://www.facebook.com/AMUNLaPaz/posts/amun-en-resguardo-de-la-vida-y-la-segur
2026-09-12 14:46:38,549 - INFO -    -> http_error_400 (0 chars)
2026-09-12 14:46:41,234 - INFO - [1723/1962] https://www.facebook.com/PACmunicipio/posts/%EF%B8%8F-tu-opini%C3%B3n-es-clave-p
2026-09-12 14:46:41,495 - INFO -    -> http_error_400 (0 chars)
2026-09-12 14:46:43,625 - INFO - [1724/1962] https://www.instagram.com/reel/DX786kuRiwx/
2026-09-12 14:46:44,237 - WARNING - discarding data: None
2026-09-12 14:46:45,139 - INFO -    -> insuficiente (0 chars)
2026-09-12 14:46:46,755 - INFO - [1725/1962] https://www.facebook.com/MinvuOHiggins/posts/-avanza-el-plan-regulador-comunal-d
2026-09-12 14:46:47,127 - INFO -    -> http_error_400 (0 chars)
2026-09-12 14:46:48,960 - INFO - [1726/1962] https://renca.cl/wp-content/uploads/2025/05/CUENTA-PUBLICA-2024.pdf
2026-09-12 14:46:50,602 - ERROR - parsed tree length: 1, wrong data type or not valid HTML
2026-09-12 14:46:50,603 - ERROR - empty HTML tree: None
2026-09-12 14:46:50,603 - WARNING - discarding data: None
2026-09-12 14:46:51,006 - ERROR - parsed tree length: 1, wrong data type or not valid HTML
2026-09-12 14:46:51,179 - WARNING - Some characters could not be decoded, and were replaced with REPLACEMENT CHARACTER.
2026-09-12 14:46:51,980 - INFO -    -> insuficiente (0 chars)
2026-09-12 14:46:54,018 - INFO - [1727/1962] https://derecho.uc.cl/21-profesores-fueron-elegidos-jueces-arbitros-por-la-corte
2026-09-12 14:46:55,331 - INFO -    -> trafilatura (4010 chars)
2026-09-12 14:46:58,130 - INFO - [1728/1962] http://static.elmercurio.com/Documentos/Legal/2014/01/17/20140117181657.pdf
2026-09-12 14:46:58,273 - ERROR - parsed tree length: 1, wrong data type or not valid HTML
2026-09-12 14:46:58,274 - ERROR - empty HTML tree: None
2026-09-12 14:46:58,274 - WARNING - discarding data: None
2026-09-12 14:46:58,288 - ERROR - parsed tree length: 1, wrong data type or not valid HTML
2026-09-12 14:46:58,295 - WARNING - Some characters could not be decoded, and were replaced with REPLACEMENT CHARACTER.
2026-09-12 14:46:58,331 - INFO -    -> insuficiente (0 chars)
2026-09-12 14:47:00,134 - INFO - [1729/1962] https://www.ciperchile.cl/2015/11/19/jaime-orpis-los-bienes-y-negocios-del-senad
2026-09-12 14:47:02,200 - INFO -    -> trafilatura (17403 chars)
2026-09-12 14:47:04,148 - INFO - [1730/1962] https://www.uaf.cl/es-cl/publicaciones-uaf/sanciones-ejecutoriadas
2026-09-12 14:47:08,479 - INFO -    -> trafilatura (211829 chars)
2026-09-12 14:47:11,262 - INFO - [1731/1962] https://interferencia.cl/articulos/como-el-seremi-de-vivienda-de-bachelet-le-abr
2026-09-12 14:47:11,636 - INFO -    -> trafilatura (7035 chars)
2026-09-12 14:47:13,660 - INFO - [1732/1962] https://www.facebook.com/PoderJudicialdeChile/posts/2-juzgado-civil-de-concepci%
2026-09-12 14:47:14,100 - INFO -    -> http_error_400 (0 chars)
2026-09-12 14:47:17,045 - INFO - [1733/1962] https://www.latercera.com/nacional/noticia/patrimonio-ruinas-la-villa-san-luis-l
2026-09-12 14:47:19,544 - INFO -    -> trafilatura (4810 chars)
2026-09-12 14:47:21,192 - INFO - [1734/1962] https://www.facebook.com/PoderJudicialdeChile/posts/mauricio-silva-cancino-prest
2026-09-12 14:47:21,621 - INFO -    -> http_error_400 (0 chars)
2026-09-12 14:47:24,363 - INFO - [1735/1962] https://www.scielo.cl/pdf/rchdp/n34/0718-8072-rchdp-34-0315.pdf
2026-09-12 14:47:26,051 - ERROR - parsed tree length: 1, wrong data type or not valid HTML
2026-09-12 14:47:26,052 - ERROR - empty HTML tree: None
2026-09-12 14:47:26,052 - WARNING - discarding data: None
2026-09-12 14:47:26,079 - ERROR - parsed tree length: 1, wrong data type or not valid HTML
2026-09-12 14:47:26,088 - WARNING - Some characters could not be decoded, and were replaced with REPLACEMENT CHARACTER.
2026-09-12 14:47:26,141 - INFO -    -> insuficiente (0 chars)
2026-09-12 14:47:28,264 - INFO - [1736/1962] https://www.facebook.com/PoderJudicialdeChile/posts/corte-de-santiago-ordena-a-i
2026-09-12 14:47:28,526 - INFO -    -> http_error_400 (0 chars)
2026-09-12 14:47:30,958 - INFO - [1737/1962] https://repositorio.uchile.cl/bitstream/handle/2250/173239/Defectos-y-riesgos-de
2026-09-12 14:47:45,087 - INFO -    -> trafilatura (1245 chars)
2026-09-12 14:47:47,584 - INFO - [1738/1962] https://www.pjud.cl/prensa-y-comunicaciones/getRulingNew/32202
2026-09-12 14:47:48,754 - ERROR - parsed tree length: 1, wrong data type or not valid HTML
2026-09-12 14:47:48,755 - ERROR - empty HTML tree: None
2026-09-12 14:47:48,755 - WARNING - discarding data: None
2026-09-12 14:47:48,781 - ERROR - parsed tree length: 1, wrong data type or not valid HTML
2026-09-12 14:47:48,794 - WARNING - Some characters could not be decoded, and were replaced with REPLACEMENT CHARACTER.
2026-09-12 14:47:48,847 - INFO -    -> insuficiente (158 chars)
2026-09-12 14:47:51,654 - INFO - [1739/1962] https://www.facebook.com/groups/algarroboaldia/posts/2253079838186056/
2026-09-12 14:47:51,897 - INFO -    -> http_error_400 (0 chars)
2026-09-12 14:47:54,826 - INFO - [1740/1962] https://www.facebook.com/PoderJudicialdeChile/posts/corte-suprema-rechaza-abando
2026-09-12 14:47:55,180 - INFO -    -> http_error_400 (0 chars)
2026-09-12 14:47:57,461 - INFO - [1741/1962] https://www.instagram.com/p/CghuM1cObwp/
2026-09-12 14:47:58,704 - WARNING - discarding data: None
2026-09-12 14:47:59,600 - INFO -    -> insuficiente (0 chars)
2026-09-12 14:48:01,114 - INFO - [1742/1962] https://www.pjud.cl/docs/download/66370
2026-09-12 14:48:02,173 - ERROR - parsed tree length: 1, wrong data type or not valid HTML
2026-09-12 14:48:02,174 - ERROR - empty HTML tree: None
2026-09-12 14:48:02,174 - WARNING - discarding data: None
2026-09-12 14:48:02,218 - ERROR - parsed tree length: 1, wrong data type or not valid HTML
2026-09-12 14:48:02,233 - WARNING - Some characters could not be decoded, and were replaced with REPLACEMENT CHARACTER.
2026-09-12 14:48:02,290 - INFO -    -> insuficiente (0 chars)
2026-09-12 14:48:04,627 - INFO - [1743/1962] https://www.facebook.com/PoderJudicialdeChile/posts/pilar-aravena-g%C3%B3mez-jur
2026-09-12 14:48:04,985 - INFO -    -> http_error_400 (0 chars)
2026-09-12 14:48:06,965 - INFO - [1744/1962] https://www.facebook.com/meganoticiascl/posts/finalmente-el-segundo-tribunal-amb
2026-09-12 14:48:07,224 - INFO -    -> http_error_400 (0 chars)
2026-09-12 14:48:09,917 - INFO - [1745/1962] https://www.instagram.com/reel/DWSFLKvkgT5/
2026-09-12 14:48:10,213 - WARNING - discarding data: None
2026-09-12 14:48:11,121 - INFO -    -> insuficiente (0 chars)
2026-09-12 14:48:13,085 - INFO - [1746/1962] https://www.facebook.com/PoderJudicialdeChile/posts/corte-suprema-confirma-sente
2026-09-12 14:48:13,341 - INFO -    -> http_error_400 (0 chars)
2026-09-12 14:48:15,013 - INFO - [1747/1962] https://www.lanacion.cl/alcaldesa-san-martin-apunta-a-joaquin-lavin-tras-pagar-d
2026-09-12 14:48:16,839 - INFO -    -> trafilatura (2941 chars)
2026-09-12 14:48:19,048 - INFO - [1748/1962] https://cl.linkedin.com/in/joaqu%C3%ADn-mancilla-casanova-35205332
2026-09-12 14:48:19,933 - INFO -    -> http_error_999 (0 chars)
2026-09-12 14:48:22,088 - INFO - [1749/1962] https://www.montesdeoca.go.cr/la_municipalidad/gobierno_local/consejo_municipal/
2026-09-12 14:48:22,956 - INFO -    -> http_error_403 (0 chars)
2026-09-12 14:48:25,797 - INFO - [1750/1962] https://es.scribd.com/document/527850941/OVALLE-2020-2026
2026-09-12 14:48:26,583 - INFO -    -> trafilatura (209 chars)
2026-09-12 14:48:29,463 - INFO - [1751/1962] https://www.facebook.com/Municipiovalpo/posts/hoy-estuvimos-en-el-congreso-nacio
2026-09-12 14:48:29,807 - INFO -    -> http_error_400 (0 chars)
2026-09-12 14:48:31,714 - INFO - [1752/1962] https://www.u-cursos.cl/derecho/2020/1/D126A0630/3/material_docente/bajar?id=308
2026-09-12 14:48:32,754 - ERROR - parsed tree length: 1, wrong data type or not valid HTML
2026-09-12 14:48:32,755 - ERROR - empty HTML tree: None
2026-09-12 14:48:32,756 - WARNING - discarding data: None
2026-09-12 14:48:32,810 - ERROR - parsed tree length: 1, wrong data type or not valid HTML
2026-09-12 14:48:32,826 - WARNING - Some characters could not be decoded, and were replaced with REPLACEMENT CHARACTER.
2026-09-12 14:48:32,908 - INFO -    -> insuficiente (0 chars)
2026-09-12 14:48:35,625 - INFO - [1753/1962] https://aytosagunto.es/media/2bbngay2/03-pl130326.pdf
2026-09-12 14:48:41,063 - ERROR - parsed tree length: 1, wrong data type or not valid HTML
2026-09-12 14:48:41,066 - ERROR - empty HTML tree: None
2026-09-12 14:48:41,066 - WARNING - discarding data: None
2026-09-12 14:48:41,619 - ERROR - parsed tree length: 1, wrong data type or not valid HTML
2026-09-12 14:48:41,814 - WARNING - Some characters could not be decoded, and were replaced with REPLACEMENT CHARACTER.
2026-09-12 14:48:43,131 - INFO -    -> insuficiente (0 chars)
2026-09-12 14:48:45,265 - INFO - [1754/1962] https://www.facebook.com/MedioAmbienteSLV/posts/nuestro-sistema-de-evaluaci%C3%B
2026-09-12 14:48:45,598 - INFO -    -> http_error_400 (0 chars)
2026-09-12 14:48:48,229 - INFO - [1755/1962] https://www.belen.go.cr/documents/20181/160473/31-2023
2026-09-12 14:48:50,766 - ERROR - parsed tree length: 1, wrong data type or not valid HTML
2026-09-12 14:48:50,768 - ERROR - empty HTML tree: None
2026-09-12 14:48:50,768 - WARNING - discarding data: None
2026-09-12 14:48:50,979 - ERROR - parsed tree length: 1, wrong data type or not valid HTML
2026-09-12 14:48:51,083 - WARNING - Some characters could not be decoded, and were replaced with REPLACEMENT CHARACTER.
2026-09-12 14:48:51,480 - INFO -    -> insuficiente (0 chars)
2026-09-12 14:48:53,731 - INFO - [1756/1962] https://derecho.uchile.cl/dam/jcr:a8d494cf-4e82-418d-bfc9-9b359865d9fa/Reporte%2
2026-09-12 14:48:54,744 - ERROR - parsed tree length: 1, wrong data type or not valid HTML
2026-09-12 14:48:54,744 - ERROR - empty HTML tree: None
2026-09-12 14:48:54,744 - WARNING - discarding data: None
2026-09-12 14:48:54,787 - ERROR - parsed tree length: 1, wrong data type or not valid HTML
2026-09-12 14:48:54,800 - WARNING - Some characters could not be decoded, and were replaced with REPLACEMENT CHARACTER.
2026-09-12 14:48:54,879 - INFO -    -> insuficiente (0 chars)
2026-09-12 14:48:57,297 - INFO - [1757/1962] https://imtocopilla.cl/juzgado-de-policia-local/
2026-09-12 14:49:01,110 - INFO -    -> trafilatura (7272 chars)
2026-09-12 14:49:03,679 - INFO - [1758/1962] https://municipalidadsanramon.cl/transito/permiso-de-circulacion/
2026-09-12 14:49:04,727 - INFO -    -> trafilatura (617 chars)
2026-09-12 14:49:06,548 - INFO - [1759/1962] https://www2.tribunalconstitucional.cl/wp-content/uploads/2022/03/021-Tomo-XXI-P
2026-09-12 14:49:07,676 - ERROR - parsed tree length: 1, wrong data type or not valid HTML
2026-09-12 14:49:07,677 - ERROR - empty HTML tree: None
2026-09-12 14:49:07,677 - WARNING - discarding data: None
2026-09-12 14:49:07,912 - ERROR - parsed tree length: 1, wrong data type or not valid HTML
2026-09-12 14:49:08,007 - WARNING - Some characters could not be decoded, and were replaced with REPLACEMENT CHARACTER.
2026-09-12 14:49:08,554 - INFO -    -> insuficiente (0 chars)
2026-09-12 14:49:10,817 - INFO - [1760/1962] http://www.hualpenciudad.cl/wp-content/uploads/2023/04/Cuenta-Publica-de-la-Gest
2026-09-12 14:49:14,472 - ERROR - parsed tree length: 1, wrong data type or not valid HTML
2026-09-12 14:49:14,476 - ERROR - empty HTML tree: None
2026-09-12 14:49:14,476 - WARNING - discarding data: None
2026-09-12 14:49:15,496 - ERROR - parsed tree length: 1, wrong data type or not valid HTML
2026-09-12 14:49:15,900 - WARNING - Some characters could not be decoded, and were replaced with REPLACEMENT CHARACTER.
2026-09-12 14:49:17,873 - INFO -    -> insuficiente (0 chars)
2026-09-12 14:49:20,544 - INFO - [1761/1962] https://www.ciperchile.cl/wp-content/uploads/DOC.IEUT_.023.pdf
2026-09-12 14:49:22,107 - ERROR - parsed tree length: 1, wrong data type or not valid HTML
2026-09-12 14:49:22,109 - ERROR - empty HTML tree: None
2026-09-12 14:49:22,109 - WARNING - discarding data: None
2026-09-12 14:49:22,791 - ERROR - parsed tree length: 1, wrong data type or not valid HTML
2026-09-12 14:49:23,034 - WARNING - Some characters could not be decoded, and were replaced with REPLACEMENT CHARACTER.
2026-09-12 14:49:24,644 - INFO -    -> insuficiente (0 chars)
2026-09-12 14:49:26,579 - INFO - [1762/1962] https://rchdp.udp.cl/index.php/rchdp/article/download/676/531
2026-09-12 14:49:29,456 - ERROR - parsed tree length: 1, wrong data type or not valid HTML
2026-09-12 14:49:29,457 - ERROR - empty HTML tree: None
2026-09-12 14:49:29,457 - WARNING - discarding data: None
2026-09-12 14:49:29,627 - ERROR - parsed tree length: 1, wrong data type or not valid HTML
2026-09-12 14:49:29,659 - WARNING - Some characters could not be decoded, and were replaced with REPLACEMENT CHARACTER.
2026-09-12 14:49:29,892 - INFO -    -> insuficiente (0 chars)
2026-09-12 14:49:32,793 - INFO - [1763/1962] https://www.facebook.com/munisarapiqui/posts/estimados-as-sarapique%C3%B1os-as-s
2026-09-12 14:49:33,051 - INFO -    -> http_error_400 (0 chars)
2026-09-12 14:49:35,876 - INFO - [1764/1962] https://www.facebook.com/claudiorrego/posts/santiago-no-puede-construirse-a-punt
2026-09-12 14:49:36,164 - INFO -    -> http_error_400 (0 chars)
2026-09-12 14:49:38,535 - INFO - [1765/1962] https://www.instagram.com/p/DXriBjinLLb/
2026-09-12 14:49:40,494 - WARNING - discarding data: None
2026-09-12 14:49:42,157 - INFO -    -> insuficiente (0 chars)
2026-09-12 14:49:44,296 - INFO - [1766/1962] https://www.facebook.com/ClaudiaPascualSenadora/posts/%EF%B8%8F-hoy-en-la-sala-d
2026-09-12 14:49:44,676 - INFO -    -> http_error_400 (0 chars)
2026-09-12 14:49:47,273 - INFO - [1767/1962] https://www.facebook.com/photo.php?fbid=1072686208235661&id=100064828749716&set=
2026-09-12 14:49:47,757 - WARNING - discarding data: None
2026-09-12 14:49:49,065 - INFO -    -> insuficiente (0 chars)
2026-09-12 14:49:50,854 - INFO - [1768/1962] https://es.linkedin.com/posts/jeanette-bruna-jara-27040135_jerarqu%C3%ADa-de-la-
2026-09-12 14:49:53,180 - INFO -    -> trafilatura (14049 chars)
2026-09-12 14:49:56,177 - INFO - [1769/1962] https://nexuspj.poder-judicial.go.cr/document/avi-1-0155-14251
2026-09-12 14:49:58,840 - WARNING - discarding data: None
2026-09-12 14:49:58,902 - INFO -    -> insuficiente (0 chars)
2026-09-12 14:50:01,108 - INFO - [1770/1962] https://adad.cl/boletines-adad/enero2026
2026-09-12 14:50:04,017 - INFO -    -> trafilatura (78454 chars)
2026-09-12 14:50:06,567 - INFO - [1771/1962] https://www.facebook.com/radiosantamaria.cl/posts/coyhaique-con-el-objetivo-de-r
2026-09-12 14:50:06,880 - INFO -    -> http_error_400 (0 chars)
2026-09-12 14:50:08,675 - INFO - [1772/1962] https://www.facebook.com/PoderJudicialdeChile/posts/2-juzgado-de-letras-del-trab
2026-09-12 14:50:09,078 - INFO -    -> http_error_400 (0 chars)
2026-09-12 14:50:11,640 - INFO - [1773/1962] https://www.youtube.com/watch?v=YEcrFo9qnHw
2026-09-12 14:50:14,454 - WARNING - discarding data: None
2026-09-12 14:50:14,719 - INFO -    -> beautifulsoup (203 chars)
2026-09-12 14:50:16,807 - INFO - [1774/1962] https://www.instagram.com/p/CEVmR86n0v4/
2026-09-12 14:50:17,155 - WARNING - discarding data: None
2026-09-12 14:50:19,431 - INFO -    -> insuficiente (0 chars)
2026-09-12 14:50:22,377 - INFO - [1775/1962] https://www.movilh.cl/presentan-recurso-de-proteccion-contra-centro-de-salud-vid
2026-09-12 14:50:26,019 - INFO -    -> trafilatura (25355 chars)
2026-09-12 14:50:28,678 - INFO - [1776/1962] https://www.facebook.com/CarabinerosdeChile/posts/la-oficina-de-integraci%C3%B3n
2026-09-12 14:50:29,080 - INFO -    -> http_error_400 (0 chars)
2026-09-12 14:50:31,001 - INFO - [1777/1962] https://segreader.emol.cl/2019/10/11/V/HQ3MNHPN/light?gt=160001
2026-09-12 14:50:32,351 - ERROR - parsed tree length: 1, wrong data type or not valid HTML
2026-09-12 14:50:32,352 - ERROR - empty HTML tree: None
2026-09-12 14:50:32,352 - WARNING - discarding data: None
2026-09-12 14:50:32,356 - ERROR - parsed tree length: 1, wrong data type or not valid HTML
2026-09-12 14:50:32,401 - INFO -    -> beautifulsoup (9802 chars)
2026-09-12 14:50:35,145 - INFO - [1778/1962] https://www.camara.cl/verDoc.aspx?prmTipo=SIAL&prmID=50632&formato=pdf
2026-09-12 14:50:39,642 - ERROR - parsed tree length: 1, wrong data type or not valid HTML
2026-09-12 14:50:39,643 - ERROR - empty HTML tree: None
2026-09-12 14:50:39,643 - WARNING - discarding data: None
2026-09-12 14:50:39,928 - ERROR - parsed tree length: 1, wrong data type or not valid HTML
2026-09-12 14:50:40,055 - WARNING - Some characters could not be decoded, and were replaced with REPLACEMENT CHARACTER.
2026-09-12 14:50:40,818 - INFO -    -> insuficiente (0 chars)
2026-09-12 14:50:42,657 - INFO - [1779/1962] https://www.facebook.com/PoderJudicialdeChile/posts/corte-suprema-acoge-recurso-
2026-09-12 14:50:43,070 - INFO -    -> http_error_400 (0 chars)
2026-09-12 14:50:46,033 - INFO - [1780/1962] https://www.instagram.com/reel/Cpgl1FPgUMd/
2026-09-12 14:50:46,366 - WARNING - discarding data: None
2026-09-12 14:50:47,456 - INFO -    -> insuficiente (0 chars)
2026-09-12 14:50:49,701 - INFO - [1781/1962] https://www.pauta.cl/actualidad/2021/02/26/tricel-claudio-castro-renca-alcalde-o
2026-09-12 14:50:50,916 - INFO -    -> trafilatura (9547 chars)
2026-09-12 14:50:53,693 - INFO - [1782/1962] https://www.instagram.com/p/CTAf9EcL80z/
2026-09-12 14:50:54,069 - WARNING - discarding data: None
2026-09-12 14:50:55,215 - INFO -    -> insuficiente (0 chars)
2026-09-12 14:50:57,027 - INFO - [1783/1962] https://www.facebook.com/PoderJudicialdeChile/posts/-en-vivo-corte-suprema-revis
2026-09-12 14:50:57,303 - INFO -    -> http_error_400 (0 chars)
2026-09-12 14:50:59,121 - INFO - [1784/1962] https://www.doe.cl/alerta/14092022/202209143002
2026-09-12 14:51:01,236 - ERROR - parsed tree length: 1, wrong data type or not valid HTML
2026-09-12 14:51:01,237 - ERROR - empty HTML tree: None
2026-09-12 14:51:01,237 - WARNING - discarding data: None
2026-09-12 14:51:01,255 - ERROR - parsed tree length: 1, wrong data type or not valid HTML
2026-09-12 14:51:01,263 - WARNING - Some characters could not be decoded, and were replaced with REPLACEMENT CHARACTER.
2026-09-12 14:51:01,293 - INFO -    -> insuficiente (0 chars)
2026-09-12 14:51:02,993 - INFO - [1785/1962] https://www.defensorianinez.cl/informe-anual-2023/wp-content/uploads/2023/12/00_
2026-09-12 14:51:09,632 - ERROR - parsed tree length: 1, wrong data type or not valid HTML
2026-09-12 14:51:09,649 - ERROR - empty HTML tree: None
2026-09-12 14:51:09,649 - WARNING - discarding data: None
2026-09-12 14:51:15,050 - ERROR - parsed tree length: 1, wrong data type or not valid HTML
2026-09-12 14:51:17,558 - WARNING - Some characters could not be decoded, and were replaced with REPLACEMENT CHARACTER.
2026-09-12 14:51:34,930 - INFO -    -> insuficiente (0 chars)
2026-09-12 14:51:37,636 - INFO - [1786/1962] https://www.elmercurio.com/legal/movil/detalle.aspx?Id=906103&Path=/0D/D3/
2026-09-12 14:51:38,851 - INFO -    -> trafilatura (14355 chars)
2026-09-12 14:51:41,248 - INFO - [1787/1962] https://vlex.cl/vid/797689517
2026-09-12 14:51:42,275 - INFO -    -> trafilatura (16000 chars)
2026-09-12 14:51:43,940 - INFO - [1788/1962] https://www.instagram.com/concejal_felipe.irarrazaval/
2026-09-12 14:51:44,210 - WARNING - discarding data: None
2026-09-12 14:51:45,243 - INFO -    -> insuficiente (0 chars)
2026-09-12 14:51:48,069 - INFO - [1789/1962] https://revistaderechoambiental.uchile.cl/index.php/RDA/article/download/51529/5
2026-09-12 14:51:48,995 - ERROR - parsed tree length: 1, wrong data type or not valid HTML
2026-09-12 14:51:48,996 - ERROR - empty HTML tree: None
2026-09-12 14:51:48,996 - WARNING - discarding data: None
2026-09-12 14:51:49,043 - ERROR - parsed tree length: 1, wrong data type or not valid HTML
2026-09-12 14:51:49,054 - WARNING - Some characters could not be decoded, and were replaced with REPLACEMENT CHARACTER.
2026-09-12 14:51:49,129 - INFO -    -> insuficiente (0 chars)
2026-09-12 14:51:50,863 - INFO - [1790/1962] https://www.facebook.com/MuniPutaendo/posts/%C3%BAltimominuto-%EF%B8%8Falcalde-s
2026-09-12 14:51:51,176 - INFO -    -> http_error_400 (0 chars)
2026-09-12 14:51:53,293 - INFO - [1791/1962] https://lotatransparente.cl/index.php/index.php?action=plantillas_generar_planti
2026-09-12 14:51:57,037 - INFO -    -> trafilatura (320183 chars)
2026-09-12 14:51:58,648 - INFO - [1792/1962] https://www.facebook.com/AlcaldiaDeOruro/videos/gamo-informa%EF%B8%8Faprobaci%C3
2026-09-12 14:51:59,632 - WARNING - discarding data: None
2026-09-12 14:52:00,632 - INFO -    -> insuficiente (0 chars)
2026-09-12 14:52:02,701 - INFO - [1793/1962] https://www.instagram.com/mqrabogados/
2026-09-12 14:52:03,014 - WARNING - discarding data: None
2026-09-12 14:52:04,637 - INFO -    -> insuficiente (0 chars)
2026-09-12 14:52:06,290 - INFO - [1794/1962] https://www.facebook.com/JuntaMunicipaldeSanloOficial/posts/sesi%C3%B3ndelajunta
2026-09-12 14:52:06,532 - INFO -    -> http_error_400 (0 chars)
2026-09-12 14:52:08,734 - INFO - [1795/1962] https://www.doe.cl/alerta/28042021/202104283001
2026-09-12 14:52:09,660 - ERROR - parsed tree length: 1, wrong data type or not valid HTML
2026-09-12 14:52:09,661 - ERROR - empty HTML tree: None
2026-09-12 14:52:09,661 - WARNING - discarding data: None
2026-09-12 14:52:09,692 - ERROR - parsed tree length: 1, wrong data type or not valid HTML
2026-09-12 14:52:09,708 - WARNING - Some characters could not be decoded, and were replaced with REPLACEMENT CHARACTER.
2026-09-12 14:52:09,916 - INFO -    -> insuficiente (0 chars)
2026-09-12 14:52:11,961 - INFO - [1796/1962] https://www.doe.cl/alerta/10082023/202308103052
2026-09-12 14:52:15,319 - ERROR - parsed tree length: 1, wrong data type or not valid HTML
2026-09-12 14:52:15,319 - ERROR - empty HTML tree: None
2026-09-12 14:52:15,370 - WARNING - discarding data: None
2026-09-12 14:52:17,997 - ERROR - parsed tree length: 1, wrong data type or not valid HTML
2026-09-12 14:52:18,620 - WARNING - Some characters could not be decoded, and were replaced with REPLACEMENT CHARACTER.
2026-09-12 14:52:21,632 - INFO -    -> insuficiente (0 chars)
2026-09-12 14:52:23,284 - INFO - [1797/1962] https://www.bcn.cl/leychile/Navegar?idNorma=1187374
2026-09-12 14:52:49,974 - WARNING - discarding data: None
2026-09-12 14:52:50,630 - INFO -    -> insuficiente (189 chars)
2026-09-12 14:52:53,565 - INFO - [1798/1962] https://www2.tribunalconstitucional.cl/wp-content/uploads/2022/03/014-Tomo-XIV-P
2026-09-12 14:53:27,631 - WARNING - Error extrayendo https://www2.tribunalconstitucional.cl/wp-content/uploads/2022/03/014-: HTTPSConnectionPool(host='www2.tribunalconstitucional.cl', port=443): Max retries exceeded with url: /wp-content/uploads/2022/03/014-Tomo-XIV-PDF.pdf (Caused by SSLError(SSLEOFError(8, '[SSL: UNEXPECTED_EOF_WHILE_READING] EOF occurred in violation of protocol (_ssl.c:1032)')))
2026-09-12 14:53:27,752 - INFO -    -> error (0 chars)
2026-09-12 14:53:30,073 - INFO - [1799/1962] https://transparencia.sma.gob.cl/doc/resoluciones/RESOL_EXENTA_SMA_2020/RESOL%20
2026-09-12 14:53:57,779 - ERROR - parsed tree length: 1, wrong data type or not valid HTML
2026-09-12 14:53:57,787 - ERROR - empty HTML tree: None
2026-09-12 14:53:57,787 - WARNING - discarding data: None
2026-09-12 14:54:07,697 - ERROR - parsed tree length: 1, wrong data type or not valid HTML
2026-09-12 14:54:15,739 - WARNING - Some characters could not be decoded, and were replaced with REPLACEMENT CHARACTER.
2026-09-12 14:54:33,514 - INFO -    -> insuficiente (0 chars)
2026-09-12 14:54:35,735 - INFO - [1800/1962] https://www.facebook.com/MunicipalidadQuintaNormal/posts/-concejoextraordinarioe
2026-09-12 14:54:38,240 - INFO -    -> http_error_400 (0 chars)
2026-09-12 14:54:40,294 - INFO - [1801/1962] https://derechoshumanos.udp.cl/cms/wp-content/uploads/2021/05/Informe_DDHH_compl
2026-09-12 14:54:45,761 - ERROR - parsed tree length: 1, wrong data type or not valid HTML
2026-09-12 14:54:45,768 - ERROR - empty HTML tree: None
2026-09-12 14:54:45,769 - WARNING - discarding data: None
2026-09-12 14:54:49,198 - ERROR - parsed tree length: 1, wrong data type or not valid HTML
2026-09-12 14:54:50,606 - WARNING - Some characters could not be decoded, and were replaced with REPLACEMENT CHARACTER.
2026-09-12 14:54:59,151 - INFO -    -> insuficiente (0 chars)
2026-09-12 14:55:01,033 - INFO - [1802/1962] https://www.biobiochile.cl/especial/reportajes/2021/05/28/masones-abogados-y-rad
2026-09-12 14:55:02,632 - INFO -    -> trafilatura (1211 chars)
2026-09-12 14:55:05,420 - INFO - [1803/1962] https://renca.cl/category/noticias/page/109/
2026-09-12 14:55:07,788 - INFO -    -> trafilatura (4204 chars)
2026-09-12 14:55:09,812 - INFO - [1804/1962] https://www.facebook.com/lacruzinmobiliariayconstructora/posts/es-grato-informar
2026-09-12 14:55:10,104 - INFO -    -> http_error_400 (0 chars)
2026-09-12 14:55:12,021 - INFO - [1805/1962] https://www.instagram.com/p/Cwf48P2udMU/
2026-09-12 14:55:13,554 - WARNING - discarding data: None
2026-09-12 14:55:15,086 - INFO -    -> insuficiente (0 chars)
2026-09-12 14:55:16,701 - INFO - [1806/1962] https://www.santiagoenlinea.cl/2-3-1-4-anulacion-de-patente/
2026-09-12 14:55:18,356 - INFO -    -> trafilatura (3038 chars)
2026-09-12 14:55:20,501 - INFO - [1807/1962] https://www.bcn.cl/leychile/navegar?idNorma=1131679
2026-09-12 14:55:20,540 - WARNING - discarding data: None
2026-09-12 14:55:20,616 - INFO -    -> insuficiente (189 chars)
2026-09-12 14:55:23,528 - INFO - [1808/1962] https://www.facebook.com/cementeriogral/posts/licitaci%C3%B3nse-informa-que-hace
2026-09-12 14:55:23,916 - INFO -    -> http_error_400 (0 chars)
2026-09-12 14:55:26,629 - INFO - [1809/1962] https://www.laizquierdadiario.cl/Guetos-verticales-cites-y-la-politica-de-inmigr
2026-09-12 14:55:28,684 - INFO -    -> trafilatura (3235 chars)
2026-09-12 14:55:31,040 - INFO - [1810/1962] https://www.eldinamo.cl/pais/2017/05/04/inmobiliaria-de-guetos-verticales-se-def
2026-09-12 14:55:32,372 - INFO -    -> trafilatura (1875 chars)
2026-09-12 14:55:34,790 - INFO - [1811/1962] https://www.eldinamo.cl/pais/2017/05/17/otra-vez-estacion-central-detectan-edifi
2026-09-12 14:55:34,898 - INFO -    -> trafilatura (1221 chars)
2026-09-12 14:55:36,781 - INFO - [1812/1962] https://www.eldinamo.cl/pais/2017/04/10/como-es-vivir-en-el-gueto-vertical-360-f
2026-09-12 14:55:36,880 - INFO -    -> trafilatura (1572 chars)
2026-09-12 14:55:39,474 - INFO - [1813/1962] https://www.theclinic.cl/2017/04/06/actor-oscar-hernandez-se-va-de-tarro-y-cuent
2026-09-12 14:55:41,619 - INFO -    -> trafilatura (2875 chars)
2026-09-12 14:55:43,526 - INFO - [1814/1962] https://www.hogardecristo.cl/reportajes/si-no-fueran-mujeres-migrantes-ni-pobres
2026-09-12 14:55:45,735 - INFO -    -> trafilatura (10694 chars)
2026-09-12 14:55:47,964 - INFO - [1815/1962] https://www.facebook.com/M.Independencia/photos/recuerda-que-mayo-es-el-mes-del-
2026-09-12 14:55:48,405 - INFO -    -> http_error_400 (0 chars)
2026-09-12 14:55:49,966 - INFO - [1816/1962] https://www.facebook.com/meganoticiascl/posts/tres-ba%C3%B1os-para-m%C3%A1s-de-1
2026-09-12 14:55:50,312 - INFO -    -> http_error_400 (0 chars)
2026-09-12 14:55:52,518 - INFO - [1817/1962] https://entramacultural.cl/sobre-hacinamiento-y-pobreza-miguel-lawner/
2026-09-12 14:55:54,571 - INFO -    -> trafilatura (6689 chars)
2026-09-12 14:55:56,113 - INFO - [1818/1962] https://opusdei.org/es-cl/article/como-colaborar-en-mi-parroquia/
2026-09-12 14:55:58,172 - INFO -    -> trafilatura (7006 chars)
2026-09-12 14:56:00,924 - INFO - [1819/1962] https://estudiosurbanos.uc.cl/wp-content/uploads/2020/09/Libro-Relatos-IEUT.pdf
2026-09-12 14:56:04,164 - ERROR - parsed tree length: 1, wrong data type or not valid HTML
2026-09-12 14:56:04,168 - ERROR - empty HTML tree: None
2026-09-12 14:56:04,168 - WARNING - discarding data: None
2026-09-12 14:56:05,162 - ERROR - parsed tree length: 1, wrong data type or not valid HTML
2026-09-12 14:56:05,686 - WARNING - Some characters could not be decoded, and were replaced with REPLACEMENT CHARACTER.
2026-09-12 14:56:07,590 - INFO -    -> insuficiente (0 chars)
2026-09-12 14:56:09,796 - INFO - [1820/1962] https://www.facebook.com/ukamauchile/posts/1000097206862298/
2026-09-12 14:56:10,228 - INFO -    -> http_error_400 (0 chars)
2026-09-12 14:56:12,321 - INFO - [1821/1962] https://www.theclinic.cl/2020/11/27/contraloria-oficia-a-carabineros-por-nuevo-u
2026-09-12 14:56:12,941 - INFO -    -> trafilatura (1231 chars)
2026-09-12 14:56:14,817 - INFO - [1822/1962] https://www.valdivieso.cl/las-comunas-donde-todavia-quedan-departamentos-por-men
2026-09-12 14:56:17,353 - INFO -    -> trafilatura (4878 chars)
2026-09-12 14:56:20,037 - INFO - [1823/1962] https://www.instagram.com/p/Co58mSEuwDM/
2026-09-12 14:56:29,650 - WARNING - discarding data: None
2026-09-12 14:56:33,021 - INFO -    -> insuficiente (0 chars)
2026-09-12 14:56:35,844 - INFO - [1824/1962] https://www.laizquierdadiario.cl/Mas-de-7-700-ninos-as-viven-en-campamentos-en-A
2026-09-12 14:56:36,996 - INFO -    -> trafilatura (5898 chars)
2026-09-12 14:56:38,660 - INFO - [1825/1962] https://www.facebook.com/M.Independencia/videos/paga-tu-permiso-de-circulaci%C3%
2026-09-12 14:56:39,458 - WARNING - discarding data: None
2026-09-12 14:56:41,688 - INFO -    -> insuficiente (0 chars)
2026-09-12 14:56:43,284 - INFO - [1826/1962] https://www.instagram.com/reel/COIjK9NHuL7/
2026-09-12 14:56:43,745 - WARNING - discarding data: None
2026-09-12 14:56:45,872 - INFO -    -> insuficiente (0 chars)
2026-09-12 14:56:47,471 - INFO - [1827/1962] https://www.instagram.com/p/CRG-r3CMjCs/?img_index=9
2026-09-12 14:56:47,876 - WARNING - discarding data: None
2026-09-12 14:56:50,010 - INFO -    -> insuficiente (0 chars)
2026-09-12 14:56:52,818 - INFO - [1828/1962] https://repositorio.uchile.cl/bitstream/handle/2250/188512/mercado-urbano-recicl
2026-09-12 14:56:54,948 - INFO -    -> trafilatura (1245 chars)
2026-09-12 14:56:57,407 - INFO - [1829/1962] https://www.facebook.com/concejalrenca/photos/profe-miguel-valero-concejal-por-r
2026-09-12 14:56:57,922 - INFO -    -> http_error_400 (0 chars)
2026-09-12 14:57:00,481 - INFO - [1830/1962] https://www.facebook.com/GobiernoDaniloMedina/posts/ciudadcaracol%C3%AD-es-un-pr
2026-09-12 14:57:00,796 - INFO -    -> http_error_400 (0 chars)
2026-09-12 14:57:02,780 - INFO - [1831/1962] https://www.facebook.com/ViviendaEcuador/posts/enlosmedios-les-invitamos-a-ver-l
2026-09-12 14:57:03,198 - INFO -    -> http_error_400 (0 chars)
2026-09-12 14:57:05,772 - INFO - [1832/1962] https://www.facebook.com/groups/ANTOFAGASTACITY/posts/1927291517332155/
2026-09-12 14:57:05,982 - INFO -    -> http_error_400 (0 chars)
2026-09-12 14:57:07,905 - INFO - [1833/1962] https://www.facebook.com/ViviendaEcuador/posts/miduvienlosmedios-les-invitamos-a
2026-09-12 14:57:08,324 - INFO -    -> http_error_400 (0 chars)
2026-09-12 14:57:10,063 - INFO - [1834/1962] https://m.facebook.com/548875088918283/posts/975492119589909/?locale=af_ZA
2026-09-12 14:57:13,331 - INFO -    -> http_error_400 (0 chars)
2026-09-12 14:57:15,212 - INFO - [1835/1962] https://www.facebook.com/MiTrenCochabamba/posts/a-pocos-metros-del-emblem%C3%A1t
2026-09-12 14:57:15,503 - INFO -    -> http_error_400 (0 chars)
2026-09-12 14:57:17,962 - INFO - [1836/1962] https://www.facebook.com/municipalidad.d.chillan/posts/ciclov%C3%ADa-la-castilla
2026-09-12 14:57:18,184 - INFO -    -> http_error_400 (0 chars)
2026-09-12 14:57:20,351 - INFO - [1837/1962] https://www.facebook.com/produktivaconstructora/posts/nuestra-nueva-obra-grimald
2026-09-12 14:57:21,134 - INFO -    -> http_error_400 (0 chars)
2026-09-12 14:57:22,759 - INFO - [1838/1962] https://www.facebook.com/IMIIQQ/posts/alcalde-soria-reafirma-necesidad-de-que-iq
2026-09-12 14:57:30,349 - INFO -    -> http_error_400 (0 chars)
2026-09-12 14:57:32,110 - INFO - [1839/1962] https://www.facebook.com/cbowen2019/posts/hoy-en-el-centro-del-adulto-mayor-de-l
2026-09-12 14:57:32,546 - INFO -    -> http_error_400 (0 chars)
2026-09-12 14:57:34,628 - INFO - [1840/1962] http://virginiabolten.com.ar/medio-ambiente/
2026-09-12 14:58:01,705 - INFO -    -> trafilatura (258636 chars)
2026-09-12 14:58:03,405 - INFO - [1841/1962] https://www.facebook.com/LaVozPopularSemanarioComunitario/posts/ahora-un-vientit
2026-09-12 14:58:07,650 - INFO -    -> http_error_400 (0 chars)
2026-09-12 14:58:10,177 - INFO - [1842/1962] https://www.facebook.com/SoyPuertoLaCruz/posts/cruzandolahistoria-qu%C3%A9-es-la
2026-09-12 14:58:10,936 - INFO -    -> http_error_400 (0 chars)
2026-09-12 14:58:13,200 - INFO - [1843/1962] https://www.facebook.com/Yovivoensanbernardo/posts/antes-de-comenzar-mencionar-e
2026-09-12 14:58:13,645 - INFO -    -> http_error_400 (0 chars)
2026-09-12 14:58:16,338 - INFO - [1844/1962] https://www.scielo.cl/pdf/arq/n106/0717-6996-arq-106-120.pdf
2026-09-12 14:58:25,674 - ERROR - parsed tree length: 1, wrong data type or not valid HTML
2026-09-12 14:58:25,676 - ERROR - empty HTML tree: None
2026-09-12 14:58:25,676 - WARNING - discarding data: None
2026-09-12 14:58:25,835 - ERROR - parsed tree length: 1, wrong data type or not valid HTML
2026-09-12 14:58:25,898 - WARNING - Some characters could not be decoded, and were replaced with REPLACEMENT CHARACTER.
2026-09-12 14:58:26,980 - INFO -    -> insuficiente (0 chars)
2026-09-12 14:58:29,497 - INFO - [1845/1962] https://www-neighbourhoodguidelines-org.translate.goog/social-and-urban-integrat
2026-09-12 14:58:45,211 - INFO -    -> trafilatura (12606 chars)
2026-09-12 14:58:46,920 - INFO - [1846/1962] https://criticaurbana.com/wp-content/uploads/2020/09/Ciudades-posibles.pdf
2026-09-12 14:58:51,641 - ERROR - parsed tree length: 1, wrong data type or not valid HTML
2026-09-12 14:58:51,643 - ERROR - empty HTML tree: None
2026-09-12 14:58:51,644 - WARNING - discarding data: None
2026-09-12 14:58:52,172 - ERROR - parsed tree length: 1, wrong data type or not valid HTML
2026-09-12 14:58:52,438 - WARNING - Some characters could not be decoded, and were replaced with REPLACEMENT CHARACTER.
2026-09-12 14:58:53,577 - INFO -    -> insuficiente (0 chars)
2026-09-12 14:58:55,857 - INFO - [1847/1962] https://www.archdaily.com/es/885846/si-la-arquitectura-sobreproblematiza-lo-coti
2026-09-12 14:59:02,077 - INFO -    -> trafilatura (1316 chars)
2026-09-12 14:59:03,992 - INFO - [1848/1962] https://dialnet.unirioja.es/descarga/articulo/8038133.pdf
2026-09-12 14:59:24,889 - ERROR - parsed tree length: 1, wrong data type or not valid HTML
2026-09-12 14:59:24,890 - ERROR - empty HTML tree: None
2026-09-12 14:59:24,890 - WARNING - discarding data: None
2026-09-12 14:59:24,947 - ERROR - parsed tree length: 1, wrong data type or not valid HTML
2026-09-12 14:59:24,975 - WARNING - Some characters could not be decoded, and were replaced with REPLACEMENT CHARACTER.
2026-09-12 14:59:25,146 - INFO -    -> insuficiente (0 chars)
2026-09-12 14:59:27,355 - INFO - [1849/1962] https://estudiosurbanos.uc.cl/exalumnos/autogestion-comunitaria-para-el-mejorami
2026-09-12 14:59:31,621 - INFO -    -> trafilatura (1681 chars)
2026-09-12 14:59:33,330 - INFO - [1850/1962] https://es.linkedin.com/pulse/renca-m%C3%A1s-all%C3%A1-de-las-met%C3%A1foras-deb
2026-09-12 14:59:40,116 - INFO -    -> trafilatura (4183 chars)
2026-09-12 14:59:42,106 - INFO - [1851/1962] https://www.instagram.com/p/DLsbnvnO2v5/
2026-09-12 14:59:46,610 - WARNING - discarding data: None
2026-09-12 14:59:48,621 - INFO -    -> insuficiente (0 chars)
2026-09-12 14:59:50,247 - INFO - [1852/1962] https://www.facebook.com/meganoticiascl/posts/%EF%B8%8F-santiago-podr%C3%ADa-sum
2026-09-12 14:59:51,969 - INFO -    -> http_error_400 (0 chars)
2026-09-12 14:59:53,609 - INFO - [1853/1962] https://comein.uoc.edu/divulgacio/comein/es/numero157/articles/i-marco-de-hollyw
2026-09-12 14:59:56,383 - INFO -    -> trafilatura (7786 chars)
2026-09-12 14:59:59,057 - INFO - [1854/1962] https://www.facebook.com/rodjaviera/posts/cerro-navia-conchal%C3%AD-independenci
2026-09-12 14:59:59,348 - INFO -    -> http_error_400 (0 chars)
2026-09-12 15:00:01,531 - INFO - [1855/1962] https://www.instagram.com/reel/DBZtotrBcKV/
2026-09-12 15:00:01,837 - WARNING - discarding data: None
2026-09-12 15:00:03,829 - INFO -    -> insuficiente (0 chars)
2026-09-12 15:00:06,544 - INFO - [1856/1962] https://www.facebook.com/MuniRenca/posts/lanzamiento-pladeco-2025-2030-y-banco-d
2026-09-12 15:00:06,829 - INFO -    -> http_error_400 (0 chars)
2026-09-12 15:00:09,213 - INFO - [1857/1962] https://www.renca.cl/wp-content/uploads/2018/03/UV_22.pdf
2026-09-12 15:00:11,071 - ERROR - parsed tree length: 1, wrong data type or not valid HTML
2026-09-12 15:00:11,072 - ERROR - empty HTML tree: None
2026-09-12 15:00:11,073 - WARNING - discarding data: None
2026-09-12 15:00:11,180 - ERROR - parsed tree length: 1, wrong data type or not valid HTML
2026-09-12 15:00:11,210 - WARNING - Some characters could not be decoded, and were replaced with REPLACEMENT CHARACTER.
2026-09-12 15:00:11,419 - INFO -    -> insuficiente (0 chars)
2026-09-12 15:00:13,735 - INFO - [1858/1962] https://www.renca.cl/wp-content/uploads/2018/03/UV_3.pdf
2026-09-12 15:00:14,344 - WARNING - discarding data: None
2026-09-12 15:00:15,397 - WARNING - Some characters could not be decoded, and were replaced with REPLACEMENT CHARACTER.
2026-09-12 15:00:15,570 - INFO -    -> insuficiente (0 chars)
2026-09-12 15:00:18,454 - INFO - [1859/1962] https://www.constructoraoval.cl/proyectos/condominio-el-senor-de-renca/
2026-09-12 15:00:22,624 - INFO -    -> trafilatura (1503 chars)
2026-09-12 15:00:24,259 - INFO - [1860/1962] https://renca.cl/wp-content/uploads/2017/05/BROCHURE.pdf
2026-09-12 15:00:25,992 - ERROR - parsed tree length: 1, wrong data type or not valid HTML
2026-09-12 15:00:25,993 - ERROR - empty HTML tree: None
2026-09-12 15:00:25,993 - WARNING - discarding data: None
2026-09-12 15:00:26,082 - ERROR - parsed tree length: 1, wrong data type or not valid HTML
2026-09-12 15:00:26,111 - WARNING - Some characters could not be decoded, and were replaced with REPLACEMENT CHARACTER.
2026-09-12 15:00:26,330 - INFO -    -> insuficiente (0 chars)
2026-09-12 15:00:28,436 - INFO - [1861/1962] https://registros19862.gob.cl/institucion/65118346/ficha
2026-09-12 15:00:30,207 - INFO -    -> trafilatura (921 chars)
2026-09-12 15:00:33,204 - INFO - [1862/1962] https://www.renca.cl/wp-content/uploads/2018/03/UV_40.pdf
2026-09-12 15:00:34,658 - ERROR - parsed tree length: 1, wrong data type or not valid HTML
2026-09-12 15:00:34,659 - ERROR - empty HTML tree: None
2026-09-12 15:00:34,659 - WARNING - discarding data: None
2026-09-12 15:00:34,767 - ERROR - parsed tree length: 1, wrong data type or not valid HTML
2026-09-12 15:00:34,800 - WARNING - Some characters could not be decoded, and were replaced with REPLACEMENT CHARACTER.
2026-09-12 15:00:34,969 - INFO -    -> insuficiente (0 chars)
2026-09-12 15:00:36,773 - INFO - [1863/1962] https://www.facebook.com/EmbajadaSuizaSantiago/videos/renca/1957760537824706/
2026-09-12 15:00:37,911 - WARNING - discarding data: None
2026-09-12 15:00:39,293 - INFO -    -> insuficiente (0 chars)
2026-09-12 15:00:41,666 - INFO - [1864/1962] https://www.sag.gob.cl/regiones-comunas/renca
2026-09-12 15:00:44,139 - INFO -    -> insuficiente (59 chars)
2026-09-12 15:00:46,715 - INFO - [1865/1962] https://www.mercadolibre.cl/gz/account-verification?go=https%3A%2F%2Flistado.mer
2026-09-12 15:00:48,367 - WARNING - discarding data: None
2026-09-12 15:00:48,471 - INFO -    -> insuficiente (115 chars)
2026-09-12 15:00:50,241 - INFO - [1866/1962] https://www.facebook.com/munivina/posts/entregando-las-llaves-junta-de-vecinos-v
2026-09-12 15:00:50,492 - INFO -    -> http_error_400 (0 chars)
2026-09-12 15:00:52,351 - INFO - [1867/1962] https://renca.cl/unidades-municipales/secretaria-comunal-de-planificacion/depart
2026-09-12 15:00:54,205 - INFO -    -> trafilatura (5072 chars)
2026-09-12 15:00:56,175 - INFO - [1868/1962] https://renca.cl/actualizacion-elecciones-cosoc-renca-2023/
2026-09-12 15:00:57,704 - INFO -    -> trafilatura (38278 chars)
2026-09-12 15:01:00,045 - INFO - [1869/1962] https://renca.cl/unidades-municipales/secretaria-comunal-de-planificacion/depart
2026-09-12 15:01:00,576 - INFO -    -> trafilatura (899 chars)
2026-09-12 15:01:02,267 - INFO - [1870/1962] https://www.gob.cl/noticias/conjunto-habitacional-carmela-carvajal-comuna-renca-
2026-09-12 15:01:04,488 - INFO -    -> trafilatura (1547 chars)
2026-09-12 15:01:06,346 - INFO - [1871/1962] https://bancoestado.enlaceinmobiliario.cl/listado/region-metropolitana/renca
2026-09-12 15:01:07,952 - INFO -    -> http_error_403 (0 chars)
2026-09-12 15:01:10,010 - INFO - [1872/1962] https://www.inmobiliariafg.cl/project-single/141/edificio-arturo-prat?srsltid=Af
2026-09-12 15:01:13,617 - INFO -    -> trafilatura (1162 chars)
2026-09-12 15:01:16,508 - INFO - [1873/1962] https://www.constructoraoval.cl/proyectos/una-nueva-era/
2026-09-12 15:01:21,130 - INFO -    -> trafilatura (445 chars)
2026-09-12 15:01:24,013 - INFO - [1874/1962] https://renca.cl/renca-da-un-salto-en-inteligencia-artificial-vota-y-participa/
2026-09-12 15:01:25,801 - INFO -    -> trafilatura (1497 chars)
2026-09-12 15:01:28,148 - INFO - [1875/1962] https://valorarte.cl/condominio-parque-brasil
2026-09-12 15:01:35,321 - INFO -    -> trafilatura (1151 chars)
2026-09-12 15:01:36,978 - INFO - [1876/1962] https://estudiosurbanos.uc.cl/wp-content/uploads/2023/03/PIU-MBM.pdf
2026-09-12 15:01:52,158 - ERROR - parsed tree length: 1, wrong data type or not valid HTML
2026-09-12 15:01:52,164 - ERROR - empty HTML tree: None
2026-09-12 15:01:52,164 - WARNING - discarding data: None
2026-09-12 15:01:53,620 - ERROR - parsed tree length: 1, wrong data type or not valid HTML
2026-09-12 15:01:54,266 - WARNING - Some characters could not be decoded, and were replaced with REPLACEMENT CHARACTER.
2026-09-12 15:01:56,884 - INFO -    -> insuficiente (0 chars)
2026-09-12 15:01:59,522 - INFO - [1877/1962] https://www.facebook.com/meganoticiascl/videos/-una-preocupante-situaci%C3%B3n-v
2026-09-12 15:01:59,995 - WARNING - discarding data: None
2026-09-12 15:02:01,588 - INFO -    -> insuficiente (0 chars)
2026-09-12 15:02:04,579 - INFO - [1878/1962] https://www.youtube.com/watch?v=nr2XdueZ9U8
2026-09-12 15:02:07,222 - WARNING - discarding data: None
2026-09-12 15:02:07,488 - INFO -    -> beautifulsoup (203 chars)
2026-09-12 15:02:10,019 - INFO - [1879/1962] https://renca.cl/unidades-municipales/secretaria-comunal-de-planificacion/prc/
2026-09-12 15:02:13,148 - INFO -    -> trafilatura (28551 chars)
2026-09-12 15:02:15,075 - INFO - [1880/1962] https://www.youtube.com/watch?v=lbZzOcK8D1g
2026-09-12 15:02:16,074 - WARNING - discarding data: None
2026-09-12 15:02:16,332 - INFO -    -> beautifulsoup (203 chars)
2026-09-12 15:02:18,725 - INFO - [1881/1962] https://www.instagram.com/reel/Daolx9UCXAQ/
2026-09-12 15:02:20,665 - WARNING - discarding data: None
2026-09-12 15:02:22,400 - INFO -    -> insuficiente (0 chars)
2026-09-12 15:02:24,587 - INFO - [1882/1962] https://construccionindustrializada.cl/2025/07/24/chincol-innovacion-industriali
2026-09-12 15:02:27,630 - INFO -    -> trafilatura (3941 chars)
2026-09-12 15:02:29,333 - INFO - [1883/1962] https://www.facebook.com/MuniRenca/posts/hace-15-a%C3%B1os-comenz%C3%B3-la-histo
2026-09-12 15:02:30,828 - INFO -    -> http_error_400 (0 chars)
2026-09-12 15:02:33,383 - INFO - [1884/1962] https://bancoestado.enlaceinmobiliario.cl/renca/departamento/nuevo-renca/8924
2026-09-12 15:02:35,082 - INFO -    -> http_error_403 (0 chars)
2026-09-12 15:02:37,737 - INFO - [1885/1962] https://renca.cl/proceso-de-seleccion-jefe-a-de-proyectos/
2026-09-12 15:02:39,731 - INFO -    -> trafilatura (3157 chars)
2026-09-12 15:02:41,520 - INFO - [1886/1962] https://www.facebook.com/MuniRenca/posts/dos-buenas-noticias-para-renca-aprobada
2026-09-12 15:02:41,791 - INFO -    -> http_error_400 (0 chars)
2026-09-12 15:02:43,457 - INFO - [1887/1962] https://www.facebook.com/MuniRenca/posts/alcalde-claudio-castro-se-reuni%C3%B3-c
2026-09-12 15:02:43,795 - INFO -    -> http_error_400 (0 chars)
2026-09-12 15:02:45,884 - INFO - [1888/1962] https://renca.cl/wp-content/uploads/2019/05/190523-Informe-de-inicio-EAE-PRC-Ren
2026-09-12 15:02:47,541 - ERROR - parsed tree length: 1, wrong data type or not valid HTML
2026-09-12 15:02:47,543 - ERROR - empty HTML tree: None
2026-09-12 15:02:47,543 - WARNING - discarding data: None
2026-09-12 15:02:47,688 - ERROR - parsed tree length: 1, wrong data type or not valid HTML
2026-09-12 15:02:47,732 - WARNING - Some characters could not be decoded, and were replaced with REPLACEMENT CHARACTER.
2026-09-12 15:02:47,978 - INFO -    -> insuficiente (0 chars)
2026-09-12 15:02:50,386 - INFO - [1889/1962] https://www.dipres.gob.cl/597/articles-205713_informe_final.pdf
2026-09-12 15:02:53,215 - ERROR - parsed tree length: 1, wrong data type or not valid HTML
2026-09-12 15:02:53,218 - ERROR - empty HTML tree: None
2026-09-12 15:02:53,218 - WARNING - discarding data: None
2026-09-12 15:02:54,113 - ERROR - parsed tree length: 1, wrong data type or not valid HTML
2026-09-12 15:02:54,461 - WARNING - Some characters could not be decoded, and were replaced with REPLACEMENT CHARACTER.
2026-09-12 15:02:56,502 - INFO -    -> insuficiente (0 chars)
2026-09-12 15:02:58,415 - INFO - [1890/1962] https://cl.techo.org/wp-content/uploads/sites/9/2024/06/Habitar-en-dignidad-Resu
2026-09-12 15:03:01,149 - ERROR - parsed tree length: 1, wrong data type or not valid HTML
2026-09-12 15:03:01,151 - ERROR - empty HTML tree: None
2026-09-12 15:03:01,151 - WARNING - discarding data: None
2026-09-12 15:03:01,260 - ERROR - parsed tree length: 1, wrong data type or not valid HTML
2026-09-12 15:03:01,289 - WARNING - Some characters could not be decoded, and were replaced with REPLACEMENT CHARACTER.
2026-09-12 15:03:01,493 - INFO -    -> insuficiente (0 chars)
2026-09-12 15:03:03,243 - INFO - [1891/1962] https://cdn.digital.gob.cl/filer_public/8a/e7/8ae7acf1-230b-45b3-806f-4cd6d4d837
2026-09-12 15:03:04,848 - ERROR - parsed tree length: 1, wrong data type or not valid HTML
2026-09-12 15:03:04,850 - ERROR - empty HTML tree: None
2026-09-12 15:03:04,850 - WARNING - discarding data: None
2026-09-12 15:03:04,979 - ERROR - parsed tree length: 1, wrong data type or not valid HTML
2026-09-12 15:03:05,018 - WARNING - Some characters could not be decoded, and were replaced with REPLACEMENT CHARACTER.
2026-09-12 15:03:05,261 - INFO -    -> insuficiente (0 chars)
2026-09-12 15:03:07,138 - INFO - [1892/1962] https://www.facebook.com/gobiernodechile/posts/primera-piedra-de-200-nuevas-vivi
2026-09-12 15:03:07,387 - INFO -    -> http_error_400 (0 chars)
2026-09-12 15:03:08,989 - INFO - [1893/1962] https://renca.cl/unidades-municipales/
2026-09-12 15:03:14,063 - INFO -    -> trafilatura (75874 chars)
2026-09-12 15:03:15,890 - INFO - [1894/1962] https://www.facebook.com/MinvuChile/posts/200-nuevas-viviendas-para-familias-de-
2026-09-12 15:03:16,253 - INFO -    -> http_error_400 (0 chars)
2026-09-12 15:03:18,790 - INFO - [1895/1962] https://www.facebook.com/meganoticiascl/videos/pol%C3%A9mica-por-viviendas-socia
2026-09-12 15:03:19,710 - WARNING - discarding data: None
2026-09-12 15:03:21,238 - INFO -    -> insuficiente (0 chars)
2026-09-12 15:03:23,915 - INFO - [1896/1962] https://www.scielo.cl/scielo.php?script=sci_arttext&pid=S0718-83582023000300017
2026-09-12 15:03:26,177 - INFO -    -> trafilatura (49412 chars)
2026-09-12 15:03:28,991 - INFO - [1897/1962] https://www.procultura.cl/wp-content/uploads/2023/11/Diagnostico-patrimonial-Ren
2026-09-12 15:03:40,654 - ERROR - parsed tree length: 1, wrong data type or not valid HTML
2026-09-12 15:03:40,678 - ERROR - empty HTML tree: None
2026-09-12 15:03:40,678 - WARNING - discarding data: None
2026-09-12 15:03:47,554 - ERROR - parsed tree length: 1, wrong data type or not valid HTML
2026-09-12 15:03:50,095 - WARNING - Some characters could not be decoded, and were replaced with REPLACEMENT CHARACTER.
2026-09-12 15:04:06,416 - INFO -    -> insuficiente (0 chars)
2026-09-12 15:04:08,624 - INFO - [1898/1962] https://www.facebook.com/trecepy/posts/subsidio-para-la-primera-viviendael-perfi
2026-09-12 15:04:09,037 - INFO -    -> http_error_400 (0 chars)
2026-09-12 15:04:11,129 - INFO - [1899/1962] https://www.instagram.com/p/Cg14cIro1bD/
2026-09-12 15:04:14,532 - WARNING - discarding data: None
2026-09-12 15:04:16,993 - INFO -    -> insuficiente (0 chars)
2026-09-12 15:04:19,074 - INFO - [1900/1962] https://renca.cl/municipio-brinda-apoyo-y-soluciones-en-caso-enel-por-alzas-en-c
2026-09-12 15:04:21,035 - INFO -    -> trafilatura (2128 chars)
2026-09-12 15:04:22,981 - INFO - [1901/1962] https://tribunalambiental.cl/tribunal-ambiental-confirma-infracciones-ambientale
2026-09-12 15:04:26,201 - INFO -    -> trafilatura (5848 chars)
2026-09-12 15:04:29,187 - INFO - [1902/1962] http://www.menayovalle.cl/obras-realizadas/
2026-09-12 15:04:31,300 - INFO -    -> trafilatura (4611 chars)
2026-09-12 15:04:33,550 - INFO - [1903/1962] https://www.mercadopublico.cl/Procurement/Modules/RFB/DetailsAcquisition.aspx?qs
2026-09-12 15:04:36,796 - INFO -    -> trafilatura (3567 chars)
2026-09-12 15:04:38,345 - INFO - [1904/1962] https://www.facebook.com/MuniRenca/posts/desde-la-junta-de-vecinos-de-la-poblaci
2026-09-12 15:04:38,615 - INFO -    -> http_error_400 (0 chars)
2026-09-12 15:04:40,852 - INFO - [1905/1962] https://www.municipalidaddepinto.cl/contacto/
2026-09-12 15:04:42,986 - WARNING - discarding data: None
2026-09-12 15:04:43,565 - INFO -    -> beautifulsoup (300 chars)
2026-09-12 15:04:45,644 - INFO - [1906/1962] https://www.crececontigo.gob.cl/faqs/como-hacer-un-reclamo-yo-sugerencia-en-la-o
2026-09-12 15:04:48,152 - INFO -    -> trafilatura (1235 chars)
2026-09-12 15:04:50,451 - INFO - [1907/1962] https://muevesalud.cl/especialidades/pediatria-en-renca/
2026-09-12 15:04:52,525 - INFO -    -> beautifulsoup (1155 chars)
2026-09-12 15:04:54,595 - INFO - [1908/1962] https://renca.cl/unidades-municipales/direccion-de-obras-municipales/departament
2026-09-12 15:04:56,868 - INFO -    -> trafilatura (3369 chars)
2026-09-12 15:04:59,519 - INFO - [1909/1962] https://www.facebook.com/MuniRenca/posts/no-llames-al-n%C3%BAmero-de-renca-respo
2026-09-12 15:04:59,791 - INFO -    -> http_error_400 (0 chars)
2026-09-12 15:05:02,002 - INFO - [1910/1962] https://renca.cl/unidades-municipales/direccion-de-obras-municipales/
2026-09-12 15:05:04,056 - INFO -    -> trafilatura (1380 chars)
2026-09-12 15:05:06,418 - INFO - [1911/1962] https://www.facebook.com/MuniRenca/videos/inauguraci%C3%B3n-farmacia-comunitaria
2026-09-12 15:05:07,308 - WARNING - discarding data: None
2026-09-12 15:05:09,289 - INFO -    -> insuficiente (0 chars)
2026-09-12 15:05:11,058 - INFO - [1912/1962] https://www.instagram.com/reel/B9zQfzhjblo/
2026-09-12 15:05:11,365 - WARNING - discarding data: None
2026-09-12 15:05:13,540 - INFO -    -> insuficiente (0 chars)
2026-09-12 15:05:15,481 - INFO - [1913/1962] https://www.facebook.com/MuniRenca/posts/audio-escucha-la-entrevista-del-alcalde
2026-09-12 15:05:15,775 - INFO -    -> http_error_400 (0 chars)
2026-09-12 15:05:17,568 - INFO - [1914/1962] https://somosrenca.cl/politicas-de-privacidad
2026-09-12 15:05:20,065 - WARNING - discarding data: None
2026-09-12 15:05:20,094 - INFO -    -> insuficiente (0 chars)
2026-09-12 15:05:22,062 - INFO - [1915/1962] https://www.df.cl/empresas/retail/la-polar-vende-terreno-en-renca-y-se-va-con-su
2026-09-12 15:05:24,275 - INFO -    -> trafilatura (4218 chars)
2026-09-12 15:05:25,791 - INFO - [1916/1962] https://www.aguasandinas.cl/web/aguasandinas/-/aguas-andinas-informa-normal-oper
2026-09-12 15:05:27,823 - WARNING - discarding data: None
2026-09-12 15:05:27,837 - INFO -    -> insuficiente (0 chars)
2026-09-12 15:05:30,573 - INFO - [1917/1962] https://www.youtube.com/watch?v=fT0EftnkVcc
2026-09-12 15:05:31,918 - WARNING - discarding data: None
2026-09-12 15:05:32,075 - INFO -    -> beautifulsoup (203 chars)
2026-09-12 15:05:34,904 - INFO - [1918/1962] https://renca.cl/renca-responde/
2026-09-12 15:05:38,462 - INFO -    -> beautifulsoup (540 chars)
2026-09-12 15:05:40,078 - INFO - [1919/1962] https://snifa.sma.gob.cl/General/Descargar/1104301330
2026-09-12 15:05:49,069 - ERROR - parsed tree length: 1, wrong data type or not valid HTML
2026-09-12 15:05:49,071 - ERROR - empty HTML tree: None
2026-09-12 15:05:49,071 - WARNING - discarding data: None
2026-09-12 15:05:49,481 - ERROR - parsed tree length: 1, wrong data type or not valid HTML
2026-09-12 15:05:49,687 - WARNING - Some characters could not be decoded, and were replaced with REPLACEMENT CHARACTER.
2026-09-12 15:05:51,241 - INFO -    -> insuficiente (0 chars)
2026-09-12 15:05:53,354 - INFO - [1920/1962] https://www.mercadopublico.cl/Procurement/Modules/RFB/DetailsAcquisition.aspx?qs
2026-09-12 15:06:03,832 - INFO -    -> trafilatura (761 chars)
2026-09-12 15:06:05,365 - INFO - [1921/1962] https://www.facebook.com/MuniRenca/posts/alcalde-claudio-castro-particip%C3%B3-e
2026-09-12 15:06:08,680 - INFO -    -> http_error_400 (0 chars)
2026-09-12 15:06:11,017 - INFO - [1922/1962] https://x.com/Muni_Renca/status/1631598151298686978
2026-09-12 15:06:12,482 - WARNING - Error extrayendo https://x.com/Muni_Renca/status/1631598151298686978: HTTPSConnectionPool(host='x.com', port=443): Max retries exceeded with url: /Muni_Renca/status/1631598151298686978 (Caused by NameResolutionError("HTTPSConnection(host='x.com', port=443): Failed to resolve 'x.com' ([Errno 11001] getaddrinfo failed)"))
2026-09-12 15:06:12,832 - INFO -    -> error (0 chars)
2026-09-12 15:06:14,377 - INFO - [1923/1962] https://www.biobiochile.cl/noticias/nacional/region-metropolitana/2021/12/06/apa
2026-09-12 15:06:20,859 - INFO -    -> trafilatura (3965 chars)
2026-09-12 15:06:23,663 - INFO - [1924/1962] https://www.instagram.com/p/C1XOF0vMtUt/
2026-09-12 15:06:27,008 - WARNING - discarding data: None
2026-09-12 15:06:30,114 - INFO -    -> insuficiente (0 chars)
2026-09-12 15:06:32,860 - INFO - [1925/1962] https://www.facebook.com/MuniRenca/videos/tutorial-rencat/245192827977461/
2026-09-12 15:06:33,721 - WARNING - discarding data: None
2026-09-12 15:06:36,326 - INFO -    -> insuficiente (0 chars)
2026-09-12 15:06:38,478 - INFO - [1926/1962] https://www.instagram.com/reel/CzgnABrr9xk/
2026-09-12 15:06:38,871 - WARNING - discarding data: None
2026-09-12 15:06:41,367 - INFO -    -> insuficiente (0 chars)
2026-09-12 15:06:43,347 - INFO - [1927/1962] https://www.facebook.com/MuniRenca/posts/tu-opini%C3%B3n-nos-importa-recuerda-qu
2026-09-12 15:06:43,822 - INFO -    -> http_error_400 (0 chars)
2026-09-12 15:06:45,466 - INFO - [1928/1962] https://www.cooperativa.cl/noticias/pais/transportes/metro/talleres-de-la-linea-
2026-09-12 15:06:48,131 - INFO -    -> trafilatura (1763 chars)
2026-09-12 15:06:50,744 - INFO - [1929/1962] https://www.facebook.com/MuniRenca/posts/buenas-noticias-para-renca-hoy-el-alcal
2026-09-12 15:06:51,101 - INFO -    -> http_error_400 (0 chars)
2026-09-12 15:06:53,867 - INFO - [1930/1962] https://www.facebook.com/EmbajadaSuizaSantiago/posts/reuni%C3%B3n-con-la-municip
2026-09-12 15:06:54,231 - INFO -    -> http_error_400 (0 chars)
2026-09-12 15:06:56,804 - INFO - [1931/1962] https://www.facebook.com/MinvuChile/posts/peque%C3%B1os-condominios-es-una-de-nu
2026-09-12 15:06:57,183 - INFO -    -> http_error_400 (0 chars)
2026-09-12 15:07:00,063 - INFO - [1932/1962] https://www.latercera.com/pulso/las-inversiones-inmobiliarias-leonidas-vial/
2026-09-12 15:07:03,218 - INFO -    -> trafilatura (4198 chars)
2026-09-12 15:07:05,465 - INFO - [1933/1962] https://www.facebook.com/MuniRenca/posts/terminamos-el-a%C3%B1o-con-excelentes-n
2026-09-12 15:07:05,767 - INFO -    -> http_error_400 (0 chars)
2026-09-12 15:07:08,003 - INFO - [1934/1962] https://eldiarioinmobiliario.cl/sin-categoria/ministro-montes-entrega-llaves-a-f
2026-09-12 15:07:11,066 - INFO -    -> trafilatura (5762 chars)
2026-09-12 15:07:13,499 - INFO - [1935/1962] https://www.facebook.com/100057701246733/posts/miles-de-personas-fueron-desaloja
2026-09-12 15:07:13,727 - INFO -    -> http_error_400 (0 chars)
2026-09-12 15:07:15,485 - INFO - [1936/1962] https://www.bcn.cl/leychile/navegar?idNorma=1199304
2026-09-12 15:07:17,326 - WARNING - discarding data: None
2026-09-12 15:07:17,573 - INFO -    -> insuficiente (189 chars)
2026-09-12 15:07:19,640 - INFO - [1937/1962] https://www.facebook.com/serviumaule/posts/-un-nuevo-barrio-para-talca-villa-rib
2026-09-12 15:07:19,932 - INFO -    -> http_error_400 (0 chars)
2026-09-12 15:07:22,784 - INFO - [1938/1962] https://www.facebook.com/teletrece/posts/en-renca-decenas-de-vecinos-denuncian-f
2026-09-12 15:07:23,302 - INFO -    -> http_error_400 (0 chars)
2026-09-12 15:07:26,084 - INFO - [1939/1962] https://firma.sea.gob.cl/publicaciones/2026/04/02/1775133745_2168182995
2026-09-12 15:07:29,112 - ERROR - parsed tree length: 1, wrong data type or not valid HTML
2026-09-12 15:07:29,112 - ERROR - empty HTML tree: None
2026-09-12 15:07:29,112 - WARNING - discarding data: None
2026-09-12 15:07:29,168 - ERROR - parsed tree length: 1, wrong data type or not valid HTML
2026-09-12 15:07:29,190 - WARNING - Some characters could not be decoded, and were replaced with REPLACEMENT CHARACTER.
2026-09-12 15:07:29,418 - INFO -    -> insuficiente (0 chars)
2026-09-12 15:07:31,803 - INFO - [1940/1962] https://www.instagram.com/p/DXKRYE1ks-e/
2026-09-12 15:07:32,156 - WARNING - discarding data: None
2026-09-12 15:07:34,690 - INFO -    -> insuficiente (0 chars)
2026-09-12 15:07:37,101 - INFO - [1941/1962] https://www.facebook.com/MuniRenca/posts/gran-noticia-para-la-comunidad-organiza
2026-09-12 15:07:37,375 - INFO -    -> http_error_400 (0 chars)
2026-09-12 15:07:39,147 - INFO - [1942/1962] https://www.instagram.com/reel/DTbJdVHihxj/
2026-09-12 15:07:39,472 - WARNING - discarding data: None
2026-09-12 15:07:41,577 - INFO -    -> insuficiente (0 chars)
2026-09-12 15:07:44,507 - INFO - [1943/1962] https://www.instagram.com/p/DWoZvWdFQZc/
2026-09-12 15:07:44,913 - WARNING - discarding data: None
2026-09-12 15:07:47,098 - INFO -    -> insuficiente (0 chars)
2026-09-12 15:07:49,500 - INFO - [1944/1962] https://tribunalambiental.cl/sentencia-confirmo-aprobacion-ambiental-de-proyecto
2026-09-12 15:07:53,322 - INFO -    -> trafilatura (5228 chars)
2026-09-12 15:07:55,337 - INFO - [1945/1962] https://www.facebook.com/municipalidad.d.chillan/posts/inaugurada-casa-piloto-de
2026-09-12 15:07:55,615 - INFO -    -> http_error_400 (0 chars)
2026-09-12 15:07:57,998 - INFO - [1946/1962] https://www.df.cl/empresas/infraestructura-inmobiliaria/ampliacion-del-radio-urb
2026-09-12 15:08:00,172 - INFO -    -> trafilatura (6565 chars)
2026-09-12 15:08:02,741 - INFO - [1947/1962] https://www.munistgo.cl/tag/catastro/
2026-09-12 15:08:08,024 - WARNING - discarding data: None
2026-09-12 15:08:11,839 - INFO -    -> beautifulsoup (84519 chars)
2026-09-12 15:08:13,706 - INFO - [1948/1962] https://www.sename.cl/web/wp-content/uploads/2015/10/BGI_2016_SENAME.pdf
2026-09-12 15:08:18,268 - ERROR - parsed tree length: 1, wrong data type or not valid HTML
2026-09-12 15:08:18,271 - ERROR - empty HTML tree: None
2026-09-12 15:08:18,271 - WARNING - discarding data: None
2026-09-12 15:08:18,721 - ERROR - parsed tree length: 1, wrong data type or not valid HTML
2026-09-12 15:08:19,041 - WARNING - Some characters could not be decoded, and were replaced with REPLACEMENT CHARACTER.
2026-09-12 15:08:21,188 - INFO -    -> insuficiente (0 chars)
2026-09-12 15:08:22,944 - INFO - [1949/1962] https://www.facebook.com/munimaipu/posts/maipuunidocontraelcoronavirushoy-nuestr
2026-09-12 15:08:23,241 - INFO -    -> http_error_400 (0 chars)
2026-09-12 15:08:26,214 - INFO - [1950/1962] https://www.facebook.com/MuniRenca/posts/hoy-en-cartas-al-director-de-el-mercuri
2026-09-12 15:08:26,494 - INFO -    -> http_error_400 (0 chars)
2026-09-12 15:08:28,820 - INFO - [1951/1962] https://www.facebook.com/contraloriacl/posts/la-ley-20422-estipula-que-cada-edif
2026-09-12 15:08:29,144 - INFO -    -> http_error_400 (0 chars)
2026-09-12 15:08:31,676 - INFO - [1952/1962] https://www.munistgo.cl/tag/consulta-ciudadana/
2026-09-12 15:08:37,161 - WARNING - discarding data: None
2026-09-12 15:08:41,025 - INFO -    -> beautifulsoup (84553 chars)
2026-09-12 15:08:43,522 - INFO - [1953/1962] http://www.dipres.cl/598/articles-272709_doc_pdf.pdf
2026-09-12 15:08:46,560 - ERROR - parsed tree length: 1, wrong data type or not valid HTML
2026-09-12 15:08:46,563 - ERROR - empty HTML tree: None
2026-09-12 15:08:46,563 - WARNING - discarding data: None
2026-09-12 15:08:47,681 - ERROR - parsed tree length: 1, wrong data type or not valid HTML
2026-09-12 15:08:48,110 - WARNING - Some characters could not be decoded, and were replaced with REPLACEMENT CHARACTER.
2026-09-12 15:08:51,114 - INFO -    -> insuficiente (0 chars)
2026-09-12 15:08:52,919 - INFO - [1954/1962] https://www.instagram.com/p/DMJPVmlgc5T/
2026-09-12 15:08:53,349 - WARNING - discarding data: None
2026-09-12 15:08:55,493 - INFO -    -> insuficiente (0 chars)
2026-09-12 15:08:57,185 - INFO - [1955/1962] https://www.facebook.com/MuniRenca/posts/lanzamos-nuevo-canal-de-denuncias-%EF%B
2026-09-12 15:08:57,402 - INFO -    -> http_error_400 (0 chars)
2026-09-12 15:08:58,993 - INFO - [1956/1962] https://www.facebook.com/pauta.cl/posts/revi-ya-est%C3%A1-funcionando-en-la-muni
2026-09-12 15:08:59,223 - INFO -    -> http_error_400 (0 chars)
2026-09-12 15:09:01,017 - INFO - [1957/1962] https://www.facebook.com/radionostalgica/posts/-contralor%C3%ADa-inicia-dos-suma
2026-09-12 15:09:01,260 - INFO -    -> http_error_400 (0 chars)
2026-09-12 15:09:02,987 - INFO - [1958/1962] https://www.facebook.com/groups/1676990972815138/posts/2102384050275826/
2026-09-12 15:09:03,195 - INFO -    -> http_error_400 (0 chars)
2026-09-12 15:09:04,926 - INFO - [1959/1962] https://www.facebook.com/redcoquimbotvn/posts/irregularidades-en-municipio-seren
2026-09-12 15:09:05,185 - INFO -    -> http_error_400 (0 chars)
2026-09-12 15:09:07,875 - INFO - [1960/1962] https://renca.cl/wp-content/uploads/2026/04/CUENTA_PUBLICA_2025.pdf
2026-09-12 15:09:11,297 - ERROR - parsed tree length: 1, wrong data type or not valid HTML
2026-09-12 15:09:11,300 - ERROR - empty HTML tree: None
2026-09-12 15:09:11,301 - WARNING - discarding data: None
2026-09-12 15:09:12,115 - ERROR - parsed tree length: 1, wrong data type or not valid HTML
2026-09-12 15:09:12,428 - WARNING - Some characters could not be decoded, and were replaced with REPLACEMENT CHARACTER.
2026-09-12 15:09:14,184 - INFO -    -> insuficiente (0 chars)
2026-09-12 15:09:16,248 - INFO - [1961/1962] https://www.instagram.com/reel/DJSYaOuPrre/
2026-09-12 15:09:18,065 - WARNING - discarding data: None
2026-09-12 15:09:20,039 - INFO -    -> insuficiente (0 chars)
2026-09-12 15:09:22,002 - INFO - [1962/1962] https://www.facebook.com/canaltvrchile/posts/emeterio-denunci%C3%B3-una-grave-si
2026-09-12 15:09:22,320 - INFO -    -> http_error_400 (0 chars)
2026-09-12 15:09:24,074 - INFO - Estadisticas: {'trafilatura': 768, 'beautifulsoup': 70, 'insuficiente': 549, 'error': 27, 'http_error': 548}
