sheet,metric,tipo_vivienda,region,comuna,year,value,source
número_total,unidades,total,Metropolitana,Santiago,2002,3282,minvu_permisos_viviendas_unidades_superficie_ano_comuna.download
número_total,unidades,total,Metropolitana,Santiago,2003,5009,minvu_permisos_viviendas_unidades_superficie_ano_comuna.download
número_total,unidades,total,Metropolitana,Santiago,2004,8901,minvu_permisos_viviendas_unidades_superficie_ano_comuna.download
número_total,unidades,total,Metropolitana,Santiago,2005,11956,minvu_permisos_viviendas_unidades_superficie_ano_comuna.download
número_total,unidades,total,Metropolitana,Santiago,2006,15728,minvu_permisos_viviendas_unidades_superficie_ano_comuna.download
número_total,unidades,total,Metropolitana,Santiago,2007,11785,minvu_permisos_viviendas_unidades_superficie_ano_comuna.download
número_total,unidades,total,Metropolitana,Santiago,2008,17449,minvu_permisos_viviendas_unidades_superficie_ano_comuna.download
número_total,unidades,total,Metropolitana,Santiago,2009,15920,minvu_permisos_viviendas_unidades_superficie_ano_comuna.download
número_total,unidades,total,Metropolitana,Santiago,2010,1982,minvu_permisos_viviendas_unidades_superficie_ano_comuna.download
número_total,unidades,total,Metropolitana,Santiago,2011,6242,minvu_permisos_viviendas_unidades_superficie_ano_comuna.download
número_total,unidades,total,Metropolitana,Santiago,2012,2747,minvu_permisos_viviendas_unidades_superficie_ano_comuna.download
número_total,unidades,total,Metropolitana,Santiago,2013,7171,minvu_permisos_viviendas_unidades_superficie_ano_comuna.download
número_total,unidades,total,Metropolitana,Santiago,2014,11208,minvu_permisos_viviendas_unidades_superficie_ano_comuna.download
número_total,unidades,total,Metropolitana,Santiago,2015,4579,minvu_permisos_viviendas_unidades_superficie_ano_comuna.download
número_total,unidades,total,Metropolitana,Santiago,2016,7887,minvu_permisos_viviendas_unidades_superficie_ano_comuna.download
número_total,unidades,total,Metropolitana,Santiago,2017,5506,minvu_permisos_viviendas_unidades_superficie_ano_comuna.download
número_total,unidades,total,Metropolitana,Santiago,2019,9562,minvu_permisos_viviendas_unidades_superficie_ano_comuna.download
número_total,unidades,total,Metropolitana,Santiago,2020,8969,minvu_permisos_viviendas_unidades_superficie_ano_comuna.download
número_total,unidades,total,Metropolitana,Santiago,2021,10270,minvu_permisos_viviendas_unidades_superficie_ano_comuna.download
número_total,unidades,total,Metropolitana,Santiago,2022,6029,minvu_permisos_viviendas_unidades_superficie_ano_comuna.download
número_total,unidades,total,Metropolitana,Santiago,2023,4949,minvu_permisos_viviendas_unidades_superficie_ano_comuna.download
número_total,unidades,total,Metropolitana,Santiago,2026,1,minvu_permisos_viviendas_unidades_superficie_ano_comuna.download
número_total,unidades,total,Metropolitana,Cerrillos,2002,270,minvu_permisos_viviendas_unidades_superficie_ano_comuna.download
número_total,unidades,total,Metropolitana,Cerrillos,2003,149,minvu_permisos_viviendas_unidades_superficie_ano_comuna.download
número_total,unidades,total,Metropolitana,Cerrillos,2004,1020,minvu_permisos_viviendas_unidades_superficie_ano_comuna.download
número_total,unidades,total,Metropolitana,Cerrillos,2005,852,minvu_permisos_viviendas_unidades_superficie_ano_comuna.download
número_total,unidades,total,Metropolitana,Cerrillos,2006,392,minvu_permisos_viviendas_unidades_superficie_ano_comuna.download
número_total,unidades,total,Metropolitana,Cerrillos,2007,522,minvu_permisos_viviendas_unidades_superficie_ano_comuna.download
número_total,unidades,total,Metropolitana,Cerrillos,2008,1151,minvu_permisos_viviendas_unidades_superficie_ano_comuna.download
número_total,unidades,total,Metropolitana,Cerrillos,2009,322,minvu_permisos_viviendas_unidades_superficie_ano_comuna.download
número_total,unidades,total,Metropolitana,Cerrillos,2010,338,minvu_permisos_viviendas_unidades_superficie_ano_comuna.download
número_total,unidades,total,Metropolitana,Cerrillos,2011,262,minvu_permisos_viviendas_unidades_superficie_ano_comuna.download
número_total,unidades,total,Metropolitana,Cerrillos,2012,1290,minvu_permisos_viviendas_unidades_superficie_ano_comuna.download
número_total,unidades,total,Metropolitana,Cerrillos,2013,6,minvu_permisos_viviendas_unidades_superficie_ano_comuna.download
número_total,unidades,total,Metropolitana,Cerrillos,2014,589,minvu_permisos_viviendas_unidades_superficie_ano_comuna.download
número_total,unidades,total,Metropolitana,Cerrillos,2015,1204,minvu_permisos_viviendas_unidades_superficie_ano_comuna.download
número_total,unidades,total,Metropolitana,Cerrillos,2016,16,minvu_permisos_viviendas_unidades_superficie_ano_comuna.download
número_total,unidades,total,Metropolitana,Cerrillos,2017,155,minvu_permisos_viviendas_unidades_superficie_ano_comuna.download
número_total,unidades,total,Metropolitana,Cerrillos,2019,2398,minvu_permisos_viviendas_unidades_superficie_ano_comuna.download
número_total,unidades,total,Metropolitana,Cerrillos,2020,1960,minvu_permisos_viviendas_unidades_superficie_ano_comuna.download
número_total,unidades,total,Metropolitana,Cerrillos,2021,3552,minvu_permisos_viviendas_unidades_superficie_ano_comuna.download
número_total,unidades,total,Metropolitana,Cerrillos,2022,2993,minvu_permisos_viviendas_unidades_superficie_ano_comuna.download
número_total,unidades,total,Metropolitana,Cerrillos,2023,689,minvu_permisos_viviendas_unidades_superficie_ano_comuna.download
número_total,unidades,total,Metropolitana,Cerrillos,2026,2,minvu_permisos_viviendas_unidades_superficie_ano_comuna.download
número_total,unidades,total,Metropolitana,Cerro Navia,2002,105,minvu_permisos_viviendas_unidades_superficie_ano_comuna.download
número_total,unidades,total,Metropolitana,Cerro Navia,2003,133,minvu_permisos_viviendas_unidades_superficie_ano_comuna.download
número_total,unidades,total,Metropolitana,Cerro Navia,2004,182,minvu_permisos_viviendas_unidades_superficie_ano_comuna.download
número_total,unidades,total,Metropolitana,Cerro Navia,2005,114,minvu_permisos_viviendas_unidades_superficie_ano_comuna.download
número_total,unidades,total,Metropolitana,Cerro Navia,2006,100,minvu_permisos_viviendas_unidades_superficie_ano_comuna.download
número_total,unidades,total,Metropolitana,Cerro Navia,2007,195,minvu_permisos_viviendas_unidades_superficie_ano_comuna.download
número_total,unidades,total,Metropolitana,Cerro Navia,2008,114,minvu_permisos_viviendas_unidades_superficie_ano_comuna.download
número_total,unidades,total,Metropolitana,Cerro Navia,2009,644,minvu_permisos_viviendas_unidades_superficie_ano_comuna.download
número_total,unidades,total,Metropolitana,Cerro Navia,2010,1412,minvu_permisos_viviendas_unidades_superficie_ano_comuna.download
número_total,unidades,total,Metropolitana,Cerro Navia,2011,33,minvu_permisos_viviendas_unidades_superficie_ano_comuna.download
número_total,unidades,total,Metropolitana,Cerro Navia,2012,49,minvu_permisos_viviendas_unidades_superficie_ano_comuna.download
número_total,unidades,total,Metropolitana,Cerro Navia,2013,101,minvu_permisos_viviendas_unidades_superficie_ano_comuna.download
número_total,unidades,total,Metropolitana,Cerro Navia,2014,800,minvu_permisos_viviendas_unidades_superficie_ano_comuna.download
número_total,unidades,total,Metropolitana,Cerro Navia,2015,100,minvu_permisos_viviendas_unidades_superficie_ano_comuna.download
número_total,unidades,total,Metropolitana,Cerro Navia,2016,182,minvu_permisos_viviendas_unidades_superficie_ano_comuna.download
número_total,unidades,total,Metropolitana,Cerro Navia,2017,330,minvu_permisos_viviendas_unidades_superficie_ano_comuna.download
número_total,unidades,total,Metropolitana,Cerro Navia,2019,65,minvu_permisos_viviendas_unidades_superficie_ano_comuna.download
número_total,unidades,total,Metropolitana,Cerro Navia,2020,94,minvu_permisos_viviendas_unidades_superficie_ano_comuna.download
número_total,unidades,total,Metropolitana,Cerro Navia,2021,1652,minvu_permisos_viviendas_unidades_superficie_ano_comuna.download
número_total,unidades,total,Metropolitana,Cerro Navia,2022,112,minvu_permisos_viviendas_unidades_superficie_ano_comuna.download
número_total,unidades,total,Metropolitana,Cerro Navia,2023,72,minvu_permisos_viviendas_unidades_superficie_ano_comuna.download
número_total,unidades,total,Metropolitana,Cerro Navia,2026,4,minvu_permisos_viviendas_unidades_superficie_ano_comuna.download
número_total,unidades,total,Metropolitana,Conchalí,2002,15,minvu_permisos_viviendas_unidades_superficie_ano_comuna.download
número_total,unidades,total,Metropolitana,Conchalí,2003,18,minvu_permisos_viviendas_unidades_superficie_ano_comuna.download
número_total,unidades,total,Metropolitana,Conchalí,2004,33,minvu_permisos_viviendas_unidades_superficie_ano_comuna.download
número_total,unidades,total,Metropolitana,Conchalí,2005,310,minvu_permisos_viviendas_unidades_superficie_ano_comuna.download
número_total,unidades,total,Metropolitana,Conchalí,2006,454,minvu_permisos_viviendas_unidades_superficie_ano_comuna.download
número_total,unidades,total,Metropolitana,Conchalí,2007,550,minvu_permisos_viviendas_unidades_superficie_ano_comuna.download
número_total,unidades,total,Metropolitana,Conchalí,2008,167,minvu_permisos_viviendas_unidades_superficie_ano_comuna.download
número_total,unidades,total,Metropolitana,Conchalí,2009,640,minvu_permisos_viviendas_unidades_superficie_ano_comuna.download
número_total,unidades,total,Metropolitana,Conchalí,2010,106,minvu_permisos_viviendas_unidades_superficie_ano_comuna.download
número_total,unidades,total,Metropolitana,Conchalí,2011,263,minvu_permisos_viviendas_unidades_superficie_ano_comuna.download
número_total,unidades,total,Metropolitana,Conchalí,2012,88,minvu_permisos_viviendas_unidades_superficie_ano_comuna.download
número_total,unidades,total,Metropolitana,Conchalí,2013,32,minvu_permisos_viviendas_unidades_superficie_ano_comuna.download
número_total,unidades,total,Metropolitana,Conchalí,2014,1045,minvu_permisos_viviendas_unidades_superficie_ano_comuna.download
número_total,unidades,total,Metropolitana,Conchalí,2015,137,minvu_permisos_viviendas_unidades_superficie_ano_comuna.download
número_total,unidades,total,Metropolitana,Conchalí,2016,73,minvu_permisos_viviendas_unidades_superficie_ano_comuna.download
número_total,unidades,total,Metropolitana,Conchalí,2017,97,minvu_permisos_viviendas_unidades_superficie_ano_comuna.download
número_total,unidades,total,Metropolitana,Conchalí,2019,303,minvu_permisos_viviendas_unidades_superficie_ano_comuna.download
número_total,unidades,total,Metropolitana,Conchalí,2020,592,minvu_permisos_viviendas_unidades_superficie_ano_comuna.download
número_total,unidades,total,Metropolitana,Conchalí,2021,412,minvu_permisos_viviendas_unidades_superficie_ano_comuna.download
número_total,unidades,total,Metropolitana,Conchalí,2022,1063,minvu_permisos_viviendas_unidades_superficie_ano_comuna.download
número_total,unidades,total,Metropolitana,Conchalí,2023,236,minvu_permisos_viviendas_unidades_superficie_ano_comuna.download
número_total,unidades,total,Metropolitana,Conchalí,2026,0,minvu_permisos_viviendas_unidades_superficie_ano_comuna.download
número_total,unidades,total,Metropolitana,El Bosque,2002,396,minvu_permisos_viviendas_unidades_superficie_ano_comuna.download
número_total,unidades,total,Metropolitana,El Bosque,2003,357,minvu_permisos_viviendas_unidades_superficie_ano_comuna.download
número_total,unidades,total,Metropolitana,El Bosque,2004,144,minvu_permisos_viviendas_unidades_superficie_ano_comuna.download
número_total,unidades,total,Metropolitana,El Bosque,2005,253,minvu_permisos_viviendas_unidades_superficie_ano_comuna.download
número_total,unidades,total,Metropolitana,El Bosque,2006,219,minvu_permisos_viviendas_unidades_superficie_ano_comuna.download
número_total,unidades,total,Metropolitana,El Bosque,2007,237,minvu_permisos_viviendas_unidades_superficie_ano_comuna.download
número_total,unidades,total,Metropolitana,El Bosque,2008,153,minvu_permisos_viviendas_unidades_superficie_ano_comuna.download
número_total,unidades,total,Metropolitana,El Bosque,2009,311,minvu_permisos_viviendas_unidades_superficie_ano_comuna.download
número_total,unidades,total,Metropolitana,El Bosque,2010,635,minvu_permisos_viviendas_unidades_superficie_ano_comuna.download
número_total,unidades,total,Metropolitana,El Bosque,2011,654,minvu_permisos_viviendas_unidades_superficie_ano_comuna.download
número_total,unidades,total,Metropolitana,El Bosque,2012,18,minvu_permisos_viviendas_unidades_superficie_ano_comuna.download
número_total,unidades,total,Metropolitana,El Bosque,2013,59,minvu_permisos_viviendas_unidades_superficie_ano_comuna.download
número_total,unidades,total,Metropolitana,El Bosque,2014,353,minvu_permisos_viviendas_unidades_superficie_ano_comuna.download
número_total,unidades,total,Metropolitana,El Bosque,2015,204,minvu_permisos_viviendas_unidades_superficie_ano_comuna.download
número_total,unidades,total,Metropolitana,El Bosque,2016,1048,minvu_permisos_viviendas_unidades_superficie_ano_comuna.download
número_total,unidades,total,Metropolitana,El Bosque,2017,176,minvu_permisos_viviendas_unidades_superficie_ano_comuna.download
número_total,unidades,total,Metropolitana,El Bosque,2019,58,minvu_permisos_viviendas_unidades_superficie_ano_comuna.download
número_total,unidades,total,Metropolitana,El Bosque,2020,162,minvu_permisos_viviendas_unidades_superficie_ano_comuna.download
número_total,unidades,total,Metropolitana,El Bosque,2021,530,minvu_permisos_viviendas_unidades_superficie_ano_comuna.download
número_total,unidades,total,Metropolitana,El Bosque,2022,19,minvu_permisos_viviendas_unidades_superficie_ano_comuna.download
número_total,unidades,total,Metropolitana,El Bosque,2023,641,minvu_permisos_viviendas_unidades_superficie_ano_comuna.download
número_total,unidades,total,Metropolitana,El Bosque,2026,1,minvu_permisos_viviendas_unidades_superficie_ano_comuna.download
número_total,unidades,total,Metropolitana,Estación Central,2002,24,minvu_permisos_viviendas_unidades_superficie_ano_comuna.download
número_total,unidades,total,Metropolitana,Estación Central,2003,182,minvu_permisos_viviendas_unidades_superficie_ano_comuna.download
número_total,unidades,total,Metropolitana,Estación Central,2004,216,minvu_permisos_viviendas_unidades_superficie_ano_comuna.download
número_total,unidades,total,Metropolitana,Estación Central,2005,160,minvu_permisos_viviendas_unidades_superficie_ano_comuna.download
número_total,unidades,total,Metropolitana,Estación Central,2006,678,minvu_permisos_viviendas_unidades_superficie_ano_comuna.download
número_total,unidades,total,Metropolitana,Estación Central,2007,471,minvu_permisos_viviendas_unidades_superficie_ano_comuna.download
número_total,unidades,total,Metropolitana,Estación Central,2008,2821,minvu_permisos_viviendas_unidades_superficie_ano_comuna.download
número_total,unidades,total,Metropolitana,Estación Central,2009,1226,minvu_permisos_viviendas_unidades_superficie_ano_comuna.download
número_total,unidades,total,Metropolitana,Estación Central,2010,344,minvu_permisos_viviendas_unidades_superficie_ano_comuna.download
número_total,unidades,total,Metropolitana,Estación Central,2011,1281,minvu_permisos_viviendas_unidades_superficie_ano_comuna.download
número_total,unidades,total,Metropolitana,Estación Central,2012,2610,minvu_permisos_viviendas_unidades_superficie_ano_comuna.download
número_total,unidades,total,Metropolitana,Estación Central,2013,2182,minvu_permisos_viviendas_unidades_superficie_ano_comuna.download
número_total,unidades,total,Metropolitana,Estación Central,2014,7765,minvu_permisos_viviendas_unidades_superficie_ano_comuna.download
número_total,unidades,total,Metropolitana,Estación Central,2015,11380,minvu_permisos_viviendas_unidades_superficie_ano_comuna.download
número_total,unidades,total,Metropolitana,Estación Central,2016,11086,minvu_permisos_viviendas_unidades_superficie_ano_comuna.download
número_total,unidades,total,Metropolitana,Estación Central,2017,4347,minvu_permisos_viviendas_unidades_superficie_ano_comuna.download
número_total,unidades,total,Metropolitana,Estación Central,2019,2284,minvu_permisos_viviendas_unidades_superficie_ano_comuna.download
número_total,unidades,total,Metropolitana,Estación Central,2020,641,minvu_permisos_viviendas_unidades_superficie_ano_comuna.download
número_total,unidades,total,Metropolitana,Estación Central,2021,1690,minvu_permisos_viviendas_unidades_superficie_ano_comuna.download
número_total,unidades,total,Metropolitana,Estación Central,2022,1383,minvu_permisos_viviendas_unidades_superficie_ano_comuna.download
número_total,unidades,total,Metropolitana,Estación Central,2023,106,minvu_permisos_viviendas_unidades_superficie_ano_comuna.download
número_total,unidades,total,Metropolitana,Estación Central,2026,50,minvu_permisos_viviendas_unidades_superficie_ano_comuna.download
número_total,unidades,total,Metropolitana,Huechuraba,2002,462,minvu_permisos_viviendas_unidades_superficie_ano_comuna.download
número_total,unidades,total,Metropolitana,Huechuraba,2003,783,minvu_permisos_viviendas_unidades_superficie_ano_comuna.download
número_total,unidades,total,Metropolitana,Huechuraba,2004,1009,minvu_permisos_viviendas_unidades_superficie_ano_comuna.download
número_total,unidades,total,Metropolitana,Huechuraba,2005,1108,minvu_permisos_viviendas_unidades_superficie_ano_comuna.download
número_total,unidades,total,Metropolitana,Huechuraba,2006,973,minvu_permisos_viviendas_unidades_superficie_ano_comuna.download
número_total,unidades,total,Metropolitana,Huechuraba,2007,617,minvu_permisos_viviendas_unidades_superficie_ano_comuna.download
número_total,unidades,total,Metropolitana,Huechuraba,2008,297,minvu_permisos_viviendas_unidades_superficie_ano_comuna.download
número_total,unidades,total,Metropolitana,Huechuraba,2009,209,minvu_permisos_viviendas_unidades_superficie_ano_comuna.download
número_total,unidades,total,Metropolitana,Huechuraba,2010,714,minvu_permisos_viviendas_unidades_superficie_ano_comuna.download
número_total,unidades,total,Metropolitana,Huechuraba,2011,406,minvu_permisos_viviendas_unidades_superficie_ano_comuna.download
número_total,unidades,total,Metropolitana,Huechuraba,2012,1519,minvu_permisos_viviendas_unidades_superficie_ano_comuna.download
número_total,unidades,total,Metropolitana,Huechuraba,2013,306,minvu_permisos_viviendas_unidades_superficie_ano_comuna.download
número_total,unidades,total,Metropolitana,Huechuraba,2014,410,minvu_permisos_viviendas_unidades_superficie_ano_comuna.download
número_total,unidades,total,Metropolitana,Huechuraba,2015,1746,minvu_permisos_viviendas_unidades_superficie_ano_comuna.download
número_total,unidades,total,Metropolitana,Huechuraba,2016,259,minvu_permisos_viviendas_unidades_superficie_ano_comuna.download
número_total,unidades,total,Metropolitana,Huechuraba,2017,369,minvu_permisos_viviendas_unidades_superficie_ano_comuna.download
número_total,unidades,total,Metropolitana,Huechuraba,2019,220,minvu_permisos_viviendas_unidades_superficie_ano_comuna.download
número_total,unidades,total,Metropolitana,Huechuraba,2020,1590,minvu_permisos_viviendas_unidades_superficie_ano_comuna.download
número_total,unidades,total,Metropolitana,Huechuraba,2021,587,minvu_permisos_viviendas_unidades_superficie_ano_comuna.download
número_total,unidades,total,Metropolitana,Huechuraba,2022,1523,minvu_permisos_viviendas_unidades_superficie_ano_comuna.download
número_total,unidades,total,Metropolitana,Huechuraba,2023,993,minvu_permisos_viviendas_unidades_superficie_ano_comuna.download
número_total,unidades,total,Metropolitana,Huechuraba,2026,220,minvu_permisos_viviendas_unidades_superficie_ano_comuna.download
número_total,unidades,total,Metropolitana,Independencia,2002,252,minvu_permisos_viviendas_unidades_superficie_ano_comuna.download
número_total,unidades,total,Metropolitana,Independencia,2003,747,minvu_permisos_viviendas_unidades_superficie_ano_comuna.download
número_total,unidades,total,Metropolitana,Independencia,2004,449,minvu_permisos_viviendas_unidades_superficie_ano_comuna.download
número_total,unidades,total,Metropolitana,Independencia,2005,799,minvu_permisos_viviendas_unidades_superficie_ano_comuna.download
número_total,unidades,total,Metropolitana,Independencia,2006,1040,minvu_permisos_viviendas_unidades_superficie_ano_comuna.download
número_total,unidades,total,Metropolitana,Independencia,2007,985,minvu_permisos_viviendas_unidades_superficie_ano_comuna.download
número_total,unidades,total,Metropolitana,Independencia,2008,544,minvu_permisos_viviendas_unidades_superficie_ano_comuna.download
número_total,unidades,total,Metropolitana,Independencia,2009,29,minvu_permisos_viviendas_unidades_superficie_ano_comuna.download
número_total,unidades,total,Metropolitana,Independencia,2010,819,minvu_permisos_viviendas_unidades_superficie_ano_comuna.download
número_total,unidades,total,Metropolitana,Independencia,2011,726,minvu_permisos_viviendas_unidades_superficie_ano_comuna.download
número_total,unidades,total,Metropolitana,Independencia,2012,2905,minvu_permisos_viviendas_unidades_superficie_ano_comuna.download
número_total,unidades,total,Metropolitana,Independencia,2013,2728,minvu_permisos_viviendas_unidades_superficie_ano_comuna.download
número_total,unidades,total,Metropolitana,Independencia,2014,4258,minvu_permisos_viviendas_unidades_superficie_ano_comuna.download
número_total,unidades,total,Metropolitana,Independencia,2015,5130,minvu_permisos_viviendas_unidades_superficie_ano_comuna.download
número_total,unidades,total,Metropolitana,Independencia,2016,3617,minvu_permisos_viviendas_unidades_superficie_ano_comuna.download
número_total,unidades,total,Metropolitana,Independencia,2017,46,minvu_permisos_viviendas_unidades_superficie_ano_comuna.download
número_total,unidades,total,Metropolitana,Independencia,2019,2310,minvu_permisos_viviendas_unidades_superficie_ano_comuna.download
número_total,unidades,total,Metropolitana,Independencia,2020,1127,minvu_permisos_viviendas_unidades_superficie_ano_comuna.download
número_total,unidades,total,Metropolitana,Independencia,2021,712,minvu_permisos_viviendas_unidades_superficie_ano_comuna.download
número_total,unidades,total,Metropolitana,Independencia,2022,941,minvu_permisos_viviendas_unidades_superficie_ano_comuna.download
número_total,unidades,total,Metropolitana,Independencia,2023,209,minvu_permisos_viviendas_unidades_superficie_ano_comuna.download
número_total,unidades,total,Metropolitana,Independencia,2026,38,minvu_permisos_viviendas_unidades_superficie_ano_comuna.download
número_total,unidades,total,Metropolitana,La Cisterna,2002,19,minvu_permisos_viviendas_unidades_superficie_ano_comuna.download
número_total,unidades,total,Metropolitana,La Cisterna,2003,829,minvu_permisos_viviendas_unidades_superficie_ano_comuna.download
número_total,unidades,total,Metropolitana,La Cisterna,2004,249,minvu_permisos_viviendas_unidades_superficie_ano_comuna.download
número_total,unidades,total,Metropolitana,La Cisterna,2005,193,minvu_permisos_viviendas_unidades_superficie_ano_comuna.download
número_total,unidades,total,Metropolitana,La Cisterna,2006,644,minvu_permisos_viviendas_unidades_superficie_ano_comuna.download
número_total,unidades,total,Metropolitana,La Cisterna,2007,503,minvu_permisos_viviendas_unidades_superficie_ano_comuna.download
número_total,unidades,total,Metropolitana,La Cisterna,2008,925,minvu_permisos_viviendas_unidades_superficie_ano_comuna.download
número_total,unidades,total,Metropolitana,La Cisterna,2009,252,minvu_permisos_viviendas_unidades_superficie_ano_comuna.download
número_total,unidades,total,Metropolitana,La Cisterna,2010,1196,minvu_permisos_viviendas_unidades_superficie_ano_comuna.download
número_total,unidades,total,Metropolitana,La Cisterna,2011,759,minvu_permisos_viviendas_unidades_superficie_ano_comuna.download
número_total,unidades,total,Metropolitana,La Cisterna,2012,367,minvu_permisos_viviendas_unidades_superficie_ano_comuna.download
número_total,unidades,total,Metropolitana,La Cisterna,2013,329,minvu_permisos_viviendas_unidades_superficie_ano_comuna.download
número_total,unidades,total,Metropolitana,La Cisterna,2014,904,minvu_permisos_viviendas_unidades_superficie_ano_comuna.download
número_total,unidades,total,Metropolitana,La Cisterna,2015,781,minvu_permisos_viviendas_unidades_superficie_ano_comuna.download
número_total,unidades,total,Metropolitana,La Cisterna,2016,347,minvu_permisos_viviendas_unidades_superficie_ano_comuna.download
número_total,unidades,total,Metropolitana,La Cisterna,2017,2051,minvu_permisos_viviendas_unidades_superficie_ano_comuna.download
número_total,unidades,total,Metropolitana,La Cisterna,2019,7462,minvu_permisos_viviendas_unidades_superficie_ano_comuna.download
número_total,unidades,total,Metropolitana,La Cisterna,2020,1390,minvu_permisos_viviendas_unidades_superficie_ano_comuna.download
número_total,unidades,total,Metropolitana,La Cisterna,2021,1573,minvu_permisos_viviendas_unidades_superficie_ano_comuna.download
número_total,unidades,total,Metropolitana,La Cisterna,2022,457,minvu_permisos_viviendas_unidades_superficie_ano_comuna.download
número_total,unidades,total,Metropolitana,La Cisterna,2023,27,minvu_permisos_viviendas_unidades_superficie_ano_comuna.download
número_total,unidades,total,Metropolitana,La Cisterna,2026,1,minvu_permisos_viviendas_unidades_superficie_ano_comuna.download
número_total,unidades,total,Metropolitana,La Florida,2002,1963,minvu_permisos_viviendas_unidades_superficie_ano_comuna.download
número_total,unidades,total,Metropolitana,La Florida,2003,1014,minvu_permisos_viviendas_unidades_superficie_ano_comuna.download
número_total,unidades,total,Metropolitana,La Florida,2004,1096,minvu_permisos_viviendas_unidades_superficie_ano_comuna.download
número_total,unidades,total,Metropolitana,La Florida,2005,1087,minvu_permisos_viviendas_unidades_superficie_ano_comuna.download
número_total,unidades,total,Metropolitana,La Florida,2006,1073,minvu_permisos_viviendas_unidades_superficie_ano_comuna.download
número_total,unidades,total,Metropolitana,La Florida,2007,1241,minvu_permisos_viviendas_unidades_superficie_ano_comuna.download
número_total,unidades,total,Metropolitana,La Florida,2008,2258,minvu_permisos_viviendas_unidades_superficie_ano_comuna.download
número_total,unidades,total,Metropolitana,La Florida,2009,869,minvu_permisos_viviendas_unidades_superficie_ano_comuna.download
número_total,unidades,total,Metropolitana,La Florida,2010,740,minvu_permisos_viviendas_unidades_superficie_ano_comuna.download
número_total,unidades,total,Metropolitana,La Florida,2011,779,minvu_permisos_viviendas_unidades_superficie_ano_comuna.download
número_total,unidades,total,Metropolitana,La Florida,2012,1568,minvu_permisos_viviendas_unidades_superficie_ano_comuna.download
número_total,unidades,total,Metropolitana,La Florida,2013,1168,minvu_permisos_viviendas_unidades_superficie_ano_comuna.download
número_total,unidades,total,Metropolitana,La Florida,2014,2710,minvu_permisos_viviendas_unidades_superficie_ano_comuna.download
número_total,unidades,total,Metropolitana,La Florida,2015,2761,minvu_permisos_viviendas_unidades_superficie_ano_comuna.download
número_total,unidades,total,Metropolitana,La Florida,2016,2153,minvu_permisos_viviendas_unidades_superficie_ano_comuna.download
número_total,unidades,total,Metropolitana,La Florida,2017,2769,minvu_permisos_viviendas_unidades_superficie_ano_comuna.download
número_total,unidades,total,Metropolitana,La Florida,2019,4887,minvu_permisos_viviendas_unidades_superficie_ano_comuna.download
número_total,unidades,total,Metropolitana,La Florida,2020,4701,minvu_permisos_viviendas_unidades_superficie_ano_comuna.download
número_total,unidades,total,Metropolitana,La Florida,2021,11037,minvu_permisos_viviendas_unidades_superficie_ano_comuna.download
número_total,unidades,total,Metropolitana,La Florida,2022,8329,minvu_permisos_viviendas_unidades_superficie_ano_comuna.download
número_total,unidades,total,Metropolitana,La Florida,2023,2192,minvu_permisos_viviendas_unidades_superficie_ano_comuna.download
número_total,unidades,total,Metropolitana,La Florida,2026,195,minvu_permisos_viviendas_unidades_superficie_ano_comuna.download
número_total,unidades,total,Metropolitana,La Granja,2002,15,minvu_permisos_viviendas_unidades_superficie_ano_comuna.download
número_total,unidades,total,Metropolitana,La Granja,2003,123,minvu_permisos_viviendas_unidades_superficie_ano_comuna.download
número_total,unidades,total,Metropolitana,La Granja,2004,25,minvu_permisos_viviendas_unidades_superficie_ano_comuna.download
número_total,unidades,total,Metropolitana,La Granja,2005,13,minvu_permisos_viviendas_unidades_superficie_ano_comuna.download
número_total,unidades,total,Metropolitana,La Granja,2006,12,minvu_permisos_viviendas_unidades_superficie_ano_comuna.download
número_total,unidades,total,Metropolitana,La Granja,2007,28,minvu_permisos_viviendas_unidades_superficie_ano_comuna.download
número_total,unidades,total,Metropolitana,La Granja,2008,24,minvu_permisos_viviendas_unidades_superficie_ano_comuna.download
número_total,unidades,total,Metropolitana,La Granja,2009,302,minvu_permisos_viviendas_unidades_superficie_ano_comuna.download
número_total,unidades,total,Metropolitana,La Granja,2010,50,minvu_permisos_viviendas_unidades_superficie_ano_comuna.download
número_total,unidades,total,Metropolitana,La Granja,2011,492,minvu_permisos_viviendas_unidades_superficie_ano_comuna.download
número_total,unidades,total,Metropolitana,La Granja,2012,11,minvu_permisos_viviendas_unidades_superficie_ano_comuna.download
número_total,unidades,total,Metropolitana,La Granja,2013,29,minvu_permisos_viviendas_unidades_superficie_ano_comuna.download
número_total,unidades,total,Metropolitana,La Granja,2014,12,minvu_permisos_viviendas_unidades_superficie_ano_comuna.download
número_total,unidades,total,Metropolitana,La Granja,2015,305,minvu_permisos_viviendas_unidades_superficie_ano_comuna.download
número_total,unidades,total,Metropolitana,La Granja,2016,560,minvu_permisos_viviendas_unidades_superficie_ano_comuna.download
número_total,unidades,total,Metropolitana,La Granja,2017,369,minvu_permisos_viviendas_unidades_superficie_ano_comuna.download
número_total,unidades,total,Metropolitana,La Granja,2019,20,minvu_permisos_viviendas_unidades_superficie_ano_comuna.download
número_total,unidades,total,Metropolitana,La Granja,2020,208,minvu_permisos_viviendas_unidades_superficie_ano_comuna.download
número_total,unidades,total,Metropolitana,La Granja,2021,13,minvu_permisos_viviendas_unidades_superficie_ano_comuna.download
número_total,unidades,total,Metropolitana,La Granja,2022,757,minvu_permisos_viviendas_unidades_superficie_ano_comuna.download
número_total,unidades,total,Metropolitana,La Granja,2023,240,minvu_permisos_viviendas_unidades_superficie_ano_comuna.download
número_total,unidades,total,Metropolitana,La Granja,2026,2,minvu_permisos_viviendas_unidades_superficie_ano_comuna.download
número_total,unidades,total,Metropolitana,La Pintana,2002,284,minvu_permisos_viviendas_unidades_superficie_ano_comuna.download
número_total,unidades,total,Metropolitana,La Pintana,2003,50,minvu_permisos_viviendas_unidades_superficie_ano_comuna.download
número_total,unidades,total,Metropolitana,La Pintana,2004,426,minvu_permisos_viviendas_unidades_superficie_ano_comuna.download
número_total,unidades,total,Metropolitana,La Pintana,2005,605,minvu_permisos_viviendas_unidades_superficie_ano_comuna.download
número_total,unidades,total,Metropolitana,La Pintana,2006,884,minvu_permisos_viviendas_unidades_superficie_ano_comuna.download
número_total,unidades,total,Metropolitana,La Pintana,2007,688,minvu_permisos_viviendas_unidades_superficie_ano_comuna.download
número_total,unidades,total,Metropolitana,La Pintana,2008,186,minvu_permisos_viviendas_unidades_superficie_ano_comuna.download
número_total,unidades,total,Metropolitana,La Pintana,2009,629,minvu_permisos_viviendas_unidades_superficie_ano_comuna.download
número_total,unidades,total,Metropolitana,La Pintana,2010,1505,minvu_permisos_viviendas_unidades_superficie_ano_comuna.download
número_total,unidades,total,Metropolitana,La Pintana,2011,44,minvu_permisos_viviendas_unidades_superficie_ano_comuna.download
número_total,unidades,total,Metropolitana,La Pintana,2012,95,minvu_permisos_viviendas_unidades_superficie_ano_comuna.download
número_total,unidades,total,Metropolitana,La Pintana,2013,47,minvu_permisos_viviendas_unidades_superficie_ano_comuna.download
número_total,unidades,total,Metropolitana,La Pintana,2014,204,minvu_permisos_viviendas_unidades_superficie_ano_comuna.download
número_total,unidades,total,Metropolitana,La Pintana,2015,444,minvu_permisos_viviendas_unidades_superficie_ano_comuna.download
número_total,unidades,total,Metropolitana,La Pintana,2016,56,minvu_permisos_viviendas_unidades_superficie_ano_comuna.download
número_total,unidades,total,Metropolitana,La Pintana,2017,395,minvu_permisos_viviendas_unidades_superficie_ano_comuna.download
número_total,unidades,total,Metropolitana,La Pintana,2019,1427,minvu_permisos_viviendas_unidades_superficie_ano_comuna.download
número_total,unidades,total,Metropolitana,La Pintana,2020,28,minvu_permisos_viviendas_unidades_superficie_ano_comuna.download
número_total,unidades,total,Metropolitana,La Pintana,2021,562,minvu_permisos_viviendas_unidades_superficie_ano_comuna.download
número_total,unidades,total,Metropolitana,La Pintana,2022,1469,minvu_permisos_viviendas_unidades_superficie_ano_comuna.download
número_total,unidades,total,Metropolitana,La Pintana,2023,342,minvu_permisos_viviendas_unidades_superficie_ano_comuna.download
número_total,unidades,total,Metropolitana,La Pintana,2026,1171,minvu_permisos_viviendas_unidades_superficie_ano_comuna.download
número_total,unidades,total,Metropolitana,La Reina,2002,157,minvu_permisos_viviendas_unidades_superficie_ano_comuna.download
número_total,unidades,total,Metropolitana,La Reina,2003,231,minvu_permisos_viviendas_unidades_superficie_ano_comuna.download
número_total,unidades,total,Metropolitana,La Reina,2004,275,minvu_permisos_viviendas_unidades_superficie_ano_comuna.download
número_total,unidades,total,Metropolitana,La Reina,2005,354,minvu_permisos_viviendas_unidades_superficie_ano_comuna.download
número_total,unidades,total,Metropolitana,La Reina,2006,205,minvu_permisos_viviendas_unidades_superficie_ano_comuna.download
número_total,unidades,total,Metropolitana,La Reina,2007,157,minvu_permisos_viviendas_unidades_superficie_ano_comuna.download
número_total,unidades,total,Metropolitana,La Reina,2008,111,minvu_permisos_viviendas_unidades_superficie_ano_comuna.download
número_total,unidades,total,Metropolitana,La Reina,2009,440,minvu_permisos_viviendas_unidades_superficie_ano_comuna.download
número_total,unidades,total,Metropolitana,La Reina,2010,151,minvu_permisos_viviendas_unidades_superficie_ano_comuna.download
número_total,unidades,total,Metropolitana,La Reina,2011,241,minvu_permisos_viviendas_unidades_superficie_ano_comuna.download
número_total,unidades,total,Metropolitana,La Reina,2012,364,minvu_permisos_viviendas_unidades_superficie_ano_comuna.download
número_total,unidades,total,Metropolitana,La Reina,2013,364,minvu_permisos_viviendas_unidades_superficie_ano_comuna.download
número_total,unidades,total,Metropolitana,La Reina,2014,192,minvu_permisos_viviendas_unidades_superficie_ano_comuna.download
número_total,unidades,total,Metropolitana,La Reina,2015,1070,minvu_permisos_viviendas_unidades_superficie_ano_comuna.download
número_total,unidades,total,Metropolitana,La Reina,2016,440,minvu_permisos_viviendas_unidades_superficie_ano_comuna.download
número_total,unidades,total,Metropolitana,La Reina,2017,333,minvu_permisos_viviendas_unidades_superficie_ano_comuna.download
número_total,unidades,total,Metropolitana,La Reina,2019,180,minvu_permisos_viviendas_unidades_superficie_ano_comuna.download
número_total,unidades,total,Metropolitana,La Reina,2020,30,minvu_permisos_viviendas_unidades_superficie_ano_comuna.download
número_total,unidades,total,Metropolitana,La Reina,2021,14,minvu_permisos_viviendas_unidades_superficie_ano_comuna.download
número_total,unidades,total,Metropolitana,La Reina,2022,220,minvu_permisos_viviendas_unidades_superficie_ano_comuna.download
número_total,unidades,total,Metropolitana,La Reina,2023,40,minvu_permisos_viviendas_unidades_superficie_ano_comuna.download
número_total,unidades,total,Metropolitana,La Reina,2026,1,minvu_permisos_viviendas_unidades_superficie_ano_comuna.download
número_total,unidades,total,Metropolitana,Las Condes,2002,2292,minvu_permisos_viviendas_unidades_superficie_ano_comuna.download
número_total,unidades,total,Metropolitana,Las Condes,2003,3392,minvu_permisos_viviendas_unidades_superficie_ano_comuna.download
número_total,unidades,total,Metropolitana,Las Condes,2004,5768,minvu_permisos_viviendas_unidades_superficie_ano_comuna.download
número_total,unidades,total,Metropolitana,Las Condes,2005,5265,minvu_permisos_viviendas_unidades_superficie_ano_comuna.download
número_total,unidades,total,Metropolitana,Las Condes,2006,3802,minvu_permisos_viviendas_unidades_superficie_ano_comuna.download
número_total,unidades,total,Metropolitana,Las Condes,2007,1911,minvu_permisos_viviendas_unidades_superficie_ano_comuna.download
número_total,unidades,total,Metropolitana,Las Condes,2008,1959,minvu_permisos_viviendas_unidades_superficie_ano_comuna.download
número_total,unidades,total,Metropolitana,Las Condes,2009,2076,minvu_permisos_viviendas_unidades_superficie_ano_comuna.download
número_total,unidades,total,Metropolitana,Las Condes,2010,1287,minvu_permisos_viviendas_unidades_superficie_ano_comuna.download
número_total,unidades,total,Metropolitana,Las Condes,2011,2124,minvu_permisos_viviendas_unidades_superficie_ano_comuna.download
número_total,unidades,total,Metropolitana,Las Condes,2012,3570,minvu_permisos_viviendas_unidades_superficie_ano_comuna.download
número_total,unidades,total,Metropolitana,Las Condes,2013,1088,minvu_permisos_viviendas_unidades_superficie_ano_comuna.download
número_total,unidades,total,Metropolitana,Las Condes,2014,3310,minvu_permisos_viviendas_unidades_superficie_ano_comuna.download
número_total,unidades,total,Metropolitana,Las Condes,2015,3275,minvu_permisos_viviendas_unidades_superficie_ano_comuna.download
número_total,unidades,total,Metropolitana,Las Condes,2016,1558,minvu_permisos_viviendas_unidades_superficie_ano_comuna.download
número_total,unidades,total,Metropolitana,Las Condes,2017,1153,minvu_permisos_viviendas_unidades_superficie_ano_comuna.download
número_total,unidades,total,Metropolitana,Las Condes,2019,1779,minvu_permisos_viviendas_unidades_superficie_ano_comuna.download
número_total,unidades,total,Metropolitana,Las Condes,2020,1340,minvu_permisos_viviendas_unidades_superficie_ano_comuna.download
número_total,unidades,total,Metropolitana,Las Condes,2021,1696,minvu_permisos_viviendas_unidades_superficie_ano_comuna.download
número_total,unidades,total,Metropolitana,Las Condes,2022,2659,minvu_permisos_viviendas_unidades_superficie_ano_comuna.download
número_total,unidades,total,Metropolitana,Las Condes,2023,582,minvu_permisos_viviendas_unidades_superficie_ano_comuna.download
número_total,unidades,total,Metropolitana,Las Condes,2026,49,minvu_permisos_viviendas_unidades_superficie_ano_comuna.download
número_total,unidades,total,Metropolitana,Lo Barnechea,2002,1759,minvu_permisos_viviendas_unidades_superficie_ano_comuna.download
número_total,unidades,total,Metropolitana,Lo Barnechea,2003,4054,minvu_permisos_viviendas_unidades_superficie_ano_comuna.download
número_total,unidades,total,Metropolitana,Lo Barnechea,2004,804,minvu_permisos_viviendas_unidades_superficie_ano_comuna.download
número_total,unidades,total,Metropolitana,Lo Barnechea,2005,436,minvu_permisos_viviendas_unidades_superficie_ano_comuna.download
número_total,unidades,total,Metropolitana,Lo Barnechea,2006,355,minvu_permisos_viviendas_unidades_superficie_ano_comuna.download
número_total,unidades,total,Metropolitana,Lo Barnechea,2007,1081,minvu_permisos_viviendas_unidades_superficie_ano_comuna.download
número_total,unidades,total,Metropolitana,Lo Barnechea,2008,641,minvu_permisos_viviendas_unidades_superficie_ano_comuna.download
número_total,unidades,total,Metropolitana,Lo Barnechea,2009,1036,minvu_permisos_viviendas_unidades_superficie_ano_comuna.download
número_total,unidades,total,Metropolitana,Lo Barnechea,2010,599,minvu_permisos_viviendas_unidades_superficie_ano_comuna.download
número_total,unidades,total,Metropolitana,Lo Barnechea,2011,731,minvu_permisos_viviendas_unidades_superficie_ano_comuna.download
número_total,unidades,total,Metropolitana,Lo Barnechea,2012,618,minvu_permisos_viviendas_unidades_superficie_ano_comuna.download
número_total,unidades,total,Metropolitana,Lo Barnechea,2013,1102,minvu_permisos_viviendas_unidades_superficie_ano_comuna.download
número_total,unidades,total,Metropolitana,Lo Barnechea,2014,1206,minvu_permisos_viviendas_unidades_superficie_ano_comuna.download
número_total,unidades,total,Metropolitana,Lo Barnechea,2015,3111,minvu_permisos_viviendas_unidades_superficie_ano_comuna.download
número_total,unidades,total,Metropolitana,Lo Barnechea,2016,691,minvu_permisos_viviendas_unidades_superficie_ano_comuna.download
número_total,unidades,total,Metropolitana,Lo Barnechea,2017,1254,minvu_permisos_viviendas_unidades_superficie_ano_comuna.download
número_total,unidades,total,Metropolitana,Lo Barnechea,2019,357,minvu_permisos_viviendas_unidades_superficie_ano_comuna.download
número_total,unidades,total,Metropolitana,Lo Barnechea,2020,121,minvu_permisos_viviendas_unidades_superficie_ano_comuna.download
número_total,unidades,total,Metropolitana,Lo Barnechea,2021,621,minvu_permisos_viviendas_unidades_superficie_ano_comuna.download
número_total,unidades,total,Metropolitana,Lo Barnechea,2022,212,minvu_permisos_viviendas_unidades_superficie_ano_comuna.download
número_total,unidades,total,Metropolitana,Lo Barnechea,2023,1063,minvu_permisos_viviendas_unidades_superficie_ano_comuna.download
número_total,unidades,total,Metropolitana,Lo Barnechea,2026,24,minvu_permisos_viviendas_unidades_superficie_ano_comuna.download
número_total,unidades,total,Metropolitana,Lo Espejo,2002,4,minvu_permisos_viviendas_unidades_superficie_ano_comuna.download
número_total,unidades,total,Metropolitana,Lo Espejo,2003,1,minvu_permisos_viviendas_unidades_superficie_ano_comuna.download
número_total,unidades,total,Metropolitana,Lo Espejo,2004,37,minvu_permisos_viviendas_unidades_superficie_ano_comuna.download
número_total,unidades,total,Metropolitana,Lo Espejo,2005,25,minvu_permisos_viviendas_unidades_superficie_ano_comuna.download
número_total,unidades,total,Metropolitana,Lo Espejo,2006,58,minvu_permisos_viviendas_unidades_superficie_ano_comuna.download
número_total,unidades,total,Metropolitana,Lo Espejo,2007,57,minvu_permisos_viviendas_unidades_superficie_ano_comuna.download
número_total,unidades,total,Metropolitana,Lo Espejo,2008,43,minvu_permisos_viviendas_unidades_superficie_ano_comuna.download
número_total,unidades,total,Metropolitana,Lo Espejo,2009,298,minvu_permisos_viviendas_unidades_superficie_ano_comuna.download
número_total,unidades,total,Metropolitana,Lo Espejo,2010,1,minvu_permisos_viviendas_unidades_superficie_ano_comuna.download
número_total,unidades,total,Metropolitana,Lo Espejo,2011,47,minvu_permisos_viviendas_unidades_superficie_ano_comuna.download
número_total,unidades,total,Metropolitana,Lo Espejo,2012,7,minvu_permisos_viviendas_unidades_superficie_ano_comuna.download
número_total,unidades,total,Metropolitana,Lo Espejo,2013,4,minvu_permisos_viviendas_unidades_superficie_ano_comuna.download
número_total,unidades,total,Metropolitana,Lo Espejo,2014,1,minvu_permisos_viviendas_unidades_superficie_ano_comuna.download
número_total,unidades,total,Metropolitana,Lo Espejo,2015,37,minvu_permisos_viviendas_unidades_superficie_ano_comuna.download
número_total,unidades,total,Metropolitana,Lo Espejo,2016,248,minvu_permisos_viviendas_unidades_superficie_ano_comuna.download
número_total,unidades,total,Metropolitana,Lo Espejo,2017,0,minvu_permisos_viviendas_unidades_superficie_ano_comuna.download
número_total,unidades,total,Metropolitana,Lo Espejo,2019,10,minvu_permisos_viviendas_unidades_superficie_ano_comuna.download
número_total,unidades,total,Metropolitana,Lo Espejo,2020,1,minvu_permisos_viviendas_unidades_superficie_ano_comuna.download
número_total,unidades,total,Metropolitana,Lo Espejo,2021,1,minvu_permisos_viviendas_unidades_superficie_ano_comuna.download
número_total,unidades,total,Metropolitana,Lo Espejo,2022,5,minvu_permisos_viviendas_unidades_superficie_ano_comuna.download
número_total,unidades,total,Metropolitana,Lo Espejo,2023,18,minvu_permisos_viviendas_unidades_superficie_ano_comuna.download
número_total,unidades,total,Metropolitana,Lo Espejo,2026,1,minvu_permisos_viviendas_unidades_superficie_ano_comuna.download
número_total,unidades,total,Metropolitana,Lo Prado,2002,29,minvu_permisos_viviendas_unidades_superficie_ano_comuna.download
número_total,unidades,total,Metropolitana,Lo Prado,2003,91,minvu_permisos_viviendas_unidades_superficie_ano_comuna.download
número_total,unidades,total,Metropolitana,Lo Prado,2004,343,minvu_permisos_viviendas_unidades_superficie_ano_comuna.download
número_total,unidades,total,Metropolitana,Lo Prado,2005,89,minvu_permisos_viviendas_unidades_superficie_ano_comuna.download
número_total,unidades,total,Metropolitana,Lo Prado,2006,13,minvu_permisos_viviendas_unidades_superficie_ano_comuna.download
número_total,unidades,total,Metropolitana,Lo Prado,2007,32,minvu_permisos_viviendas_unidades_superficie_ano_comuna.download
número_total,unidades,total,Metropolitana,Lo Prado,2008,7,minvu_permisos_viviendas_unidades_superficie_ano_comuna.download
número_total,unidades,total,Metropolitana,Lo Prado,2009,5,minvu_permisos_viviendas_unidades_superficie_ano_comuna.download
número_total,unidades,total,Metropolitana,Lo Prado,2010,125,minvu_permisos_viviendas_unidades_superficie_ano_comuna.download
número_total,unidades,total,Metropolitana,Lo Prado,2011,19,minvu_permisos_viviendas_unidades_superficie_ano_comuna.download
número_total,unidades,total,Metropolitana,Lo Prado,2012,13,minvu_permisos_viviendas_unidades_superficie_ano_comuna.download
número_total,unidades,total,Metropolitana,Lo Prado,2013,9,minvu_permisos_viviendas_unidades_superficie_ano_comuna.download
número_total,unidades,total,Metropolitana,Lo Prado,2014,14,minvu_permisos_viviendas_unidades_superficie_ano_comuna.download
número_total,unidades,total,Metropolitana,Lo Prado,2015,363,minvu_permisos_viviendas_unidades_superficie_ano_comuna.download
número_total,unidades,total,Metropolitana,Lo Prado,2016,67,minvu_permisos_viviendas_unidades_superficie_ano_comuna.download
número_total,unidades,total,Metropolitana,Lo Prado,2017,61,minvu_permisos_viviendas_unidades_superficie_ano_comuna.download
número_total,unidades,total,Metropolitana,Lo Prado,2019,92,minvu_permisos_viviendas_unidades_superficie_ano_comuna.download
número_total,unidades,total,Metropolitana,Lo Prado,2020,79,minvu_permisos_viviendas_unidades_superficie_ano_comuna.download
número_total,unidades,total,Metropolitana,Lo Prado,2021,18,minvu_permisos_viviendas_unidades_superficie_ano_comuna.download
número_total,unidades,total,Metropolitana,Lo Prado,2022,28,minvu_permisos_viviendas_unidades_superficie_ano_comuna.download
número_total,unidades,total,Metropolitana,Lo Prado,2023,13,minvu_permisos_viviendas_unidades_superficie_ano_comuna.download
número_total,unidades,total,Metropolitana,Lo Prado,2026,4,minvu_permisos_viviendas_unidades_superficie_ano_comuna.download
número_total,unidades,total,Metropolitana,Macul,2002,197,minvu_permisos_viviendas_unidades_superficie_ano_comuna.download
número_total,unidades,total,Metropolitana,Macul,2003,105,minvu_permisos_viviendas_unidades_superficie_ano_comuna.download
número_total,unidades,total,Metropolitana,Macul,2004,644,minvu_permisos_viviendas_unidades_superficie_ano_comuna.download
número_total,unidades,total,Metropolitana,Macul,2005,1149,minvu_permisos_viviendas_unidades_superficie_ano_comuna.download
número_total,unidades,total,Metropolitana,Macul,2006,1329,minvu_permisos_viviendas_unidades_superficie_ano_comuna.download
número_total,unidades,total,Metropolitana,Macul,2007,1516,minvu_permisos_viviendas_unidades_superficie_ano_comuna.download
número_total,unidades,total,Metropolitana,Macul,2008,1896,minvu_permisos_viviendas_unidades_superficie_ano_comuna.download
número_total,unidades,total,Metropolitana,Macul,2009,279,minvu_permisos_viviendas_unidades_superficie_ano_comuna.download
número_total,unidades,total,Metropolitana,Macul,2010,182,minvu_permisos_viviendas_unidades_superficie_ano_comuna.download
número_total,unidades,total,Metropolitana,Macul,2011,230,minvu_permisos_viviendas_unidades_superficie_ano_comuna.download
número_total,unidades,total,Metropolitana,Macul,2012,564,minvu_permisos_viviendas_unidades_superficie_ano_comuna.download
número_total,unidades,total,Metropolitana,Macul,2013,225,minvu_permisos_viviendas_unidades_superficie_ano_comuna.download
número_total,unidades,total,Metropolitana,Macul,2014,2570,minvu_permisos_viviendas_unidades_superficie_ano_comuna.download
número_total,unidades,total,Metropolitana,Macul,2015,1377,minvu_permisos_viviendas_unidades_superficie_ano_comuna.download
número_total,unidades,total,Metropolitana,Macul,2016,1666,minvu_permisos_viviendas_unidades_superficie_ano_comuna.download
número_total,unidades,total,Metropolitana,Macul,2017,1240,minvu_permisos_viviendas_unidades_superficie_ano_comuna.download
número_total,unidades,total,Metropolitana,Macul,2019,4000,minvu_permisos_viviendas_unidades_superficie_ano_comuna.download
número_total,unidades,total,Metropolitana,Macul,2020,3281,minvu_permisos_viviendas_unidades_superficie_ano_comuna.download
número_total,unidades,total,Metropolitana,Macul,2021,1777,minvu_permisos_viviendas_unidades_superficie_ano_comuna.download
número_total,unidades,total,Metropolitana,Macul,2022,988,minvu_permisos_viviendas_unidades_superficie_ano_comuna.download
número_total,unidades,total,Metropolitana,Macul,2023,1,minvu_permisos_viviendas_unidades_superficie_ano_comuna.download
número_total,unidades,total,Metropolitana,Macul,2026,0,minvu_permisos_viviendas_unidades_superficie_ano_comuna.download
número_total,unidades,total,Metropolitana,Maipú,2002,4391,minvu_permisos_viviendas_unidades_superficie_ano_comuna.download
número_total,unidades,total,Metropolitana,Maipú,2003,3047,minvu_permisos_viviendas_unidades_superficie_ano_comuna.download
número_total,unidades,total,Metropolitana,Maipú,2004,5583,minvu_permisos_viviendas_unidades_superficie_ano_comuna.download
número_total,unidades,total,Metropolitana,Maipú,2005,8664,minvu_permisos_viviendas_unidades_superficie_ano_comuna.download
número_total,unidades,total,Metropolitana,Maipú,2006,8677,minvu_permisos_viviendas_unidades_superficie_ano_comuna.download
número_total,unidades,total,Metropolitana,Maipú,2007,4479,minvu_permisos_viviendas_unidades_superficie_ano_comuna.download
número_total,unidades,total,Metropolitana,Maipú,2008,2071,minvu_permisos_viviendas_unidades_superficie_ano_comuna.download
número_total,unidades,total,Metropolitana,Maipú,2009,1943,minvu_permisos_viviendas_unidades_superficie_ano_comuna.download
número_total,unidades,total,Metropolitana,Maipú,2010,439,minvu_permisos_viviendas_unidades_superficie_ano_comuna.download
número_total,unidades,total,Metropolitana,Maipú,2011,771,minvu_permisos_viviendas_unidades_superficie_ano_comuna.download
número_total,unidades,total,Metropolitana,Maipú,2012,858,minvu_permisos_viviendas_unidades_superficie_ano_comuna.download
número_total,unidades,total,Metropolitana,Maipú,2013,775,minvu_permisos_viviendas_unidades_superficie_ano_comuna.download
número_total,unidades,total,Metropolitana,Maipú,2014,792,minvu_permisos_viviendas_unidades_superficie_ano_comuna.download
número_total,unidades,total,Metropolitana,Maipú,2015,958,minvu_permisos_viviendas_unidades_superficie_ano_comuna.download
número_total,unidades,total,Metropolitana,Maipú,2016,881,minvu_permisos_viviendas_unidades_superficie_ano_comuna.download
número_total,unidades,total,Metropolitana,Maipú,2017,1404,minvu_permisos_viviendas_unidades_superficie_ano_comuna.download
número_total,unidades,total,Metropolitana,Maipú,2019,597,minvu_permisos_viviendas_unidades_superficie_ano_comuna.download
número_total,unidades,total,Metropolitana,Maipú,2020,476,minvu_permisos_viviendas_unidades_superficie_ano_comuna.download
número_total,unidades,total,Metropolitana,Maipú,2021,1291,minvu_permisos_viviendas_unidades_superficie_ano_comuna.download
número_total,unidades,total,Metropolitana,Maipú,2022,390,minvu_permisos_viviendas_unidades_superficie_ano_comuna.download
número_total,unidades,total,Metropolitana,Maipú,2023,203,minvu_permisos_viviendas_unidades_superficie_ano_comuna.download
número_total,unidades,total,Metropolitana,Maipú,2026,0,minvu_permisos_viviendas_unidades_superficie_ano_comuna.download
número_total,unidades,total,Metropolitana,Ñuñoa,2002,2121,minvu_permisos_viviendas_unidades_superficie_ano_comuna.download
número_total,unidades,total,Metropolitana,Ñuñoa,2003,1470,minvu_permisos_viviendas_unidades_superficie_ano_comuna.download
número_total,unidades,total,Metropolitana,Ñuñoa,2004,1782,minvu_permisos_viviendas_unidades_superficie_ano_comuna.download
número_total,unidades,total,Metropolitana,Ñuñoa,2005,4137,minvu_permisos_viviendas_unidades_superficie_ano_comuna.download
número_total,unidades,total,Metropolitana,Ñuñoa,2006,5306,minvu_permisos_viviendas_unidades_superficie_ano_comuna.download
número_total,unidades,total,Metropolitana,Ñuñoa,2007,5109,minvu_permisos_viviendas_unidades_superficie_ano_comuna.download
número_total,unidades,total,Metropolitana,Ñuñoa,2008,2770,minvu_permisos_viviendas_unidades_superficie_ano_comuna.download
número_total,unidades,total,Metropolitana,Ñuñoa,2009,828,minvu_permisos_viviendas_unidades_superficie_ano_comuna.download
número_total,unidades,total,Metropolitana,Ñuñoa,2010,806,minvu_permisos_viviendas_unidades_superficie_ano_comuna.download
número_total,unidades,total,Metropolitana,Ñuñoa,2011,2673,minvu_permisos_viviendas_unidades_superficie_ano_comuna.download
número_total,unidades,total,Metropolitana,Ñuñoa,2012,2584,minvu_permisos_viviendas_unidades_superficie_ano_comuna.download
número_total,unidades,total,Metropolitana,Ñuñoa,2013,3485,minvu_permisos_viviendas_unidades_superficie_ano_comuna.download
número_total,unidades,total,Metropolitana,Ñuñoa,2014,3063,minvu_permisos_viviendas_unidades_superficie_ano_comuna.download
número_total,unidades,total,Metropolitana,Ñuñoa,2015,6362,minvu_permisos_viviendas_unidades_superficie_ano_comuna.download
número_total,unidades,total,Metropolitana,Ñuñoa,2016,2929,minvu_permisos_viviendas_unidades_superficie_ano_comuna.download
número_total,unidades,total,Metropolitana,Ñuñoa,2017,6435,minvu_permisos_viviendas_unidades_superficie_ano_comuna.download
número_total,unidades,total,Metropolitana,Ñuñoa,2019,7875,minvu_permisos_viviendas_unidades_superficie_ano_comuna.download
número_total,unidades,total,Metropolitana,Ñuñoa,2020,9646,minvu_permisos_viviendas_unidades_superficie_ano_comuna.download
número_total,unidades,total,Metropolitana,Ñuñoa,2021,14528,minvu_permisos_viviendas_unidades_superficie_ano_comuna.download
número_total,unidades,total,Metropolitana,Ñuñoa,2022,1740,minvu_permisos_viviendas_unidades_superficie_ano_comuna.download
número_total,unidades,total,Metropolitana,Ñuñoa,2023,58,minvu_permisos_viviendas_unidades_superficie_ano_comuna.download
número_total,unidades,total,Metropolitana,Ñuñoa,2026,0,minvu_permisos_viviendas_unidades_superficie_ano_comuna.download
número_total,unidades,total,Metropolitana,Pedro Aguirre Cerda,2002,26,minvu_permisos_viviendas_unidades_superficie_ano_comuna.download
número_total,unidades,total,Metropolitana,Pedro Aguirre Cerda,2003,57,minvu_permisos_viviendas_unidades_superficie_ano_comuna.download
número_total,unidades,total,Metropolitana,Pedro Aguirre Cerda,2004,24,minvu_permisos_viviendas_unidades_superficie_ano_comuna.download
número_total,unidades,total,Metropolitana,Pedro Aguirre Cerda,2005,28,minvu_permisos_viviendas_unidades_superficie_ano_comuna.download
número_total,unidades,total,Metropolitana,Pedro Aguirre Cerda,2006,38,minvu_permisos_viviendas_unidades_superficie_ano_comuna.download
número_total,unidades,total,Metropolitana,Pedro Aguirre Cerda,2007,16,minvu_permisos_viviendas_unidades_superficie_ano_comuna.download
número_total,unidades,total,Metropolitana,Pedro Aguirre Cerda,2008,601,minvu_permisos_viviendas_unidades_superficie_ano_comuna.download
número_total,unidades,total,Metropolitana,Pedro Aguirre Cerda,2009,33,minvu_permisos_viviendas_unidades_superficie_ano_comuna.download
número_total,unidades,total,Metropolitana,Pedro Aguirre Cerda,2010,79,minvu_permisos_viviendas_unidades_superficie_ano_comuna.download
número_total,unidades,total,Metropolitana,Pedro Aguirre Cerda,2011,44,minvu_permisos_viviendas_unidades_superficie_ano_comuna.download
número_total,unidades,total,Metropolitana,Pedro Aguirre Cerda,2012,78,minvu_permisos_viviendas_unidades_superficie_ano_comuna.download
número_total,unidades,total,Metropolitana,Pedro Aguirre Cerda,2013,43,minvu_permisos_viviendas_unidades_superficie_ano_comuna.download
número_total,unidades,total,Metropolitana,Pedro Aguirre Cerda,2014,196,minvu_permisos_viviendas_unidades_superficie_ano_comuna.download
número_total,unidades,total,Metropolitana,Pedro Aguirre Cerda,2015,39,minvu_permisos_viviendas_unidades_superficie_ano_comuna.download
número_total,unidades,total,Metropolitana,Pedro Aguirre Cerda,2016,38,minvu_permisos_viviendas_unidades_superficie_ano_comuna.download
número_total,unidades,total,Metropolitana,Pedro Aguirre Cerda,2017,22,minvu_permisos_viviendas_unidades_superficie_ano_comuna.download
número_total,unidades,total,Metropolitana,Pedro Aguirre Cerda,2019,38,minvu_permisos_viviendas_unidades_superficie_ano_comuna.download
número_total,unidades,total,Metropolitana,Pedro Aguirre Cerda,2020,238,minvu_permisos_viviendas_unidades_superficie_ano_comuna.download
número_total,unidades,total,Metropolitana,Pedro Aguirre Cerda,2021,208,minvu_permisos_viviendas_unidades_superficie_ano_comuna.download
número_total,unidades,total,Metropolitana,Pedro Aguirre Cerda,2022,25,minvu_permisos_viviendas_unidades_superficie_ano_comuna.download
número_total,unidades,total,Metropolitana,Pedro Aguirre Cerda,2023,11,minvu_permisos_viviendas_unidades_superficie_ano_comuna.download
número_total,unidades,total,Metropolitana,Pedro Aguirre Cerda,2026,2,minvu_permisos_viviendas_unidades_superficie_ano_comuna.download
número_total,unidades,total,Metropolitana,Peñalolén,2002,1217,minvu_permisos_viviendas_unidades_superficie_ano_comuna.download
número_total,unidades,total,Metropolitana,Peñalolén,2003,1451,minvu_permisos_viviendas_unidades_superficie_ano_comuna.download
número_total,unidades,total,Metropolitana,Peñalolén,2004,1622,minvu_permisos_viviendas_unidades_superficie_ano_comuna.download
número_total,unidades,total,Metropolitana,Peñalolén,2005,636,minvu_permisos_viviendas_unidades_superficie_ano_comuna.download
número_total,unidades,total,Metropolitana,Peñalolén,2006,1758,minvu_permisos_viviendas_unidades_superficie_ano_comuna.download
número_total,unidades,total,Metropolitana,Peñalolén,2007,1167,minvu_permisos_viviendas_unidades_superficie_ano_comuna.download
número_total,unidades,total,Metropolitana,Peñalolén,2008,1387,minvu_permisos_viviendas_unidades_superficie_ano_comuna.download
número_total,unidades,total,Metropolitana,Peñalolén,2009,870,minvu_permisos_viviendas_unidades_superficie_ano_comuna.download
número_total,unidades,total,Metropolitana,Peñalolén,2010,480,minvu_permisos_viviendas_unidades_superficie_ano_comuna.download
número_total,unidades,total,Metropolitana,Peñalolén,2011,930,minvu_permisos_viviendas_unidades_superficie_ano_comuna.download
número_total,unidades,total,Metropolitana,Peñalolén,2012,710,minvu_permisos_viviendas_unidades_superficie_ano_comuna.download
número_total,unidades,total,Metropolitana,Peñalolén,2013,489,minvu_permisos_viviendas_unidades_superficie_ano_comuna.download
número_total,unidades,total,Metropolitana,Peñalolén,2014,980,minvu_permisos_viviendas_unidades_superficie_ano_comuna.download
número_total,unidades,total,Metropolitana,Peñalolén,2015,611,minvu_permisos_viviendas_unidades_superficie_ano_comuna.download
número_total,unidades,total,Metropolitana,Peñalolén,2016,925,minvu_permisos_viviendas_unidades_superficie_ano_comuna.download
número_total,unidades,total,Metropolitana,Peñalolén,2017,409,minvu_permisos_viviendas_unidades_superficie_ano_comuna.download
número_total,unidades,total,Metropolitana,Peñalolén,2019,218,minvu_permisos_viviendas_unidades_superficie_ano_comuna.download
número_total,unidades,total,Metropolitana,Peñalolén,2020,151,minvu_permisos_viviendas_unidades_superficie_ano_comuna.download
número_total,unidades,total,Metropolitana,Peñalolén,2021,805,minvu_permisos_viviendas_unidades_superficie_ano_comuna.download
número_total,unidades,total,Metropolitana,Peñalolén,2022,2136,minvu_permisos_viviendas_unidades_superficie_ano_comuna.download
número_total,unidades,total,Metropolitana,Peñalolén,2023,547,minvu_permisos_viviendas_unidades_superficie_ano_comuna.download
número_total,unidades,total,Metropolitana,Peñalolén,2026,15,minvu_permisos_viviendas_unidades_superficie_ano_comuna.download
número_total,unidades,total,Metropolitana,Providencia,2002,751,minvu_permisos_viviendas_unidades_superficie_ano_comuna.download
número_total,unidades,total,Metropolitana,Providencia,2003,1874,minvu_permisos_viviendas_unidades_superficie_ano_comuna.download
número_total,unidades,total,Metropolitana,Providencia,2004,2494,minvu_permisos_viviendas_unidades_superficie_ano_comuna.download
número_total,unidades,total,Metropolitana,Providencia,2005,2915,minvu_permisos_viviendas_unidades_superficie_ano_comuna.download
número_total,unidades,total,Metropolitana,Providencia,2006,4387,minvu_permisos_viviendas_unidades_superficie_ano_comuna.download
número_total,unidades,total,Metropolitana,Providencia,2007,1752,minvu_permisos_viviendas_unidades_superficie_ano_comuna.download
número_total,unidades,total,Metropolitana,Providencia,2008,1331,minvu_permisos_viviendas_unidades_superficie_ano_comuna.download
número_total,unidades,total,Metropolitana,Providencia,2009,283,minvu_permisos_viviendas_unidades_superficie_ano_comuna.download
número_total,unidades,total,Metropolitana,Providencia,2010,364,minvu_permisos_viviendas_unidades_superficie_ano_comuna.download
número_total,unidades,total,Metropolitana,Providencia,2011,540,minvu_permisos_viviendas_unidades_superficie_ano_comuna.download
número_total,unidades,total,Metropolitana,Providencia,2012,1097,minvu_permisos_viviendas_unidades_superficie_ano_comuna.download
número_total,unidades,total,Metropolitana,Providencia,2013,953,minvu_permisos_viviendas_unidades_superficie_ano_comuna.download
número_total,unidades,total,Metropolitana,Providencia,2014,1420,minvu_permisos_viviendas_unidades_superficie_ano_comuna.download
número_total,unidades,total,Metropolitana,Providencia,2015,1733,minvu_permisos_viviendas_unidades_superficie_ano_comuna.download
número_total,unidades,total,Metropolitana,Providencia,2016,999,minvu_permisos_viviendas_unidades_superficie_ano_comuna.download
número_total,unidades,total,Metropolitana,Providencia,2017,590,minvu_permisos_viviendas_unidades_superficie_ano_comuna.download
número_total,unidades,total,Metropolitana,Providencia,2019,2204,minvu_permisos_viviendas_unidades_superficie_ano_comuna.download
número_total,unidades,total,Metropolitana,Providencia,2020,1080,minvu_permisos_viviendas_unidades_superficie_ano_comuna.download
número_total,unidades,total,Metropolitana,Providencia,2021,1649,minvu_permisos_viviendas_unidades_superficie_ano_comuna.download
número_total,unidades,total,Metropolitana,Providencia,2022,957,minvu_permisos_viviendas_unidades_superficie_ano_comuna.download
número_total,unidades,total,Metropolitana,Providencia,2023,160,minvu_permisos_viviendas_unidades_superficie_ano_comuna.download
número_total,unidades,total,Metropolitana,Providencia,2026,57,minvu_permisos_viviendas_unidades_superficie_ano_comuna.download
número_total,unidades,total,Metropolitana,Pudahuel,2002,700,minvu_permisos_viviendas_unidades_superficie_ano_comuna.download
número_total,unidades,total,Metropolitana,Pudahuel,2003,1279,minvu_permisos_viviendas_unidades_superficie_ano_comuna.download
número_total,unidades,total,Metropolitana,Pudahuel,2004,1498,minvu_permisos_viviendas_unidades_superficie_ano_comuna.download
número_total,unidades,total,Metropolitana,Pudahuel,2005,785,minvu_permisos_viviendas_unidades_superficie_ano_comuna.download
número_total,unidades,total,Metropolitana,Pudahuel,2006,2262,minvu_permisos_viviendas_unidades_superficie_ano_comuna.download
número_total,unidades,total,Metropolitana,Pudahuel,2007,3045,minvu_permisos_viviendas_unidades_superficie_ano_comuna.download
número_total,unidades,total,Metropolitana,Pudahuel,2008,892,minvu_permisos_viviendas_unidades_superficie_ano_comuna.download
número_total,unidades,total,Metropolitana,Pudahuel,2009,1024,minvu_permisos_viviendas_unidades_superficie_ano_comuna.download
número_total,unidades,total,Metropolitana,Pudahuel,2010,261,minvu_permisos_viviendas_unidades_superficie_ano_comuna.download
número_total,unidades,total,Metropolitana,Pudahuel,2011,1457,minvu_permisos_viviendas_unidades_superficie_ano_comuna.download
número_total,unidades,total,Metropolitana,Pudahuel,2012,209,minvu_permisos_viviendas_unidades_superficie_ano_comuna.download
número_total,unidades,total,Metropolitana,Pudahuel,2013,531,minvu_permisos_viviendas_unidades_superficie_ano_comuna.download
número_total,unidades,total,Metropolitana,Pudahuel,2014,770,minvu_permisos_viviendas_unidades_superficie_ano_comuna.download
número_total,unidades,total,Metropolitana,Pudahuel,2015,711,minvu_permisos_viviendas_unidades_superficie_ano_comuna.download
número_total,unidades,total,Metropolitana,Pudahuel,2016,472,minvu_permisos_viviendas_unidades_superficie_ano_comuna.download
número_total,unidades,total,Metropolitana,Pudahuel,2017,828,minvu_permisos_viviendas_unidades_superficie_ano_comuna.download
número_total,unidades,total,Metropolitana,Pudahuel,2019,236,minvu_permisos_viviendas_unidades_superficie_ano_comuna.download
número_total,unidades,total,Metropolitana,Pudahuel,2020,227,minvu_permisos_viviendas_unidades_superficie_ano_comuna.download
número_total,unidades,total,Metropolitana,Pudahuel,2021,28,minvu_permisos_viviendas_unidades_superficie_ano_comuna.download
número_total,unidades,total,Metropolitana,Pudahuel,2022,424,minvu_permisos_viviendas_unidades_superficie_ano_comuna.download
número_total,unidades,total,Metropolitana,Pudahuel,2023,677,minvu_permisos_viviendas_unidades_superficie_ano_comuna.download
número_total,unidades,total,Metropolitana,Pudahuel,2026,3,minvu_permisos_viviendas_unidades_superficie_ano_comuna.download
número_total,unidades,total,Metropolitana,Quilicura,2002,4234,minvu_permisos_viviendas_unidades_superficie_ano_comuna.download
número_total,unidades,total,Metropolitana,Quilicura,2003,2241,minvu_permisos_viviendas_unidades_superficie_ano_comuna.download
número_total,unidades,total,Metropolitana,Quilicura,2004,1961,minvu_permisos_viviendas_unidades_superficie_ano_comuna.download
número_total,unidades,total,Metropolitana,Quilicura,2005,504,minvu_permisos_viviendas_unidades_superficie_ano_comuna.download
número_total,unidades,total,Metropolitana,Quilicura,2006,1498,minvu_permisos_viviendas_unidades_superficie_ano_comuna.download
número_total,unidades,total,Metropolitana,Quilicura,2007,3229,minvu_permisos_viviendas_unidades_superficie_ano_comuna.download
número_total,unidades,total,Metropolitana,Quilicura,2008,747,minvu_permisos_viviendas_unidades_superficie_ano_comuna.download
número_total,unidades,total,Metropolitana,Quilicura,2009,983,minvu_permisos_viviendas_unidades_superficie_ano_comuna.download
número_total,unidades,total,Metropolitana,Quilicura,2010,1301,minvu_permisos_viviendas_unidades_superficie_ano_comuna.download
número_total,unidades,total,Metropolitana,Quilicura,2011,1075,minvu_permisos_viviendas_unidades_superficie_ano_comuna.download
número_total,unidades,total,Metropolitana,Quilicura,2012,1820,minvu_permisos_viviendas_unidades_superficie_ano_comuna.download
número_total,unidades,total,Metropolitana,Quilicura,2013,1004,minvu_permisos_viviendas_unidades_superficie_ano_comuna.download
número_total,unidades,total,Metropolitana,Quilicura,2014,748,minvu_permisos_viviendas_unidades_superficie_ano_comuna.download
número_total,unidades,total,Metropolitana,Quilicura,2015,388,minvu_permisos_viviendas_unidades_superficie_ano_comuna.download
número_total,unidades,total,Metropolitana,Quilicura,2016,2632,minvu_permisos_viviendas_unidades_superficie_ano_comuna.download
número_total,unidades,total,Metropolitana,Quilicura,2017,524,minvu_permisos_viviendas_unidades_superficie_ano_comuna.download
número_total,unidades,total,Metropolitana,Quilicura,2019,142,minvu_permisos_viviendas_unidades_superficie_ano_comuna.download
número_total,unidades,total,Metropolitana,Quilicura,2020,1698,minvu_permisos_viviendas_unidades_superficie_ano_comuna.download
número_total,unidades,total,Metropolitana,Quilicura,2021,561,minvu_permisos_viviendas_unidades_superficie_ano_comuna.download
número_total,unidades,total,Metropolitana,Quilicura,2022,376,minvu_permisos_viviendas_unidades_superficie_ano_comuna.download
número_total,unidades,total,Metropolitana,Quilicura,2023,2702,minvu_permisos_viviendas_unidades_superficie_ano_comuna.download
número_total,unidades,total,Metropolitana,Quilicura,2026,2,minvu_permisos_viviendas_unidades_superficie_ano_comuna.download
número_total,unidades,total,Metropolitana,Quinta Normal,2002,616,minvu_permisos_viviendas_unidades_superficie_ano_comuna.download
número_total,unidades,total,Metropolitana,Quinta Normal,2003,438,minvu_permisos_viviendas_unidades_superficie_ano_comuna.download
número_total,unidades,total,Metropolitana,Quinta Normal,2004,46,minvu_permisos_viviendas_unidades_superficie_ano_comuna.download
número_total,unidades,total,Metropolitana,Quinta Normal,2005,993,minvu_permisos_viviendas_unidades_superficie_ano_comuna.download
número_total,unidades,total,Metropolitana,Quinta Normal,2006,951,minvu_permisos_viviendas_unidades_superficie_ano_comuna.download
número_total,unidades,total,Metropolitana,Quinta Normal,2007,2108,minvu_permisos_viviendas_unidades_superficie_ano_comuna.download
número_total,unidades,total,Metropolitana,Quinta Normal,2008,754,minvu_permisos_viviendas_unidades_superficie_ano_comuna.download
número_total,unidades,total,Metropolitana,Quinta Normal,2009,1321,minvu_permisos_viviendas_unidades_superficie_ano_comuna.download
número_total,unidades,total,Metropolitana,Quinta Normal,2010,412,minvu_permisos_viviendas_unidades_superficie_ano_comuna.download
número_total,unidades,total,Metropolitana,Quinta Normal,2011,1813,minvu_permisos_viviendas_unidades_superficie_ano_comuna.download
número_total,unidades,total,Metropolitana,Quinta Normal,2012,240,minvu_permisos_viviendas_unidades_superficie_ano_comuna.download
número_total,unidades,total,Metropolitana,Quinta Normal,2013,1705,minvu_permisos_viviendas_unidades_superficie_ano_comuna.download
número_total,unidades,total,Metropolitana,Quinta Normal,2014,327,minvu_permisos_viviendas_unidades_superficie_ano_comuna.download
número_total,unidades,total,Metropolitana,Quinta Normal,2015,4344,minvu_permisos_viviendas_unidades_superficie_ano_comuna.download
número_total,unidades,total,Metropolitana,Quinta Normal,2016,3502,minvu_permisos_viviendas_unidades_superficie_ano_comuna.download
número_total,unidades,total,Metropolitana,Quinta Normal,2017,260,minvu_permisos_viviendas_unidades_superficie_ano_comuna.download
número_total,unidades,total,Metropolitana,Quinta Normal,2019,256,minvu_permisos_viviendas_unidades_superficie_ano_comuna.download
número_total,unidades,total,Metropolitana,Quinta Normal,2020,29,minvu_permisos_viviendas_unidades_superficie_ano_comuna.download
número_total,unidades,total,Metropolitana,Quinta Normal,2021,155,minvu_permisos_viviendas_unidades_superficie_ano_comuna.download
número_total,unidades,total,Metropolitana,Quinta Normal,2022,2297,minvu_permisos_viviendas_unidades_superficie_ano_comuna.download
número_total,unidades,total,Metropolitana,Quinta Normal,2023,1784,minvu_permisos_viviendas_unidades_superficie_ano_comuna.download
número_total,unidades,total,Metropolitana,Quinta Normal,2026,2,minvu_permisos_viviendas_unidades_superficie_ano_comuna.download
número_total,unidades,total,Metropolitana,Recoleta,2002,404,minvu_permisos_viviendas_unidades_superficie_ano_comuna.download
número_total,unidades,total,Metropolitana,Recoleta,2003,1545,minvu_permisos_viviendas_unidades_superficie_ano_comuna.download
número_total,unidades,total,Metropolitana,Recoleta,2004,733,minvu_permisos_viviendas_unidades_superficie_ano_comuna.download
número_total,unidades,total,Metropolitana,Recoleta,2005,1830,minvu_permisos_viviendas_unidades_superficie_ano_comuna.download
número_total,unidades,total,Metropolitana,Recoleta,2006,1451,minvu_permisos_viviendas_unidades_superficie_ano_comuna.download
número_total,unidades,total,Metropolitana,Recoleta,2007,2197,minvu_permisos_viviendas_unidades_superficie_ano_comuna.download
número_total,unidades,total,Metropolitana,Recoleta,2008,406,minvu_permisos_viviendas_unidades_superficie_ano_comuna.download
número_total,unidades,total,Metropolitana,Recoleta,2009,19,minvu_permisos_viviendas_unidades_superficie_ano_comuna.download
número_total,unidades,total,Metropolitana,Recoleta,2010,317,minvu_permisos_viviendas_unidades_superficie_ano_comuna.download
número_total,unidades,total,Metropolitana,Recoleta,2011,237,minvu_permisos_viviendas_unidades_superficie_ano_comuna.download
número_total,unidades,total,Metropolitana,Recoleta,2012,178,minvu_permisos_viviendas_unidades_superficie_ano_comuna.download
número_total,unidades,total,Metropolitana,Recoleta,2013,10,minvu_permisos_viviendas_unidades_superficie_ano_comuna.download
número_total,unidades,total,Metropolitana,Recoleta,2014,252,minvu_permisos_viviendas_unidades_superficie_ano_comuna.download
número_total,unidades,total,Metropolitana,Recoleta,2015,480,minvu_permisos_viviendas_unidades_superficie_ano_comuna.download
número_total,unidades,total,Metropolitana,Recoleta,2016,455,minvu_permisos_viviendas_unidades_superficie_ano_comuna.download
número_total,unidades,total,Metropolitana,Recoleta,2017,428,minvu_permisos_viviendas_unidades_superficie_ano_comuna.download
número_total,unidades,total,Metropolitana,Recoleta,2019,735,minvu_permisos_viviendas_unidades_superficie_ano_comuna.download
número_total,unidades,total,Metropolitana,Recoleta,2020,421,minvu_permisos_viviendas_unidades_superficie_ano_comuna.download
número_total,unidades,total,Metropolitana,Recoleta,2021,457,minvu_permisos_viviendas_unidades_superficie_ano_comuna.download
número_total,unidades,total,Metropolitana,Recoleta,2022,1139,minvu_permisos_viviendas_unidades_superficie_ano_comuna.download
número_total,unidades,total,Metropolitana,Recoleta,2023,41,minvu_permisos_viviendas_unidades_superficie_ano_comuna.download
número_total,unidades,total,Metropolitana,Recoleta,2026,1,minvu_permisos_viviendas_unidades_superficie_ano_comuna.download
número_total,unidades,total,Metropolitana,Renca,2002,33,minvu_permisos_viviendas_unidades_superficie_ano_comuna.download
número_total,unidades,total,Metropolitana,Renca,2003,448,minvu_permisos_viviendas_unidades_superficie_ano_comuna.download
número_total,unidades,total,Metropolitana,Renca,2004,651,minvu_permisos_viviendas_unidades_superficie_ano_comuna.download
número_total,unidades,total,Metropolitana,Renca,2005,336,minvu_permisos_viviendas_unidades_superficie_ano_comuna.download
número_total,unidades,total,Metropolitana,Renca,2006,1210,minvu_permisos_viviendas_unidades_superficie_ano_comuna.download
número_total,unidades,total,Metropolitana,Renca,2007,1503,minvu_permisos_viviendas_unidades_superficie_ano_comuna.download
número_total,unidades,total,Metropolitana,Renca,2008,1818,minvu_permisos_viviendas_unidades_superficie_ano_comuna.download
número_total,unidades,total,Metropolitana,Renca,2009,2201,minvu_permisos_viviendas_unidades_superficie_ano_comuna.download
número_total,unidades,total,Metropolitana,Renca,2010,1420,minvu_permisos_viviendas_unidades_superficie_ano_comuna.download
número_total,unidades,total,Metropolitana,Renca,2011,976,minvu_permisos_viviendas_unidades_superficie_ano_comuna.download
número_total,unidades,total,Metropolitana,Renca,2012,507,minvu_permisos_viviendas_unidades_superficie_ano_comuna.download
número_total,unidades,total,Metropolitana,Renca,2013,281,minvu_permisos_viviendas_unidades_superficie_ano_comuna.download
número_total,unidades,total,Metropolitana,Renca,2014,27,minvu_permisos_viviendas_unidades_superficie_ano_comuna.download
número_total,unidades,total,Metropolitana,Renca,2015,1194,minvu_permisos_viviendas_unidades_superficie_ano_comuna.download
número_total,unidades,total,Metropolitana,Renca,2016,196,minvu_permisos_viviendas_unidades_superficie_ano_comuna.download
número_total,unidades,total,Metropolitana,Renca,2017,327,minvu_permisos_viviendas_unidades_superficie_ano_comuna.download
número_total,unidades,total,Metropolitana,Renca,2019,1099,minvu_permisos_viviendas_unidades_superficie_ano_comuna.download
número_total,unidades,total,Metropolitana,Renca,2020,803,minvu_permisos_viviendas_unidades_superficie_ano_comuna.download
número_total,unidades,total,Metropolitana,Renca,2021,591,minvu_permisos_viviendas_unidades_superficie_ano_comuna.download
número_total,unidades,total,Metropolitana,Renca,2022,1100,minvu_permisos_viviendas_unidades_superficie_ano_comuna.download
número_total,unidades,total,Metropolitana,Renca,2023,738,minvu_permisos_viviendas_unidades_superficie_ano_comuna.download
número_total,unidades,total,Metropolitana,Renca,2026,1,minvu_permisos_viviendas_unidades_superficie_ano_comuna.download
número_total,unidades,total,Metropolitana,San Joaquín,2002,9,minvu_permisos_viviendas_unidades_superficie_ano_comuna.download
número_total,unidades,total,Metropolitana,San Joaquín,2003,12,minvu_permisos_viviendas_unidades_superficie_ano_comuna.download
número_total,unidades,total,Metropolitana,San Joaquín,2004,212,minvu_permisos_viviendas_unidades_superficie_ano_comuna.download
número_total,unidades,total,Metropolitana,San Joaquín,2005,153,minvu_permisos_viviendas_unidades_superficie_ano_comuna.download
número_total,unidades,total,Metropolitana,San Joaquín,2006,128,minvu_permisos_viviendas_unidades_superficie_ano_comuna.download
número_total,unidades,total,Metropolitana,San Joaquín,2007,797,minvu_permisos_viviendas_unidades_superficie_ano_comuna.download
número_total,unidades,total,Metropolitana,San Joaquín,2008,445,minvu_permisos_viviendas_unidades_superficie_ano_comuna.download
número_total,unidades,total,Metropolitana,San Joaquín,2009,2,minvu_permisos_viviendas_unidades_superficie_ano_comuna.download
número_total,unidades,total,Metropolitana,San Joaquín,2010,290,minvu_permisos_viviendas_unidades_superficie_ano_comuna.download
número_total,unidades,total,Metropolitana,San Joaquín,2011,365,minvu_permisos_viviendas_unidades_superficie_ano_comuna.download
número_total,unidades,total,Metropolitana,San Joaquín,2012,11,minvu_permisos_viviendas_unidades_superficie_ano_comuna.download
número_total,unidades,total,Metropolitana,San Joaquín,2013,427,minvu_permisos_viviendas_unidades_superficie_ano_comuna.download
número_total,unidades,total,Metropolitana,San Joaquín,2014,21,minvu_permisos_viviendas_unidades_superficie_ano_comuna.download
número_total,unidades,total,Metropolitana,San Joaquín,2015,1308,minvu_permisos_viviendas_unidades_superficie_ano_comuna.download
número_total,unidades,total,Metropolitana,San Joaquín,2016,526,minvu_permisos_viviendas_unidades_superficie_ano_comuna.download
número_total,unidades,total,Metropolitana,San Joaquín,2017,7,minvu_permisos_viviendas_unidades_superficie_ano_comuna.download
número_total,unidades,total,Metropolitana,San Joaquín,2019,1858,minvu_permisos_viviendas_unidades_superficie_ano_comuna.download
número_total,unidades,total,Metropolitana,San Joaquín,2020,494,minvu_permisos_viviendas_unidades_superficie_ano_comuna.download
número_total,unidades,total,Metropolitana,San Joaquín,2021,2183,minvu_permisos_viviendas_unidades_superficie_ano_comuna.download
número_total,unidades,total,Metropolitana,San Joaquín,2022,1488,minvu_permisos_viviendas_unidades_superficie_ano_comuna.download
número_total,unidades,total,Metropolitana,San Joaquín,2023,1246,minvu_permisos_viviendas_unidades_superficie_ano_comuna.download
número_total,unidades,total,Metropolitana,San Joaquín,2026,269,minvu_permisos_viviendas_unidades_superficie_ano_comuna.download
número_total,unidades,total,Metropolitana,San Miguel,2002,452,minvu_permisos_viviendas_unidades_superficie_ano_comuna.download
número_total,unidades,total,Metropolitana,San Miguel,2003,1119,minvu_permisos_viviendas_unidades_superficie_ano_comuna.download
número_total,unidades,total,Metropolitana,San Miguel,2004,1818,minvu_permisos_viviendas_unidades_superficie_ano_comuna.download
número_total,unidades,total,Metropolitana,San Miguel,2005,1242,minvu_permisos_viviendas_unidades_superficie_ano_comuna.download
número_total,unidades,total,Metropolitana,San Miguel,2006,1483,minvu_permisos_viviendas_unidades_superficie_ano_comuna.download
número_total,unidades,total,Metropolitana,San Miguel,2007,2237,minvu_permisos_viviendas_unidades_superficie_ano_comuna.download
número_total,unidades,total,Metropolitana,San Miguel,2008,2664,minvu_permisos_viviendas_unidades_superficie_ano_comuna.download
número_total,unidades,total,Metropolitana,San Miguel,2009,1070,minvu_permisos_viviendas_unidades_superficie_ano_comuna.download
número_total,unidades,total,Metropolitana,San Miguel,2010,972,minvu_permisos_viviendas_unidades_superficie_ano_comuna.download
número_total,unidades,total,Metropolitana,San Miguel,2011,581,minvu_permisos_viviendas_unidades_superficie_ano_comuna.download
número_total,unidades,total,Metropolitana,San Miguel,2012,1080,minvu_permisos_viviendas_unidades_superficie_ano_comuna.download
número_total,unidades,total,Metropolitana,San Miguel,2013,1435,minvu_permisos_viviendas_unidades_superficie_ano_comuna.download
número_total,unidades,total,Metropolitana,San Miguel,2014,3958,minvu_permisos_viviendas_unidades_superficie_ano_comuna.download
número_total,unidades,total,Metropolitana,San Miguel,2015,4936,minvu_permisos_viviendas_unidades_superficie_ano_comuna.download
número_total,unidades,total,Metropolitana,San Miguel,2016,6658,minvu_permisos_viviendas_unidades_superficie_ano_comuna.download
número_total,unidades,total,Metropolitana,San Miguel,2017,5279,minvu_permisos_viviendas_unidades_superficie_ano_comuna.download
número_total,unidades,total,Metropolitana,San Miguel,2019,3393,minvu_permisos_viviendas_unidades_superficie_ano_comuna.download
número_total,unidades,total,Metropolitana,San Miguel,2020,1280,minvu_permisos_viviendas_unidades_superficie_ano_comuna.download
número_total,unidades,total,Metropolitana,San Miguel,2021,151,minvu_permisos_viviendas_unidades_superficie_ano_comuna.download
número_total,unidades,total,Metropolitana,San Miguel,2022,731,minvu_permisos_viviendas_unidades_superficie_ano_comuna.download
número_total,unidades,total,Metropolitana,San Miguel,2023,115,minvu_permisos_viviendas_unidades_superficie_ano_comuna.download
número_total,unidades,total,Metropolitana,San Miguel,2026,3,minvu_permisos_viviendas_unidades_superficie_ano_comuna.download
número_total,unidades,total,Metropolitana,San Ramón,2002,51,minvu_permisos_viviendas_unidades_superficie_ano_comuna.download
número_total,unidades,total,Metropolitana,San Ramón,2003,155,minvu_permisos_viviendas_unidades_superficie_ano_comuna.download
número_total,unidades,total,Metropolitana,San Ramón,2004,182,minvu_permisos_viviendas_unidades_superficie_ano_comuna.download
número_total,unidades,total,Metropolitana,San Ramón,2005,135,minvu_permisos_viviendas_unidades_superficie_ano_comuna.download
número_total,unidades,total,Metropolitana,San Ramón,2006,132,minvu_permisos_viviendas_unidades_superficie_ano_comuna.download
número_total,unidades,total,Metropolitana,San Ramón,2007,69,minvu_permisos_viviendas_unidades_superficie_ano_comuna.download
número_total,unidades,total,Metropolitana,San Ramón,2008,318,minvu_permisos_viviendas_unidades_superficie_ano_comuna.download
número_total,unidades,total,Metropolitana,San Ramón,2009,184,minvu_permisos_viviendas_unidades_superficie_ano_comuna.download
número_total,unidades,total,Metropolitana,San Ramón,2010,152,minvu_permisos_viviendas_unidades_superficie_ano_comuna.download
número_total,unidades,total,Metropolitana,San Ramón,2011,13,minvu_permisos_viviendas_unidades_superficie_ano_comuna.download
número_total,unidades,total,Metropolitana,San Ramón,2012,30,minvu_permisos_viviendas_unidades_superficie_ano_comuna.download
número_total,unidades,total,Metropolitana,San Ramón,2013,40,minvu_permisos_viviendas_unidades_superficie_ano_comuna.download
número_total,unidades,total,Metropolitana,San Ramón,2014,42,minvu_permisos_viviendas_unidades_superficie_ano_comuna.download
número_total,unidades,total,Metropolitana,San Ramón,2015,103,minvu_permisos_viviendas_unidades_superficie_ano_comuna.download
número_total,unidades,total,Metropolitana,San Ramón,2016,108,minvu_permisos_viviendas_unidades_superficie_ano_comuna.download
número_total,unidades,total,Metropolitana,San Ramón,2017,50,minvu_permisos_viviendas_unidades_superficie_ano_comuna.download
número_total,unidades,total,Metropolitana,San Ramón,2019,46,minvu_permisos_viviendas_unidades_superficie_ano_comuna.download
número_total,unidades,total,Metropolitana,San Ramón,2020,903,minvu_permisos_viviendas_unidades_superficie_ano_comuna.download
número_total,unidades,total,Metropolitana,San Ramón,2021,27,minvu_permisos_viviendas_unidades_superficie_ano_comuna.download
número_total,unidades,total,Metropolitana,San Ramón,2022,29,minvu_permisos_viviendas_unidades_superficie_ano_comuna.download
número_total,unidades,total,Metropolitana,San Ramón,2023,313,minvu_permisos_viviendas_unidades_superficie_ano_comuna.download
número_total,unidades,total,Metropolitana,San Ramón,2026,3,minvu_permisos_viviendas_unidades_superficie_ano_comuna.download
número_total,unidades,total,Metropolitana,Vitacura,2002,269,minvu_permisos_viviendas_unidades_superficie_ano_comuna.download
número_total,unidades,total,Metropolitana,Vitacura,2003,432,minvu_permisos_viviendas_unidades_superficie_ano_comuna.download
número_total,unidades,total,Metropolitana,Vitacura,2004,268,minvu_permisos_viviendas_unidades_superficie_ano_comuna.download
número_total,unidades,total,Metropolitana,Vitacura,2005,726,minvu_permisos_viviendas_unidades_superficie_ano_comuna.download
número_total,unidades,total,Metropolitana,Vitacura,2006,697,minvu_permisos_viviendas_unidades_superficie_ano_comuna.download
número_total,unidades,total,Metropolitana,Vitacura,2007,1728,minvu_permisos_viviendas_unidades_superficie_ano_comuna.download
número_total,unidades,total,Metropolitana,Vitacura,2008,460,minvu_permisos_viviendas_unidades_superficie_ano_comuna.download
número_total,unidades,total,Metropolitana,Vitacura,2009,762,minvu_permisos_viviendas_unidades_superficie_ano_comuna.download
número_total,unidades,total,Metropolitana,Vitacura,2010,144,minvu_permisos_viviendas_unidades_superficie_ano_comuna.download
número_total,unidades,total,Metropolitana,Vitacura,2011,272,minvu_permisos_viviendas_unidades_superficie_ano_comuna.download
número_total,unidades,total,Metropolitana,Vitacura,2012,513,minvu_permisos_viviendas_unidades_superficie_ano_comuna.download
número_total,unidades,total,Metropolitana,Vitacura,2013,1860,minvu_permisos_viviendas_unidades_superficie_ano_comuna.download
número_total,unidades,total,Metropolitana,Vitacura,2014,950,minvu_permisos_viviendas_unidades_superficie_ano_comuna.download
número_total,unidades,total,Metropolitana,Vitacura,2015,632,minvu_permisos_viviendas_unidades_superficie_ano_comuna.download
número_total,unidades,total,Metropolitana,Vitacura,2016,571,minvu_permisos_viviendas_unidades_superficie_ano_comuna.download
número_total,unidades,total,Metropolitana,Vitacura,2017,519,minvu_permisos_viviendas_unidades_superficie_ano_comuna.download
número_total,unidades,total,Metropolitana,Vitacura,2019,1886,minvu_permisos_viviendas_unidades_superficie_ano_comuna.download
número_total,unidades,total,Metropolitana,Vitacura,2020,640,minvu_permisos_viviendas_unidades_superficie_ano_comuna.download
número_total,unidades,total,Metropolitana,Vitacura,2021,623,minvu_permisos_viviendas_unidades_superficie_ano_comuna.download
número_total,unidades,total,Metropolitana,Vitacura,2022,123,minvu_permisos_viviendas_unidades_superficie_ano_comuna.download
número_total,unidades,total,Metropolitana,Vitacura,2023,368,minvu_permisos_viviendas_unidades_superficie_ano_comuna.download
número_total,unidades,total,Metropolitana,Vitacura,2026,0,minvu_permisos_viviendas_unidades_superficie_ano_comuna.download
m2_total,m2,total,Metropolitana,Santiago,2002,176090,minvu_permisos_viviendas_unidades_superficie_ano_comuna.download
m2_total,m2,total,Metropolitana,Santiago,2003,261735,minvu_permisos_viviendas_unidades_superficie_ano_comuna.download
m2_total,m2,total,Metropolitana,Santiago,2004,462049,minvu_permisos_viviendas_unidades_superficie_ano_comuna.download
m2_total,m2,total,Metropolitana,Santiago,2005,606289,minvu_permisos_viviendas_unidades_superficie_ano_comuna.download
m2_total,m2,total,Metropolitana,Santiago,2006,871463,minvu_permisos_viviendas_unidades_superficie_ano_comuna.download
m2_total,m2,total,Metropolitana,Santiago,2007,610672,minvu_permisos_viviendas_unidades_superficie_ano_comuna.download
m2_total,m2,total,Metropolitana,Santiago,2008,901279,minvu_permisos_viviendas_unidades_superficie_ano_comuna.download
m2_total,m2,total,Metropolitana,Santiago,2009,762233,minvu_permisos_viviendas_unidades_superficie_ano_comuna.download
m2_total,m2,total,Metropolitana,Santiago,2010,94043,minvu_permisos_viviendas_unidades_superficie_ano_comuna.download
m2_total,m2,total,Metropolitana,Santiago,2011,319264,minvu_permisos_viviendas_unidades_superficie_ano_comuna.download
m2_total,m2,total,Metropolitana,Santiago,2012,132893,minvu_permisos_viviendas_unidades_superficie_ano_comuna.download
m2_total,m2,total,Metropolitana,Santiago,2013,396612,minvu_permisos_viviendas_unidades_superficie_ano_comuna.download
m2_total,m2,total,Metropolitana,Santiago,2014,734382,minvu_permisos_viviendas_unidades_superficie_ano_comuna.download
m2_total,m2,total,Metropolitana,Santiago,2015,320152,minvu_permisos_viviendas_unidades_superficie_ano_comuna.download
m2_total,m2,total,Metropolitana,Santiago,2016,438195,minvu_permisos_viviendas_unidades_superficie_ano_comuna.download
m2_total,m2,total,Metropolitana,Santiago,2017,419959,minvu_permisos_viviendas_unidades_superficie_ano_comuna.download
m2_total,m2,total,Metropolitana,Santiago,2019,626682,minvu_permisos_viviendas_unidades_superficie_ano_comuna.download
m2_total,m2,total,Metropolitana,Santiago,2020,516438,minvu_permisos_viviendas_unidades_superficie_ano_comuna.download
m2_total,m2,total,Metropolitana,Santiago,2021,653406,minvu_permisos_viviendas_unidades_superficie_ano_comuna.download
m2_total,m2,total,Metropolitana,Santiago,2022,349182,minvu_permisos_viviendas_unidades_superficie_ano_comuna.download
m2_total,m2,total,Metropolitana,Santiago,2023,318913,minvu_permisos_viviendas_unidades_superficie_ano_comuna.download
m2_total,m2,total,Metropolitana,Santiago,2026,157,minvu_permisos_viviendas_unidades_superficie_ano_comuna.download
m2_total,m2,total,Metropolitana,Cerrillos,2002,16025,minvu_permisos_viviendas_unidades_superficie_ano_comuna.download
m2_total,m2,total,Metropolitana,Cerrillos,2003,9582,minvu_permisos_viviendas_unidades_superficie_ano_comuna.download
m2_total,m2,total,Metropolitana,Cerrillos,2004,68367,minvu_permisos_viviendas_unidades_superficie_ano_comuna.download
m2_total,m2,total,Metropolitana,Cerrillos,2005,60428,minvu_permisos_viviendas_unidades_superficie_ano_comuna.download
m2_total,m2,total,Metropolitana,Cerrillos,2006,29905,minvu_permisos_viviendas_unidades_superficie_ano_comuna.download
m2_total,m2,total,Metropolitana,Cerrillos,2007,40296,minvu_permisos_viviendas_unidades_superficie_ano_comuna.download
m2_total,m2,total,Metropolitana,Cerrillos,2008,63442,minvu_permisos_viviendas_unidades_superficie_ano_comuna.download
m2_total,m2,total,Metropolitana,Cerrillos,2009,20151,minvu_permisos_viviendas_unidades_superficie_ano_comuna.download
m2_total,m2,total,Metropolitana,Cerrillos,2010,21166,minvu_permisos_viviendas_unidades_superficie_ano_comuna.download
m2_total,m2,total,Metropolitana,Cerrillos,2011,20413,minvu_permisos_viviendas_unidades_superficie_ano_comuna.download
m2_total,m2,total,Metropolitana,Cerrillos,2012,92210,minvu_permisos_viviendas_unidades_superficie_ano_comuna.download
m2_total,m2,total,Metropolitana,Cerrillos,2013,576,minvu_permisos_viviendas_unidades_superficie_ano_comuna.download
m2_total,m2,total,Metropolitana,Cerrillos,2014,56908,minvu_permisos_viviendas_unidades_superficie_ano_comuna.download
m2_total,m2,total,Metropolitana,Cerrillos,2015,127000,minvu_permisos_viviendas_unidades_superficie_ano_comuna.download
m2_total,m2,total,Metropolitana,Cerrillos,2016,1857,minvu_permisos_viviendas_unidades_superficie_ano_comuna.download
m2_total,m2,total,Metropolitana,Cerrillos,2017,9952,minvu_permisos_viviendas_unidades_superficie_ano_comuna.download
m2_total,m2,total,Metropolitana,Cerrillos,2019,195292,minvu_permisos_viviendas_unidades_superficie_ano_comuna.download
m2_total,m2,total,Metropolitana,Cerrillos,2020,108810,minvu_permisos_viviendas_unidades_superficie_ano_comuna.download
m2_total,m2,total,Metropolitana,Cerrillos,2021,228605,minvu_permisos_viviendas_unidades_superficie_ano_comuna.download
m2_total,m2,total,Metropolitana,Cerrillos,2022,192757,minvu_permisos_viviendas_unidades_superficie_ano_comuna.download
m2_total,m2,total,Metropolitana,Cerrillos,2023,51145,minvu_permisos_viviendas_unidades_superficie_ano_comuna.download
m2_total,m2,total,Metropolitana,Cerrillos,2026,143,minvu_permisos_viviendas_unidades_superficie_ano_comuna.download
m2_total,m2,total,Metropolitana,Cerro Navia,2002,3739,minvu_permisos_viviendas_unidades_superficie_ano_comuna.download
m2_total,m2,total,Metropolitana,Cerro Navia,2003,5233,minvu_permisos_viviendas_unidades_superficie_ano_comuna.download
m2_total,m2,total,Metropolitana,Cerro Navia,2004,7109,minvu_permisos_viviendas_unidades_superficie_ano_comuna.download
m2_total,m2,total,Metropolitana,Cerro Navia,2005,4765,minvu_permisos_viviendas_unidades_superficie_ano_comuna.download
m2_total,m2,total,Metropolitana,Cerro Navia,2006,6045,minvu_permisos_viviendas_unidades_superficie_ano_comuna.download
m2_total,m2,total,Metropolitana,Cerro Navia,2007,12580,minvu_permisos_viviendas_unidades_superficie_ano_comuna.download
m2_total,m2,total,Metropolitana,Cerro Navia,2008,7139,minvu_permisos_viviendas_unidades_superficie_ano_comuna.download
m2_total,m2,total,Metropolitana,Cerro Navia,2009,42923,minvu_permisos_viviendas_unidades_superficie_ano_comuna.download
m2_total,m2,total,Metropolitana,Cerro Navia,2010,85247,minvu_permisos_viviendas_unidades_superficie_ano_comuna.download
m2_total,m2,total,Metropolitana,Cerro Navia,2011,2158,minvu_permisos_viviendas_unidades_superficie_ano_comuna.download
m2_total,m2,total,Metropolitana,Cerro Navia,2012,5045,minvu_permisos_viviendas_unidades_superficie_ano_comuna.download
m2_total,m2,total,Metropolitana,Cerro Navia,2013,11719,minvu_permisos_viviendas_unidades_superficie_ano_comuna.download
m2_total,m2,total,Metropolitana,Cerro Navia,2014,56053,minvu_permisos_viviendas_unidades_superficie_ano_comuna.download
m2_total,m2,total,Metropolitana,Cerro Navia,2015,10974,minvu_permisos_viviendas_unidades_superficie_ano_comuna.download
m2_total,m2,total,Metropolitana,Cerro Navia,2016,17468,minvu_permisos_viviendas_unidades_superficie_ano_comuna.download
m2_total,m2,total,Metropolitana,Cerro Navia,2017,23155,minvu_permisos_viviendas_unidades_superficie_ano_comuna.download
m2_total,m2,total,Metropolitana,Cerro Navia,2019,6175,minvu_permisos_viviendas_unidades_superficie_ano_comuna.download
m2_total,m2,total,Metropolitana,Cerro Navia,2020,7822,minvu_permisos_viviendas_unidades_superficie_ano_comuna.download
m2_total,m2,total,Metropolitana,Cerro Navia,2021,104000,minvu_permisos_viviendas_unidades_superficie_ano_comuna.download
m2_total,m2,total,Metropolitana,Cerro Navia,2022,9161,minvu_permisos_viviendas_unidades_superficie_ano_comuna.download
m2_total,m2,total,Metropolitana,Cerro Navia,2023,6026,minvu_permisos_viviendas_unidades_superficie_ano_comuna.download
m2_total,m2,total,Metropolitana,Cerro Navia,2026,466,minvu_permisos_viviendas_unidades_superficie_ano_comuna.download
m2_total,m2,total,Metropolitana,Conchalí,2002,809,minvu_permisos_viviendas_unidades_superficie_ano_comuna.download
m2_total,m2,total,Metropolitana,Conchalí,2003,1162,minvu_permisos_viviendas_unidades_superficie_ano_comuna.download
m2_total,m2,total,Metropolitana,Conchalí,2004,2700,minvu_permisos_viviendas_unidades_superficie_ano_comuna.download
m2_total,m2,total,Metropolitana,Conchalí,2005,18733,minvu_permisos_viviendas_unidades_superficie_ano_comuna.download
m2_total,m2,total,Metropolitana,Conchalí,2006,27261,minvu_permisos_viviendas_unidades_superficie_ano_comuna.download
m2_total,m2,total,Metropolitana,Conchalí,2007,30506,minvu_permisos_viviendas_unidades_superficie_ano_comuna.download
m2_total,m2,total,Metropolitana,Conchalí,2008,11700,minvu_permisos_viviendas_unidades_superficie_ano_comuna.download
m2_total,m2,total,Metropolitana,Conchalí,2009,35571,minvu_permisos_viviendas_unidades_superficie_ano_comuna.download
m2_total,m2,total,Metropolitana,Conchalí,2010,6963,minvu_permisos_viviendas_unidades_superficie_ano_comuna.download
m2_total,m2,total,Metropolitana,Conchalí,2011,17006,minvu_permisos_viviendas_unidades_superficie_ano_comuna.download
m2_total,m2,total,Metropolitana,Conchalí,2012,5900,minvu_permisos_viviendas_unidades_superficie_ano_comuna.download
m2_total,m2,total,Metropolitana,Conchalí,2013,3464,minvu_permisos_viviendas_unidades_superficie_ano_comuna.download
m2_total,m2,total,Metropolitana,Conchalí,2014,66451,minvu_permisos_viviendas_unidades_superficie_ano_comuna.download
m2_total,m2,total,Metropolitana,Conchalí,2015,12022,minvu_permisos_viviendas_unidades_superficie_ano_comuna.download
m2_total,m2,total,Metropolitana,Conchalí,2016,8187,minvu_permisos_viviendas_unidades_superficie_ano_comuna.download
m2_total,m2,total,Metropolitana,Conchalí,2017,7287,minvu_permisos_viviendas_unidades_superficie_ano_comuna.download
m2_total,m2,total,Metropolitana,Conchalí,2019,19570,minvu_permisos_viviendas_unidades_superficie_ano_comuna.download
m2_total,m2,total,Metropolitana,Conchalí,2020,35926,minvu_permisos_viviendas_unidades_superficie_ano_comuna.download
m2_total,m2,total,Metropolitana,Conchalí,2021,29466,minvu_permisos_viviendas_unidades_superficie_ano_comuna.download
m2_total,m2,total,Metropolitana,Conchalí,2022,66944,minvu_permisos_viviendas_unidades_superficie_ano_comuna.download
m2_total,m2,total,Metropolitana,Conchalí,2023,14033,minvu_permisos_viviendas_unidades_superficie_ano_comuna.download
m2_total,m2,total,Metropolitana,Conchalí,2026,0,minvu_permisos_viviendas_unidades_superficie_ano_comuna.download
m2_total,m2,total,Metropolitana,El Bosque,2002,16910,minvu_permisos_viviendas_unidades_superficie_ano_comuna.download
m2_total,m2,total,Metropolitana,El Bosque,2003,13038,minvu_permisos_viviendas_unidades_superficie_ano_comuna.download
m2_total,m2,total,Metropolitana,El Bosque,2004,6142,minvu_permisos_viviendas_unidades_superficie_ano_comuna.download
m2_total,m2,total,Metropolitana,El Bosque,2005,12220,minvu_permisos_viviendas_unidades_superficie_ano_comuna.download
m2_total,m2,total,Metropolitana,El Bosque,2006,17231,minvu_permisos_viviendas_unidades_superficie_ano_comuna.download
m2_total,m2,total,Metropolitana,El Bosque,2007,16579,minvu_permisos_viviendas_unidades_superficie_ano_comuna.download
m2_total,m2,total,Metropolitana,El Bosque,2008,10118,minvu_permisos_viviendas_unidades_superficie_ano_comuna.download
m2_total,m2,total,Metropolitana,El Bosque,2009,18970,minvu_permisos_viviendas_unidades_superficie_ano_comuna.download
m2_total,m2,total,Metropolitana,El Bosque,2010,37128,minvu_permisos_viviendas_unidades_superficie_ano_comuna.download
m2_total,m2,total,Metropolitana,El Bosque,2011,38541,minvu_permisos_viviendas_unidades_superficie_ano_comuna.download
m2_total,m2,total,Metropolitana,El Bosque,2012,1458,minvu_permisos_viviendas_unidades_superficie_ano_comuna.download
m2_total,m2,total,Metropolitana,El Bosque,2013,4088,minvu_permisos_viviendas_unidades_superficie_ano_comuna.download
m2_total,m2,total,Metropolitana,El Bosque,2014,22953,minvu_permisos_viviendas_unidades_superficie_ano_comuna.download
m2_total,m2,total,Metropolitana,El Bosque,2015,15003,minvu_permisos_viviendas_unidades_superficie_ano_comuna.download
m2_total,m2,total,Metropolitana,El Bosque,2016,73548,minvu_permisos_viviendas_unidades_superficie_ano_comuna.download
m2_total,m2,total,Metropolitana,El Bosque,2017,11858,minvu_permisos_viviendas_unidades_superficie_ano_comuna.download
m2_total,m2,total,Metropolitana,El Bosque,2019,3244,minvu_permisos_viviendas_unidades_superficie_ano_comuna.download
m2_total,m2,total,Metropolitana,El Bosque,2020,10329,minvu_permisos_viviendas_unidades_superficie_ano_comuna.download
m2_total,m2,total,Metropolitana,El Bosque,2021,32767,minvu_permisos_viviendas_unidades_superficie_ano_comuna.download
m2_total,m2,total,Metropolitana,El Bosque,2022,1232,minvu_permisos_viviendas_unidades_superficie_ano_comuna.download
m2_total,m2,total,Metropolitana,El Bosque,2023,38769,minvu_permisos_viviendas_unidades_superficie_ano_comuna.download
m2_total,m2,total,Metropolitana,El Bosque,2026,182,minvu_permisos_viviendas_unidades_superficie_ano_comuna.download
m2_total,m2,total,Metropolitana,Estación Central,2002,1375,minvu_permisos_viviendas_unidades_superficie_ano_comuna.download
m2_total,m2,total,Metropolitana,Estación Central,2003,9827,minvu_permisos_viviendas_unidades_superficie_ano_comuna.download
m2_total,m2,total,Metropolitana,Estación Central,2004,11553,minvu_permisos_viviendas_unidades_superficie_ano_comuna.download
m2_total,m2,total,Metropolitana,Estación Central,2005,11355,minvu_permisos_viviendas_unidades_superficie_ano_comuna.download
m2_total,m2,total,Metropolitana,Estación Central,2006,52518,minvu_permisos_viviendas_unidades_superficie_ano_comuna.download
m2_total,m2,total,Metropolitana,Estación Central,2007,28659,minvu_permisos_viviendas_unidades_superficie_ano_comuna.download
m2_total,m2,total,Metropolitana,Estación Central,2008,154332,minvu_permisos_viviendas_unidades_superficie_ano_comuna.download
m2_total,m2,total,Metropolitana,Estación Central,2009,70667,minvu_permisos_viviendas_unidades_superficie_ano_comuna.download
m2_total,m2,total,Metropolitana,Estación Central,2010,19077,minvu_permisos_viviendas_unidades_superficie_ano_comuna.download
m2_total,m2,total,Metropolitana,Estación Central,2011,68806,minvu_permisos_viviendas_unidades_superficie_ano_comuna.download
m2_total,m2,total,Metropolitana,Estación Central,2012,118114,minvu_permisos_viviendas_unidades_superficie_ano_comuna.download
m2_total,m2,total,Metropolitana,Estación Central,2013,102763,minvu_permisos_viviendas_unidades_superficie_ano_comuna.download
m2_total,m2,total,Metropolitana,Estación Central,2014,369437,minvu_permisos_viviendas_unidades_superficie_ano_comuna.download
m2_total,m2,total,Metropolitana,Estación Central,2015,618010,minvu_permisos_viviendas_unidades_superficie_ano_comuna.download
m2_total,m2,total,Metropolitana,Estación Central,2016,604947,minvu_permisos_viviendas_unidades_superficie_ano_comuna.download
m2_total,m2,total,Metropolitana,Estación Central,2017,242326,minvu_permisos_viviendas_unidades_superficie_ano_comuna.download
m2_total,m2,total,Metropolitana,Estación Central,2019,121105,minvu_permisos_viviendas_unidades_superficie_ano_comuna.download
m2_total,m2,total,Metropolitana,Estación Central,2020,35427,minvu_permisos_viviendas_unidades_superficie_ano_comuna.download
m2_total,m2,total,Metropolitana,Estación Central,2021,105759,minvu_permisos_viviendas_unidades_superficie_ano_comuna.download
m2_total,m2,total,Metropolitana,Estación Central,2022,75122,minvu_permisos_viviendas_unidades_superficie_ano_comuna.download
m2_total,m2,total,Metropolitana,Estación Central,2023,5867,minvu_permisos_viviendas_unidades_superficie_ano_comuna.download
m2_total,m2,total,Metropolitana,Estación Central,2026,2283,minvu_permisos_viviendas_unidades_superficie_ano_comuna.download
m2_total,m2,total,Metropolitana,Huechuraba,2002,62557,minvu_permisos_viviendas_unidades_superficie_ano_comuna.download
m2_total,m2,total,Metropolitana,Huechuraba,2003,95282,minvu_permisos_viviendas_unidades_superficie_ano_comuna.download
m2_total,m2,total,Metropolitana,Huechuraba,2004,116099,minvu_permisos_viviendas_unidades_superficie_ano_comuna.download
m2_total,m2,total,Metropolitana,Huechuraba,2005,126103,minvu_permisos_viviendas_unidades_superficie_ano_comuna.download
m2_total,m2,total,Metropolitana,Huechuraba,2006,114716,minvu_permisos_viviendas_unidades_superficie_ano_comuna.download
m2_total,m2,total,Metropolitana,Huechuraba,2007,76042,minvu_permisos_viviendas_unidades_superficie_ano_comuna.download
m2_total,m2,total,Metropolitana,Huechuraba,2008,21948,minvu_permisos_viviendas_unidades_superficie_ano_comuna.download
m2_total,m2,total,Metropolitana,Huechuraba,2009,27411,minvu_permisos_viviendas_unidades_superficie_ano_comuna.download
m2_total,m2,total,Metropolitana,Huechuraba,2010,64459,minvu_permisos_viviendas_unidades_superficie_ano_comuna.download
m2_total,m2,total,Metropolitana,Huechuraba,2011,40596,minvu_permisos_viviendas_unidades_superficie_ano_comuna.download
m2_total,m2,total,Metropolitana,Huechuraba,2012,159386,minvu_permisos_viviendas_unidades_superficie_ano_comuna.download
m2_total,m2,total,Metropolitana,Huechuraba,2013,30467,minvu_permisos_viviendas_unidades_superficie_ano_comuna.download
m2_total,m2,total,Metropolitana,Huechuraba,2014,45079,minvu_permisos_viviendas_unidades_superficie_ano_comuna.download
m2_total,m2,total,Metropolitana,Huechuraba,2015,236063,minvu_permisos_viviendas_unidades_superficie_ano_comuna.download
m2_total,m2,total,Metropolitana,Huechuraba,2016,32425,minvu_permisos_viviendas_unidades_superficie_ano_comuna.download
m2_total,m2,total,Metropolitana,Huechuraba,2017,35104,minvu_permisos_viviendas_unidades_superficie_ano_comuna.download
m2_total,m2,total,Metropolitana,Huechuraba,2019,26508,minvu_permisos_viviendas_unidades_superficie_ano_comuna.download
m2_total,m2,total,Metropolitana,Huechuraba,2020,166896,minvu_permisos_viviendas_unidades_superficie_ano_comuna.download
m2_total,m2,total,Metropolitana,Huechuraba,2021,62391,minvu_permisos_viviendas_unidades_superficie_ano_comuna.download
m2_total,m2,total,Metropolitana,Huechuraba,2022,141457,minvu_permisos_viviendas_unidades_superficie_ano_comuna.download
m2_total,m2,total,Metropolitana,Huechuraba,2023,74475,minvu_permisos_viviendas_unidades_superficie_ano_comuna.download
m2_total,m2,total,Metropolitana,Huechuraba,2026,22134,minvu_permisos_viviendas_unidades_superficie_ano_comuna.download
m2_total,m2,total,Metropolitana,Independencia,2002,13279,minvu_permisos_viviendas_unidades_superficie_ano_comuna.download
m2_total,m2,total,Metropolitana,Independencia,2003,32041,minvu_permisos_viviendas_unidades_superficie_ano_comuna.download
m2_total,m2,total,Metropolitana,Independencia,2004,29542,minvu_permisos_viviendas_unidades_superficie_ano_comuna.download
m2_total,m2,total,Metropolitana,Independencia,2005,44583,minvu_permisos_viviendas_unidades_superficie_ano_comuna.download
m2_total,m2,total,Metropolitana,Independencia,2006,60342,minvu_permisos_viviendas_unidades_superficie_ano_comuna.download
m2_total,m2,total,Metropolitana,Independencia,2007,52940,minvu_permisos_viviendas_unidades_superficie_ano_comuna.download
m2_total,m2,total,Metropolitana,Independencia,2008,40387,minvu_permisos_viviendas_unidades_superficie_ano_comuna.download
m2_total,m2,total,Metropolitana,Independencia,2009,3182,minvu_permisos_viviendas_unidades_superficie_ano_comuna.download
m2_total,m2,total,Metropolitana,Independencia,2010,37422,minvu_permisos_viviendas_unidades_superficie_ano_comuna.download
m2_total,m2,total,Metropolitana,Independencia,2011,32391,minvu_permisos_viviendas_unidades_superficie_ano_comuna.download
m2_total,m2,total,Metropolitana,Independencia,2012,132124,minvu_permisos_viviendas_unidades_superficie_ano_comuna.download
m2_total,m2,total,Metropolitana,Independencia,2013,111821,minvu_permisos_viviendas_unidades_superficie_ano_comuna.download
m2_total,m2,total,Metropolitana,Independencia,2014,217670,minvu_permisos_viviendas_unidades_superficie_ano_comuna.download
m2_total,m2,total,Metropolitana,Independencia,2015,283081,minvu_permisos_viviendas_unidades_superficie_ano_comuna.download
m2_total,m2,total,Metropolitana,Independencia,2016,221657,minvu_permisos_viviendas_unidades_superficie_ano_comuna.download
m2_total,m2,total,Metropolitana,Independencia,2017,5760,minvu_permisos_viviendas_unidades_superficie_ano_comuna.download
m2_total,m2,total,Metropolitana,Independencia,2019,177065,minvu_permisos_viviendas_unidades_superficie_ano_comuna.download
m2_total,m2,total,Metropolitana,Independencia,2020,79119,minvu_permisos_viviendas_unidades_superficie_ano_comuna.download
m2_total,m2,total,Metropolitana,Independencia,2021,54369,minvu_permisos_viviendas_unidades_superficie_ano_comuna.download
m2_total,m2,total,Metropolitana,Independencia,2022,71106,minvu_permisos_viviendas_unidades_superficie_ano_comuna.download
m2_total,m2,total,Metropolitana,Independencia,2023,14503,minvu_permisos_viviendas_unidades_superficie_ano_comuna.download
m2_total,m2,total,Metropolitana,Independencia,2026,3416,minvu_permisos_viviendas_unidades_superficie_ano_comuna.download
m2_total,m2,total,Metropolitana,La Cisterna,2002,1743,minvu_permisos_viviendas_unidades_superficie_ano_comuna.download
m2_total,m2,total,Metropolitana,La Cisterna,2003,39142,minvu_permisos_viviendas_unidades_superficie_ano_comuna.download
m2_total,m2,total,Metropolitana,La Cisterna,2004,15311,minvu_permisos_viviendas_unidades_superficie_ano_comuna.download
m2_total,m2,total,Metropolitana,La Cisterna,2005,14165,minvu_permisos_viviendas_unidades_superficie_ano_comuna.download
m2_total,m2,total,Metropolitana,La Cisterna,2006,33638,minvu_permisos_viviendas_unidades_superficie_ano_comuna.download
m2_total,m2,total,Metropolitana,La Cisterna,2007,28974,minvu_permisos_viviendas_unidades_superficie_ano_comuna.download
m2_total,m2,total,Metropolitana,La Cisterna,2008,59869,minvu_permisos_viviendas_unidades_superficie_ano_comuna.download
m2_total,m2,total,Metropolitana,La Cisterna,2009,15370,minvu_permisos_viviendas_unidades_superficie_ano_comuna.download
m2_total,m2,total,Metropolitana,La Cisterna,2010,63498,minvu_permisos_viviendas_unidades_superficie_ano_comuna.download
m2_total,m2,total,Metropolitana,La Cisterna,2011,42692,minvu_permisos_viviendas_unidades_superficie_ano_comuna.download
m2_total,m2,total,Metropolitana,La Cisterna,2012,22505,minvu_permisos_viviendas_unidades_superficie_ano_comuna.download
m2_total,m2,total,Metropolitana,La Cisterna,2013,23817,minvu_permisos_viviendas_unidades_superficie_ano_comuna.download
m2_total,m2,total,Metropolitana,La Cisterna,2014,57608,minvu_permisos_viviendas_unidades_superficie_ano_comuna.download
m2_total,m2,total,Metropolitana,La Cisterna,2015,57792,minvu_permisos_viviendas_unidades_superficie_ano_comuna.download
m2_total,m2,total,Metropolitana,La Cisterna,2016,24639,minvu_permisos_viviendas_unidades_superficie_ano_comuna.download
m2_total,m2,total,Metropolitana,La Cisterna,2017,134115,minvu_permisos_viviendas_unidades_superficie_ano_comuna.download
m2_total,m2,total,Metropolitana,La Cisterna,2019,470743,minvu_permisos_viviendas_unidades_superficie_ano_comuna.download
m2_total,m2,total,Metropolitana,La Cisterna,2020,85091,minvu_permisos_viviendas_unidades_superficie_ano_comuna.download
m2_total,m2,total,Metropolitana,La Cisterna,2021,102530,minvu_permisos_viviendas_unidades_superficie_ano_comuna.download
m2_total,m2,total,Metropolitana,La Cisterna,2022,27593,minvu_permisos_viviendas_unidades_superficie_ano_comuna.download
m2_total,m2,total,Metropolitana,La Cisterna,2023,2485,minvu_permisos_viviendas_unidades_superficie_ano_comuna.download
m2_total,m2,total,Metropolitana,La Cisterna,2026,140,minvu_permisos_viviendas_unidades_superficie_ano_comuna.download
m2_total,m2,total,Metropolitana,La Florida,2002,175889,minvu_permisos_viviendas_unidades_superficie_ano_comuna.download
m2_total,m2,total,Metropolitana,La Florida,2003,99435,minvu_permisos_viviendas_unidades_superficie_ano_comuna.download
m2_total,m2,total,Metropolitana,La Florida,2004,107203,minvu_permisos_viviendas_unidades_superficie_ano_comuna.download
m2_total,m2,total,Metropolitana,La Florida,2005,97480,minvu_permisos_viviendas_unidades_superficie_ano_comuna.download
m2_total,m2,total,Metropolitana,La Florida,2006,82310,minvu_permisos_viviendas_unidades_superficie_ano_comuna.download
m2_total,m2,total,Metropolitana,La Florida,2007,110819,minvu_permisos_viviendas_unidades_superficie_ano_comuna.download
m2_total,m2,total,Metropolitana,La Florida,2008,155995,minvu_permisos_viviendas_unidades_superficie_ano_comuna.download
m2_total,m2,total,Metropolitana,La Florida,2009,53397,minvu_permisos_viviendas_unidades_superficie_ano_comuna.download
m2_total,m2,total,Metropolitana,La Florida,2010,44054,minvu_permisos_viviendas_unidades_superficie_ano_comuna.download
m2_total,m2,total,Metropolitana,La Florida,2011,47014,minvu_permisos_viviendas_unidades_superficie_ano_comuna.download
m2_total,m2,total,Metropolitana,La Florida,2012,119260,minvu_permisos_viviendas_unidades_superficie_ano_comuna.download
m2_total,m2,total,Metropolitana,La Florida,2013,77348,minvu_permisos_viviendas_unidades_superficie_ano_comuna.download
m2_total,m2,total,Metropolitana,La Florida,2014,182635,minvu_permisos_viviendas_unidades_superficie_ano_comuna.download
m2_total,m2,total,Metropolitana,La Florida,2015,208725,minvu_permisos_viviendas_unidades_superficie_ano_comuna.download
m2_total,m2,total,Metropolitana,La Florida,2016,175793,minvu_permisos_viviendas_unidades_superficie_ano_comuna.download
m2_total,m2,total,Metropolitana,La Florida,2017,205182,minvu_permisos_viviendas_unidades_superficie_ano_comuna.download
m2_total,m2,total,Metropolitana,La Florida,2019,396875,minvu_permisos_viviendas_unidades_superficie_ano_comuna.download
m2_total,m2,total,Metropolitana,La Florida,2020,368468,minvu_permisos_viviendas_unidades_superficie_ano_comuna.download
m2_total,m2,total,Metropolitana,La Florida,2021,751448,minvu_permisos_viviendas_unidades_superficie_ano_comuna.download
m2_total,m2,total,Metropolitana,La Florida,2022,543455,minvu_permisos_viviendas_unidades_superficie_ano_comuna.download
m2_total,m2,total,Metropolitana,La Florida,2023,145953,minvu_permisos_viviendas_unidades_superficie_ano_comuna.download
m2_total,m2,total,Metropolitana,La Florida,2026,18902,minvu_permisos_viviendas_unidades_superficie_ano_comuna.download
m2_total,m2,total,Metropolitana,La Granja,2002,1068,minvu_permisos_viviendas_unidades_superficie_ano_comuna.download
m2_total,m2,total,Metropolitana,La Granja,2003,8147,minvu_permisos_viviendas_unidades_superficie_ano_comuna.download
m2_total,m2,total,Metropolitana,La Granja,2004,1716,minvu_permisos_viviendas_unidades_superficie_ano_comuna.download
m2_total,m2,total,Metropolitana,La Granja,2005,1279,minvu_permisos_viviendas_unidades_superficie_ano_comuna.download
m2_total,m2,total,Metropolitana,La Granja,2006,753,minvu_permisos_viviendas_unidades_superficie_ano_comuna.download
m2_total,m2,total,Metropolitana,La Granja,2007,1718,minvu_permisos_viviendas_unidades_superficie_ano_comuna.download
m2_total,m2,total,Metropolitana,La Granja,2008,1602,minvu_permisos_viviendas_unidades_superficie_ano_comuna.download
m2_total,m2,total,Metropolitana,La Granja,2009,17519,minvu_permisos_viviendas_unidades_superficie_ano_comuna.download
m2_total,m2,total,Metropolitana,La Granja,2010,3216,minvu_permisos_viviendas_unidades_superficie_ano_comuna.download
m2_total,m2,total,Metropolitana,La Granja,2011,29323,minvu_permisos_viviendas_unidades_superficie_ano_comuna.download
m2_total,m2,total,Metropolitana,La Granja,2012,1015,minvu_permisos_viviendas_unidades_superficie_ano_comuna.download
m2_total,m2,total,Metropolitana,La Granja,2013,2191,minvu_permisos_viviendas_unidades_superficie_ano_comuna.download
m2_total,m2,total,Metropolitana,La Granja,2014,983,minvu_permisos_viviendas_unidades_superficie_ano_comuna.download
m2_total,m2,total,Metropolitana,La Granja,2015,18540,minvu_permisos_viviendas_unidades_superficie_ano_comuna.download
m2_total,m2,total,Metropolitana,La Granja,2016,34163,minvu_permisos_viviendas_unidades_superficie_ano_comuna.download
m2_total,m2,total,Metropolitana,La Granja,2017,23078,minvu_permisos_viviendas_unidades_superficie_ano_comuna.download
m2_total,m2,total,Metropolitana,La Granja,2019,1699,minvu_permisos_viviendas_unidades_superficie_ano_comuna.download
m2_total,m2,total,Metropolitana,La Granja,2020,13127,minvu_permisos_viviendas_unidades_superficie_ano_comuna.download
m2_total,m2,total,Metropolitana,La Granja,2021,1004,minvu_permisos_viviendas_unidades_superficie_ano_comuna.download
m2_total,m2,total,Metropolitana,La Granja,2022,42804,minvu_permisos_viviendas_unidades_superficie_ano_comuna.download
m2_total,m2,total,Metropolitana,La Granja,2023,14588,minvu_permisos_viviendas_unidades_superficie_ano_comuna.download
m2_total,m2,total,Metropolitana,La Granja,2026,225,minvu_permisos_viviendas_unidades_superficie_ano_comuna.download
m2_total,m2,total,Metropolitana,La Pintana,2002,12723,minvu_permisos_viviendas_unidades_superficie_ano_comuna.download
m2_total,m2,total,Metropolitana,La Pintana,2003,1484,minvu_permisos_viviendas_unidades_superficie_ano_comuna.download
m2_total,m2,total,Metropolitana,La Pintana,2004,19798,minvu_permisos_viviendas_unidades_superficie_ano_comuna.download
m2_total,m2,total,Metropolitana,La Pintana,2005,30643,minvu_permisos_viviendas_unidades_superficie_ano_comuna.download
m2_total,m2,total,Metropolitana,La Pintana,2006,46506,minvu_permisos_viviendas_unidades_superficie_ano_comuna.download
m2_total,m2,total,Metropolitana,La Pintana,2007,34684,minvu_permisos_viviendas_unidades_superficie_ano_comuna.download
m2_total,m2,total,Metropolitana,La Pintana,2008,11286,minvu_permisos_viviendas_unidades_superficie_ano_comuna.download
m2_total,m2,total,Metropolitana,La Pintana,2009,35279,minvu_permisos_viviendas_unidades_superficie_ano_comuna.download
m2_total,m2,total,Metropolitana,La Pintana,2010,80976,minvu_permisos_viviendas_unidades_superficie_ano_comuna.download
m2_total,m2,total,Metropolitana,La Pintana,2011,2582,minvu_permisos_viviendas_unidades_superficie_ano_comuna.download
m2_total,m2,total,Metropolitana,La Pintana,2012,6742,minvu_permisos_viviendas_unidades_superficie_ano_comuna.download
m2_total,m2,total,Metropolitana,La Pintana,2013,2954,minvu_permisos_viviendas_unidades_superficie_ano_comuna.download
m2_total,m2,total,Metropolitana,La Pintana,2014,12353,minvu_permisos_viviendas_unidades_superficie_ano_comuna.download
m2_total,m2,total,Metropolitana,La Pintana,2015,25851,minvu_permisos_viviendas_unidades_superficie_ano_comuna.download
m2_total,m2,total,Metropolitana,La Pintana,2016,3975,minvu_permisos_viviendas_unidades_superficie_ano_comuna.download
m2_total,m2,total,Metropolitana,La Pintana,2017,23686,minvu_permisos_viviendas_unidades_superficie_ano_comuna.download
m2_total,m2,total,Metropolitana,La Pintana,2019,86642,minvu_permisos_viviendas_unidades_superficie_ano_comuna.download
m2_total,m2,total,Metropolitana,La Pintana,2020,1578,minvu_permisos_viviendas_unidades_superficie_ano_comuna.download
m2_total,m2,total,Metropolitana,La Pintana,2021,39901,minvu_permisos_viviendas_unidades_superficie_ano_comuna.download
m2_total,m2,total,Metropolitana,La Pintana,2022,97589,minvu_permisos_viviendas_unidades_superficie_ano_comuna.download
m2_total,m2,total,Metropolitana,La Pintana,2023,21426,minvu_permisos_viviendas_unidades_superficie_ano_comuna.download
m2_total,m2,total,Metropolitana,La Pintana,2026,78267,minvu_permisos_viviendas_unidades_superficie_ano_comuna.download
m2_total,m2,total,Metropolitana,La Reina,2002,17297,minvu_permisos_viviendas_unidades_superficie_ano_comuna.download
m2_total,m2,total,Metropolitana,La Reina,2003,36030,minvu_permisos_viviendas_unidades_superficie_ano_comuna.download
m2_total,m2,total,Metropolitana,La Reina,2004,43741,minvu_permisos_viviendas_unidades_superficie_ano_comuna.download
m2_total,m2,total,Metropolitana,La Reina,2005,54081,minvu_permisos_viviendas_unidades_superficie_ano_comuna.download
m2_total,m2,total,Metropolitana,La Reina,2006,34020,minvu_permisos_viviendas_unidades_superficie_ano_comuna.download
m2_total,m2,total,Metropolitana,La Reina,2007,23269,minvu_permisos_viviendas_unidades_superficie_ano_comuna.download
m2_total,m2,total,Metropolitana,La Reina,2008,15905,minvu_permisos_viviendas_unidades_superficie_ano_comuna.download
m2_total,m2,total,Metropolitana,La Reina,2009,48991,minvu_permisos_viviendas_unidades_superficie_ano_comuna.download
m2_total,m2,total,Metropolitana,La Reina,2010,23478,minvu_permisos_viviendas_unidades_superficie_ano_comuna.download
m2_total,m2,total,Metropolitana,La Reina,2011,39785,minvu_permisos_viviendas_unidades_superficie_ano_comuna.download
m2_total,m2,total,Metropolitana,La Reina,2012,52228,minvu_permisos_viviendas_unidades_superficie_ano_comuna.download
m2_total,m2,total,Metropolitana,La Reina,2013,47456,minvu_permisos_viviendas_unidades_superficie_ano_comuna.download
m2_total,m2,total,Metropolitana,La Reina,2014,33489,minvu_permisos_viviendas_unidades_superficie_ano_comuna.download
m2_total,m2,total,Metropolitana,La Reina,2015,134957,minvu_permisos_viviendas_unidades_superficie_ano_comuna.download
m2_total,m2,total,Metropolitana,La Reina,2016,85669,minvu_permisos_viviendas_unidades_superficie_ano_comuna.download
m2_total,m2,total,Metropolitana,La Reina,2017,47610,minvu_permisos_viviendas_unidades_superficie_ano_comuna.download
m2_total,m2,total,Metropolitana,La Reina,2019,30514,minvu_permisos_viviendas_unidades_superficie_ano_comuna.download
m2_total,m2,total,Metropolitana,La Reina,2020,3941,minvu_permisos_viviendas_unidades_superficie_ano_comuna.download
m2_total,m2,total,Metropolitana,La Reina,2021,2490,minvu_permisos_viviendas_unidades_superficie_ano_comuna.download
m2_total,m2,total,Metropolitana,La Reina,2022,22559,minvu_permisos_viviendas_unidades_superficie_ano_comuna.download
m2_total,m2,total,Metropolitana,La Reina,2023,7207,minvu_permisos_viviendas_unidades_superficie_ano_comuna.download
m2_total,m2,total,Metropolitana,La Reina,2026,120,minvu_permisos_viviendas_unidades_superficie_ano_comuna.download
m2_total,m2,total,Metropolitana,Las Condes,2002,277325,minvu_permisos_viviendas_unidades_superficie_ano_comuna.download
m2_total,m2,total,Metropolitana,Las Condes,2003,335492,minvu_permisos_viviendas_unidades_superficie_ano_comuna.download
m2_total,m2,total,Metropolitana,Las Condes,2004,603748,minvu_permisos_viviendas_unidades_superficie_ano_comuna.download
m2_total,m2,total,Metropolitana,Las Condes,2005,508270,minvu_permisos_viviendas_unidades_superficie_ano_comuna.download
m2_total,m2,total,Metropolitana,Las Condes,2006,394818,minvu_permisos_viviendas_unidades_superficie_ano_comuna.download
m2_total,m2,total,Metropolitana,Las Condes,2007,261221,minvu_permisos_viviendas_unidades_superficie_ano_comuna.download
m2_total,m2,total,Metropolitana,Las Condes,2008,277542,minvu_permisos_viviendas_unidades_superficie_ano_comuna.download
m2_total,m2,total,Metropolitana,Las Condes,2009,326425,minvu_permisos_viviendas_unidades_superficie_ano_comuna.download
m2_total,m2,total,Metropolitana,Las Condes,2010,127342,minvu_permisos_viviendas_unidades_superficie_ano_comuna.download
m2_total,m2,total,Metropolitana,Las Condes,2011,269653,minvu_permisos_viviendas_unidades_superficie_ano_comuna.download
m2_total,m2,total,Metropolitana,Las Condes,2012,343041,minvu_permisos_viviendas_unidades_superficie_ano_comuna.download
m2_total,m2,total,Metropolitana,Las Condes,2013,192064,minvu_permisos_viviendas_unidades_superficie_ano_comuna.download
m2_total,m2,total,Metropolitana,Las Condes,2014,566144,minvu_permisos_viviendas_unidades_superficie_ano_comuna.download
m2_total,m2,total,Metropolitana,Las Condes,2015,487331,minvu_permisos_viviendas_unidades_superficie_ano_comuna.download
m2_total,m2,total,Metropolitana,Las Condes,2016,208347,minvu_permisos_viviendas_unidades_superficie_ano_comuna.download
m2_total,m2,total,Metropolitana,Las Condes,2017,202124,minvu_permisos_viviendas_unidades_superficie_ano_comuna.download
m2_total,m2,total,Metropolitana,Las Condes,2019,306258,minvu_permisos_viviendas_unidades_superficie_ano_comuna.download
m2_total,m2,total,Metropolitana,Las Condes,2020,224607,minvu_permisos_viviendas_unidades_superficie_ano_comuna.download
m2_total,m2,total,Metropolitana,Las Condes,2021,262451,minvu_permisos_viviendas_unidades_superficie_ano_comuna.download
m2_total,m2,total,Metropolitana,Las Condes,2022,324490,minvu_permisos_viviendas_unidades_superficie_ano_comuna.download
m2_total,m2,total,Metropolitana,Las Condes,2023,61405,minvu_permisos_viviendas_unidades_superficie_ano_comuna.download
m2_total,m2,total,Metropolitana,Las Condes,2026,9268,minvu_permisos_viviendas_unidades_superficie_ano_comuna.download
m2_total,m2,total,Metropolitana,Lo Barnechea,2002,302622,minvu_permisos_viviendas_unidades_superficie_ano_comuna.download
m2_total,m2,total,Metropolitana,Lo Barnechea,2003,636866,minvu_permisos_viviendas_unidades_superficie_ano_comuna.download
m2_total,m2,total,Metropolitana,Lo Barnechea,2004,167224,minvu_permisos_viviendas_unidades_superficie_ano_comuna.download
m2_total,m2,total,Metropolitana,Lo Barnechea,2005,96266,minvu_permisos_viviendas_unidades_superficie_ano_comuna.download
m2_total,m2,total,Metropolitana,Lo Barnechea,2006,80140,minvu_permisos_viviendas_unidades_superficie_ano_comuna.download
m2_total,m2,total,Metropolitana,Lo Barnechea,2007,190769,minvu_permisos_viviendas_unidades_superficie_ano_comuna.download
m2_total,m2,total,Metropolitana,Lo Barnechea,2008,100310,minvu_permisos_viviendas_unidades_superficie_ano_comuna.download
m2_total,m2,total,Metropolitana,Lo Barnechea,2009,232979,minvu_permisos_viviendas_unidades_superficie_ano_comuna.download
m2_total,m2,total,Metropolitana,Lo Barnechea,2010,97732,minvu_permisos_viviendas_unidades_superficie_ano_comuna.download
m2_total,m2,total,Metropolitana,Lo Barnechea,2011,130319,minvu_permisos_viviendas_unidades_superficie_ano_comuna.download
m2_total,m2,total,Metropolitana,Lo Barnechea,2012,109884,minvu_permisos_viviendas_unidades_superficie_ano_comuna.download
m2_total,m2,total,Metropolitana,Lo Barnechea,2013,228662,minvu_permisos_viviendas_unidades_superficie_ano_comuna.download
m2_total,m2,total,Metropolitana,Lo Barnechea,2014,308512,minvu_permisos_viviendas_unidades_superficie_ano_comuna.download
m2_total,m2,total,Metropolitana,Lo Barnechea,2015,535736,minvu_permisos_viviendas_unidades_superficie_ano_comuna.download
m2_total,m2,total,Metropolitana,Lo Barnechea,2016,187275,minvu_permisos_viviendas_unidades_superficie_ano_comuna.download
m2_total,m2,total,Metropolitana,Lo Barnechea,2017,340268,minvu_permisos_viviendas_unidades_superficie_ano_comuna.download
m2_total,m2,total,Metropolitana,Lo Barnechea,2019,93717,minvu_permisos_viviendas_unidades_superficie_ano_comuna.download
m2_total,m2,total,Metropolitana,Lo Barnechea,2020,26540,minvu_permisos_viviendas_unidades_superficie_ano_comuna.download
m2_total,m2,total,Metropolitana,Lo Barnechea,2021,124087,minvu_permisos_viviendas_unidades_superficie_ano_comuna.download
m2_total,m2,total,Metropolitana,Lo Barnechea,2022,54044,minvu_permisos_viviendas_unidades_superficie_ano_comuna.download
m2_total,m2,total,Metropolitana,Lo Barnechea,2023,142973,minvu_permisos_viviendas_unidades_superficie_ano_comuna.download
m2_total,m2,total,Metropolitana,Lo Barnechea,2026,12705,minvu_permisos_viviendas_unidades_superficie_ano_comuna.download
m2_total,m2,total,Metropolitana,Lo Espejo,2002,150,minvu_permisos_viviendas_unidades_superficie_ano_comuna.download
m2_total,m2,total,Metropolitana,Lo Espejo,2003,63,minvu_permisos_viviendas_unidades_superficie_ano_comuna.download
m2_total,m2,total,Metropolitana,Lo Espejo,2004,1334,minvu_permisos_viviendas_unidades_superficie_ano_comuna.download
m2_total,m2,total,Metropolitana,Lo Espejo,2005,1460,minvu_permisos_viviendas_unidades_superficie_ano_comuna.download
m2_total,m2,total,Metropolitana,Lo Espejo,2006,2250,minvu_permisos_viviendas_unidades_superficie_ano_comuna.download
m2_total,m2,total,Metropolitana,Lo Espejo,2007,3649,minvu_permisos_viviendas_unidades_superficie_ano_comuna.download
m2_total,m2,total,Metropolitana,Lo Espejo,2008,2579,minvu_permisos_viviendas_unidades_superficie_ano_comuna.download
m2_total,m2,total,Metropolitana,Lo Espejo,2009,18855,minvu_permisos_viviendas_unidades_superficie_ano_comuna.download
m2_total,m2,total,Metropolitana,Lo Espejo,2010,81,minvu_permisos_viviendas_unidades_superficie_ano_comuna.download
m2_total,m2,total,Metropolitana,Lo Espejo,2011,2833,minvu_permisos_viviendas_unidades_superficie_ano_comuna.download
m2_total,m2,total,Metropolitana,Lo Espejo,2012,600,minvu_permisos_viviendas_unidades_superficie_ano_comuna.download
m2_total,m2,total,Metropolitana,Lo Espejo,2013,272,minvu_permisos_viviendas_unidades_superficie_ano_comuna.download
m2_total,m2,total,Metropolitana,Lo Espejo,2014,140,minvu_permisos_viviendas_unidades_superficie_ano_comuna.download
m2_total,m2,total,Metropolitana,Lo Espejo,2015,2115,minvu_permisos_viviendas_unidades_superficie_ano_comuna.download
m2_total,m2,total,Metropolitana,Lo Espejo,2016,16019,minvu_permisos_viviendas_unidades_superficie_ano_comuna.download
m2_total,m2,total,Metropolitana,Lo Espejo,2017,0,minvu_permisos_viviendas_unidades_superficie_ano_comuna.download
m2_total,m2,total,Metropolitana,Lo Espejo,2019,424,minvu_permisos_viviendas_unidades_superficie_ano_comuna.download
m2_total,m2,total,Metropolitana,Lo Espejo,2020,55,minvu_permisos_viviendas_unidades_superficie_ano_comuna.download
m2_total,m2,total,Metropolitana,Lo Espejo,2021,61,minvu_permisos_viviendas_unidades_superficie_ano_comuna.download
m2_total,m2,total,Metropolitana,Lo Espejo,2022,651,minvu_permisos_viviendas_unidades_superficie_ano_comuna.download
m2_total,m2,total,Metropolitana,Lo Espejo,2023,1305,minvu_permisos_viviendas_unidades_superficie_ano_comuna.download
m2_total,m2,total,Metropolitana,Lo Espejo,2026,96,minvu_permisos_viviendas_unidades_superficie_ano_comuna.download
m2_total,m2,total,Metropolitana,Lo Prado,2002,1562,minvu_permisos_viviendas_unidades_superficie_ano_comuna.download
m2_total,m2,total,Metropolitana,Lo Prado,2003,3511,minvu_permisos_viviendas_unidades_superficie_ano_comuna.download
m2_total,m2,total,Metropolitana,Lo Prado,2004,17007,minvu_permisos_viviendas_unidades_superficie_ano_comuna.download
m2_total,m2,total,Metropolitana,Lo Prado,2005,4707,minvu_permisos_viviendas_unidades_superficie_ano_comuna.download
m2_total,m2,total,Metropolitana,Lo Prado,2006,1385,minvu_permisos_viviendas_unidades_superficie_ano_comuna.download
m2_total,m2,total,Metropolitana,Lo Prado,2007,1796,minvu_permisos_viviendas_unidades_superficie_ano_comuna.download
m2_total,m2,total,Metropolitana,Lo Prado,2008,647,minvu_permisos_viviendas_unidades_superficie_ano_comuna.download
m2_total,m2,total,Metropolitana,Lo Prado,2009,715,minvu_permisos_viviendas_unidades_superficie_ano_comuna.download
m2_total,m2,total,Metropolitana,Lo Prado,2010,8899,minvu_permisos_viviendas_unidades_superficie_ano_comuna.download
m2_total,m2,total,Metropolitana,Lo Prado,2011,1052,minvu_permisos_viviendas_unidades_superficie_ano_comuna.download
m2_total,m2,total,Metropolitana,Lo Prado,2012,1901,minvu_permisos_viviendas_unidades_superficie_ano_comuna.download
m2_total,m2,total,Metropolitana,Lo Prado,2013,864,minvu_permisos_viviendas_unidades_superficie_ano_comuna.download
m2_total,m2,total,Metropolitana,Lo Prado,2014,1538,minvu_permisos_viviendas_unidades_superficie_ano_comuna.download
m2_total,m2,total,Metropolitana,Lo Prado,2015,24495,minvu_permisos_viviendas_unidades_superficie_ano_comuna.download
m2_total,m2,total,Metropolitana,Lo Prado,2016,8112,minvu_permisos_viviendas_unidades_superficie_ano_comuna.download
m2_total,m2,total,Metropolitana,Lo Prado,2017,6787,minvu_permisos_viviendas_unidades_superficie_ano_comuna.download
m2_total,m2,total,Metropolitana,Lo Prado,2019,7890,minvu_permisos_viviendas_unidades_superficie_ano_comuna.download
m2_total,m2,total,Metropolitana,Lo Prado,2020,5448,minvu_permisos_viviendas_unidades_superficie_ano_comuna.download
m2_total,m2,total,Metropolitana,Lo Prado,2021,1876,minvu_permisos_viviendas_unidades_superficie_ano_comuna.download
m2_total,m2,total,Metropolitana,Lo Prado,2022,2872,minvu_permisos_viviendas_unidades_superficie_ano_comuna.download
m2_total,m2,total,Metropolitana,Lo Prado,2023,1385,minvu_permisos_viviendas_unidades_superficie_ano_comuna.download
m2_total,m2,total,Metropolitana,Lo Prado,2026,274,minvu_permisos_viviendas_unidades_superficie_ano_comuna.download
m2_total,m2,total,Metropolitana,Macul,2002,10109,minvu_permisos_viviendas_unidades_superficie_ano_comuna.download
m2_total,m2,total,Metropolitana,Macul,2003,6220,minvu_permisos_viviendas_unidades_superficie_ano_comuna.download
m2_total,m2,total,Metropolitana,Macul,2004,44929,minvu_permisos_viviendas_unidades_superficie_ano_comuna.download
m2_total,m2,total,Metropolitana,Macul,2005,77761,minvu_permisos_viviendas_unidades_superficie_ano_comuna.download
m2_total,m2,total,Metropolitana,Macul,2006,100211,minvu_permisos_viviendas_unidades_superficie_ano_comuna.download
m2_total,m2,total,Metropolitana,Macul,2007,115763,minvu_permisos_viviendas_unidades_superficie_ano_comuna.download
m2_total,m2,total,Metropolitana,Macul,2008,143366,minvu_permisos_viviendas_unidades_superficie_ano_comuna.download
m2_total,m2,total,Metropolitana,Macul,2009,12817,minvu_permisos_viviendas_unidades_superficie_ano_comuna.download
m2_total,m2,total,Metropolitana,Macul,2010,9611,minvu_permisos_viviendas_unidades_superficie_ano_comuna.download
m2_total,m2,total,Metropolitana,Macul,2011,14837,minvu_permisos_viviendas_unidades_superficie_ano_comuna.download
m2_total,m2,total,Metropolitana,Macul,2012,29425,minvu_permisos_viviendas_unidades_superficie_ano_comuna.download
m2_total,m2,total,Metropolitana,Macul,2013,19804,minvu_permisos_viviendas_unidades_superficie_ano_comuna.download
m2_total,m2,total,Metropolitana,Macul,2014,218831,minvu_permisos_viviendas_unidades_superficie_ano_comuna.download
m2_total,m2,total,Metropolitana,Macul,2015,126615,minvu_permisos_viviendas_unidades_superficie_ano_comuna.download
m2_total,m2,total,Metropolitana,Macul,2016,145474,minvu_permisos_viviendas_unidades_superficie_ano_comuna.download
m2_total,m2,total,Metropolitana,Macul,2017,100368,minvu_permisos_viviendas_unidades_superficie_ano_comuna.download
m2_total,m2,total,Metropolitana,Macul,2019,311105,minvu_permisos_viviendas_unidades_superficie_ano_comuna.download
m2_total,m2,total,Metropolitana,Macul,2020,270007,minvu_permisos_viviendas_unidades_superficie_ano_comuna.download
m2_total,m2,total,Metropolitana,Macul,2021,150220,minvu_permisos_viviendas_unidades_superficie_ano_comuna.download
m2_total,m2,total,Metropolitana,Macul,2022,88302,minvu_permisos_viviendas_unidades_superficie_ano_comuna.download
m2_total,m2,total,Metropolitana,Macul,2023,81,minvu_permisos_viviendas_unidades_superficie_ano_comuna.download
m2_total,m2,total,Metropolitana,Macul,2026,0,minvu_permisos_viviendas_unidades_superficie_ano_comuna.download
m2_total,m2,total,Metropolitana,Maipú,2002,275401,minvu_permisos_viviendas_unidades_superficie_ano_comuna.download
m2_total,m2,total,Metropolitana,Maipú,2003,186906,minvu_permisos_viviendas_unidades_superficie_ano_comuna.download
m2_total,m2,total,Metropolitana,Maipú,2004,340426,minvu_permisos_viviendas_unidades_superficie_ano_comuna.download
m2_total,m2,total,Metropolitana,Maipú,2005,560666,minvu_permisos_viviendas_unidades_superficie_ano_comuna.download
m2_total,m2,total,Metropolitana,Maipú,2006,639625,minvu_permisos_viviendas_unidades_superficie_ano_comuna.download
m2_total,m2,total,Metropolitana,Maipú,2007,322363,minvu_permisos_viviendas_unidades_superficie_ano_comuna.download
m2_total,m2,total,Metropolitana,Maipú,2008,154596,minvu_permisos_viviendas_unidades_superficie_ano_comuna.download
m2_total,m2,total,Metropolitana,Maipú,2009,136378,minvu_permisos_viviendas_unidades_superficie_ano_comuna.download
m2_total,m2,total,Metropolitana,Maipú,2010,35656,minvu_permisos_viviendas_unidades_superficie_ano_comuna.download
m2_total,m2,total,Metropolitana,Maipú,2011,64761,minvu_permisos_viviendas_unidades_superficie_ano_comuna.download
m2_total,m2,total,Metropolitana,Maipú,2012,78017,minvu_permisos_viviendas_unidades_superficie_ano_comuna.download
m2_total,m2,total,Metropolitana,Maipú,2013,65463,minvu_permisos_viviendas_unidades_superficie_ano_comuna.download
m2_total,m2,total,Metropolitana,Maipú,2014,61088,minvu_permisos_viviendas_unidades_superficie_ano_comuna.download
m2_total,m2,total,Metropolitana,Maipú,2015,77353,minvu_permisos_viviendas_unidades_superficie_ano_comuna.download
m2_total,m2,total,Metropolitana,Maipú,2016,69544,minvu_permisos_viviendas_unidades_superficie_ano_comuna.download
m2_total,m2,total,Metropolitana,Maipú,2017,88704,minvu_permisos_viviendas_unidades_superficie_ano_comuna.download
m2_total,m2,total,Metropolitana,Maipú,2019,59018,minvu_permisos_viviendas_unidades_superficie_ano_comuna.download
m2_total,m2,total,Metropolitana,Maipú,2020,39978,minvu_permisos_viviendas_unidades_superficie_ano_comuna.download
m2_total,m2,total,Metropolitana,Maipú,2021,114976,minvu_permisos_viviendas_unidades_superficie_ano_comuna.download
m2_total,m2,total,Metropolitana,Maipú,2022,37650,minvu_permisos_viviendas_unidades_superficie_ano_comuna.download
m2_total,m2,total,Metropolitana,Maipú,2023,17346,minvu_permisos_viviendas_unidades_superficie_ano_comuna.download
m2_total,m2,total,Metropolitana,Maipú,2026,0,minvu_permisos_viviendas_unidades_superficie_ano_comuna.download
m2_total,m2,total,Metropolitana,Ñuñoa,2002,128695,minvu_permisos_viviendas_unidades_superficie_ano_comuna.download
m2_total,m2,total,Metropolitana,Ñuñoa,2003,118831,minvu_permisos_viviendas_unidades_superficie_ano_comuna.download
m2_total,m2,total,Metropolitana,Ñuñoa,2004,143461,minvu_permisos_viviendas_unidades_superficie_ano_comuna.download
m2_total,m2,total,Metropolitana,Ñuñoa,2005,314366,minvu_permisos_viviendas_unidades_superficie_ano_comuna.download
m2_total,m2,total,Metropolitana,Ñuñoa,2006,407621,minvu_permisos_viviendas_unidades_superficie_ano_comuna.download
m2_total,m2,total,Metropolitana,Ñuñoa,2007,397950,minvu_permisos_viviendas_unidades_superficie_ano_comuna.download
m2_total,m2,total,Metropolitana,Ñuñoa,2008,230227,minvu_permisos_viviendas_unidades_superficie_ano_comuna.download
m2_total,m2,total,Metropolitana,Ñuñoa,2009,61911,minvu_permisos_viviendas_unidades_superficie_ano_comuna.download
m2_total,m2,total,Metropolitana,Ñuñoa,2010,63343,minvu_permisos_viviendas_unidades_superficie_ano_comuna.download
m2_total,m2,total,Metropolitana,Ñuñoa,2011,185541,minvu_permisos_viviendas_unidades_superficie_ano_comuna.download
m2_total,m2,total,Metropolitana,Ñuñoa,2012,196118,minvu_permisos_viviendas_unidades_superficie_ano_comuna.download
m2_total,m2,total,Metropolitana,Ñuñoa,2013,261073,minvu_permisos_viviendas_unidades_superficie_ano_comuna.download
m2_total,m2,total,Metropolitana,Ñuñoa,2014,334568,minvu_permisos_viviendas_unidades_superficie_ano_comuna.download
m2_total,m2,total,Metropolitana,Ñuñoa,2015,625603,minvu_permisos_viviendas_unidades_superficie_ano_comuna.download
m2_total,m2,total,Metropolitana,Ñuñoa,2016,294611,minvu_permisos_viviendas_unidades_superficie_ano_comuna.download
m2_total,m2,total,Metropolitana,Ñuñoa,2017,666020,minvu_permisos_viviendas_unidades_superficie_ano_comuna.download
m2_total,m2,total,Metropolitana,Ñuñoa,2019,629055,minvu_permisos_viviendas_unidades_superficie_ano_comuna.download
m2_total,m2,total,Metropolitana,Ñuñoa,2020,800873,minvu_permisos_viviendas_unidades_superficie_ano_comuna.download
m2_total,m2,total,Metropolitana,Ñuñoa,2021,1169064,minvu_permisos_viviendas_unidades_superficie_ano_comuna.download
m2_total,m2,total,Metropolitana,Ñuñoa,2022,158567,minvu_permisos_viviendas_unidades_superficie_ano_comuna.download
m2_total,m2,total,Metropolitana,Ñuñoa,2023,7936,minvu_permisos_viviendas_unidades_superficie_ano_comuna.download
m2_total,m2,total,Metropolitana,Ñuñoa,2026,0,minvu_permisos_viviendas_unidades_superficie_ano_comuna.download
m2_total,m2,total,Metropolitana,Pedro Aguirre Cerda,2002,780,minvu_permisos_viviendas_unidades_superficie_ano_comuna.download
m2_total,m2,total,Metropolitana,Pedro Aguirre Cerda,2003,2438,minvu_permisos_viviendas_unidades_superficie_ano_comuna.download
m2_total,m2,total,Metropolitana,Pedro Aguirre Cerda,2004,965,minvu_permisos_viviendas_unidades_superficie_ano_comuna.download
m2_total,m2,total,Metropolitana,Pedro Aguirre Cerda,2005,1477,minvu_permisos_viviendas_unidades_superficie_ano_comuna.download
m2_total,m2,total,Metropolitana,Pedro Aguirre Cerda,2006,2825,minvu_permisos_viviendas_unidades_superficie_ano_comuna.download
m2_total,m2,total,Metropolitana,Pedro Aguirre Cerda,2007,1283,minvu_permisos_viviendas_unidades_superficie_ano_comuna.download
m2_total,m2,total,Metropolitana,Pedro Aguirre Cerda,2008,37370,minvu_permisos_viviendas_unidades_superficie_ano_comuna.download
m2_total,m2,total,Metropolitana,Pedro Aguirre Cerda,2009,1946,minvu_permisos_viviendas_unidades_superficie_ano_comuna.download
m2_total,m2,total,Metropolitana,Pedro Aguirre Cerda,2010,4108,minvu_permisos_viviendas_unidades_superficie_ano_comuna.download
m2_total,m2,total,Metropolitana,Pedro Aguirre Cerda,2011,3143,minvu_permisos_viviendas_unidades_superficie_ano_comuna.download
m2_total,m2,total,Metropolitana,Pedro Aguirre Cerda,2012,4209,minvu_permisos_viviendas_unidades_superficie_ano_comuna.download
m2_total,m2,total,Metropolitana,Pedro Aguirre Cerda,2013,3003,minvu_permisos_viviendas_unidades_superficie_ano_comuna.download
m2_total,m2,total,Metropolitana,Pedro Aguirre Cerda,2014,17538,minvu_permisos_viviendas_unidades_superficie_ano_comuna.download
m2_total,m2,total,Metropolitana,Pedro Aguirre Cerda,2015,3754,minvu_permisos_viviendas_unidades_superficie_ano_comuna.download
m2_total,m2,total,Metropolitana,Pedro Aguirre Cerda,2016,3567,minvu_permisos_viviendas_unidades_superficie_ano_comuna.download
m2_total,m2,total,Metropolitana,Pedro Aguirre Cerda,2017,1854,minvu_permisos_viviendas_unidades_superficie_ano_comuna.download
m2_total,m2,total,Metropolitana,Pedro Aguirre Cerda,2019,4408,minvu_permisos_viviendas_unidades_superficie_ano_comuna.download
m2_total,m2,total,Metropolitana,Pedro Aguirre Cerda,2020,16182,minvu_permisos_viviendas_unidades_superficie_ano_comuna.download
m2_total,m2,total,Metropolitana,Pedro Aguirre Cerda,2021,13054,minvu_permisos_viviendas_unidades_superficie_ano_comuna.download
m2_total,m2,total,Metropolitana,Pedro Aguirre Cerda,2022,2530,minvu_permisos_viviendas_unidades_superficie_ano_comuna.download
m2_total,m2,total,Metropolitana,Pedro Aguirre Cerda,2023,1235,minvu_permisos_viviendas_unidades_superficie_ano_comuna.download
m2_total,m2,total,Metropolitana,Pedro Aguirre Cerda,2026,235,minvu_permisos_viviendas_unidades_superficie_ano_comuna.download
m2_total,m2,total,Metropolitana,Peñalolén,2002,113292,minvu_permisos_viviendas_unidades_superficie_ano_comuna.download
m2_total,m2,total,Metropolitana,Peñalolén,2003,97944,minvu_permisos_viviendas_unidades_superficie_ano_comuna.download
m2_total,m2,total,Metropolitana,Peñalolén,2004,155310,minvu_permisos_viviendas_unidades_superficie_ano_comuna.download
m2_total,m2,total,Metropolitana,Peñalolén,2005,87786,minvu_permisos_viviendas_unidades_superficie_ano_comuna.download
m2_total,m2,total,Metropolitana,Peñalolén,2006,168530,minvu_permisos_viviendas_unidades_superficie_ano_comuna.download
m2_total,m2,total,Metropolitana,Peñalolén,2007,89583,minvu_permisos_viviendas_unidades_superficie_ano_comuna.download
m2_total,m2,total,Metropolitana,Peñalolén,2008,117115,minvu_permisos_viviendas_unidades_superficie_ano_comuna.download
m2_total,m2,total,Metropolitana,Peñalolén,2009,104148,minvu_permisos_viviendas_unidades_superficie_ano_comuna.download
m2_total,m2,total,Metropolitana,Peñalolén,2010,34169,minvu_permisos_viviendas_unidades_superficie_ano_comuna.download
m2_total,m2,total,Metropolitana,Peñalolén,2011,97157,minvu_permisos_viviendas_unidades_superficie_ano_comuna.download
m2_total,m2,total,Metropolitana,Peñalolén,2012,90510,minvu_permisos_viviendas_unidades_superficie_ano_comuna.download
m2_total,m2,total,Metropolitana,Peñalolén,2013,77291,minvu_permisos_viviendas_unidades_superficie_ano_comuna.download
m2_total,m2,total,Metropolitana,Peñalolén,2014,135924,minvu_permisos_viviendas_unidades_superficie_ano_comuna.download
m2_total,m2,total,Metropolitana,Peñalolén,2015,85284,minvu_permisos_viviendas_unidades_superficie_ano_comuna.download
m2_total,m2,total,Metropolitana,Peñalolén,2016,119509,minvu_permisos_viviendas_unidades_superficie_ano_comuna.download
m2_total,m2,total,Metropolitana,Peñalolén,2017,67054,minvu_permisos_viviendas_unidades_superficie_ano_comuna.download
m2_total,m2,total,Metropolitana,Peñalolén,2019,27809,minvu_permisos_viviendas_unidades_superficie_ano_comuna.download
m2_total,m2,total,Metropolitana,Peñalolén,2020,16817,minvu_permisos_viviendas_unidades_superficie_ano_comuna.download
m2_total,m2,total,Metropolitana,Peñalolén,2021,69291,minvu_permisos_viviendas_unidades_superficie_ano_comuna.download
m2_total,m2,total,Metropolitana,Peñalolén,2022,189208,minvu_permisos_viviendas_unidades_superficie_ano_comuna.download
m2_total,m2,total,Metropolitana,Peñalolén,2023,47167,minvu_permisos_viviendas_unidades_superficie_ano_comuna.download
m2_total,m2,total,Metropolitana,Peñalolén,2026,1546,minvu_permisos_viviendas_unidades_superficie_ano_comuna.download
m2_total,m2,total,Metropolitana,Providencia,2002,71660,minvu_permisos_viviendas_unidades_superficie_ano_comuna.download
m2_total,m2,total,Metropolitana,Providencia,2003,110141,minvu_permisos_viviendas_unidades_superficie_ano_comuna.download
m2_total,m2,total,Metropolitana,Providencia,2004,149418,minvu_permisos_viviendas_unidades_superficie_ano_comuna.download
m2_total,m2,total,Metropolitana,Providencia,2005,216765,minvu_permisos_viviendas_unidades_superficie_ano_comuna.download
m2_total,m2,total,Metropolitana,Providencia,2006,273059,minvu_permisos_viviendas_unidades_superficie_ano_comuna.download
m2_total,m2,total,Metropolitana,Providencia,2007,142794,minvu_permisos_viviendas_unidades_superficie_ano_comuna.download
m2_total,m2,total,Metropolitana,Providencia,2008,128106,minvu_permisos_viviendas_unidades_superficie_ano_comuna.download
m2_total,m2,total,Metropolitana,Providencia,2009,27183,minvu_permisos_viviendas_unidades_superficie_ano_comuna.download
m2_total,m2,total,Metropolitana,Providencia,2010,35096,minvu_permisos_viviendas_unidades_superficie_ano_comuna.download
m2_total,m2,total,Metropolitana,Providencia,2011,55652,minvu_permisos_viviendas_unidades_superficie_ano_comuna.download
m2_total,m2,total,Metropolitana,Providencia,2012,97666,minvu_permisos_viviendas_unidades_superficie_ano_comuna.download
m2_total,m2,total,Metropolitana,Providencia,2013,116338,minvu_permisos_viviendas_unidades_superficie_ano_comuna.download
m2_total,m2,total,Metropolitana,Providencia,2014,212895,minvu_permisos_viviendas_unidades_superficie_ano_comuna.download
m2_total,m2,total,Metropolitana,Providencia,2015,270421,minvu_permisos_viviendas_unidades_superficie_ano_comuna.download
m2_total,m2,total,Metropolitana,Providencia,2016,146290,minvu_permisos_viviendas_unidades_superficie_ano_comuna.download
m2_total,m2,total,Metropolitana,Providencia,2017,84673,minvu_permisos_viviendas_unidades_superficie_ano_comuna.download
m2_total,m2,total,Metropolitana,Providencia,2019,288225,minvu_permisos_viviendas_unidades_superficie_ano_comuna.download
m2_total,m2,total,Metropolitana,Providencia,2020,166021,minvu_permisos_viviendas_unidades_superficie_ano_comuna.download
m2_total,m2,total,Metropolitana,Providencia,2021,222441,minvu_permisos_viviendas_unidades_superficie_ano_comuna.download
m2_total,m2,total,Metropolitana,Providencia,2022,132439,minvu_permisos_viviendas_unidades_superficie_ano_comuna.download
m2_total,m2,total,Metropolitana,Providencia,2023,22036,minvu_permisos_viviendas_unidades_superficie_ano_comuna.download
m2_total,m2,total,Metropolitana,Providencia,2026,7090,minvu_permisos_viviendas_unidades_superficie_ano_comuna.download
m2_total,m2,total,Metropolitana,Pudahuel,2002,39948,minvu_permisos_viviendas_unidades_superficie_ano_comuna.download
m2_total,m2,total,Metropolitana,Pudahuel,2003,68437,minvu_permisos_viviendas_unidades_superficie_ano_comuna.download
m2_total,m2,total,Metropolitana,Pudahuel,2004,89636,minvu_permisos_viviendas_unidades_superficie_ano_comuna.download
m2_total,m2,total,Metropolitana,Pudahuel,2005,53539,minvu_permisos_viviendas_unidades_superficie_ano_comuna.download
m2_total,m2,total,Metropolitana,Pudahuel,2006,153735,minvu_permisos_viviendas_unidades_superficie_ano_comuna.download
m2_total,m2,total,Metropolitana,Pudahuel,2007,267001,minvu_permisos_viviendas_unidades_superficie_ano_comuna.download
m2_total,m2,total,Metropolitana,Pudahuel,2008,62962,minvu_permisos_viviendas_unidades_superficie_ano_comuna.download
m2_total,m2,total,Metropolitana,Pudahuel,2009,54285,minvu_permisos_viviendas_unidades_superficie_ano_comuna.download
m2_total,m2,total,Metropolitana,Pudahuel,2010,18788,minvu_permisos_viviendas_unidades_superficie_ano_comuna.download
m2_total,m2,total,Metropolitana,Pudahuel,2011,93309,minvu_permisos_viviendas_unidades_superficie_ano_comuna.download
m2_total,m2,total,Metropolitana,Pudahuel,2012,17335,minvu_permisos_viviendas_unidades_superficie_ano_comuna.download
m2_total,m2,total,Metropolitana,Pudahuel,2013,42649,minvu_permisos_viviendas_unidades_superficie_ano_comuna.download
m2_total,m2,total,Metropolitana,Pudahuel,2014,66280,minvu_permisos_viviendas_unidades_superficie_ano_comuna.download
m2_total,m2,total,Metropolitana,Pudahuel,2015,54724,minvu_permisos_viviendas_unidades_superficie_ano_comuna.download
m2_total,m2,total,Metropolitana,Pudahuel,2016,32701,minvu_permisos_viviendas_unidades_superficie_ano_comuna.download
m2_total,m2,total,Metropolitana,Pudahuel,2017,60278,minvu_permisos_viviendas_unidades_superficie_ano_comuna.download
m2_total,m2,total,Metropolitana,Pudahuel,2019,15218,minvu_permisos_viviendas_unidades_superficie_ano_comuna.download
m2_total,m2,total,Metropolitana,Pudahuel,2020,15655,minvu_permisos_viviendas_unidades_superficie_ano_comuna.download
m2_total,m2,total,Metropolitana,Pudahuel,2021,3969,minvu_permisos_viviendas_unidades_superficie_ano_comuna.download
m2_total,m2,total,Metropolitana,Pudahuel,2022,31062,minvu_permisos_viviendas_unidades_superficie_ano_comuna.download
m2_total,m2,total,Metropolitana,Pudahuel,2023,50640,minvu_permisos_viviendas_unidades_superficie_ano_comuna.download
m2_total,m2,total,Metropolitana,Pudahuel,2026,323,minvu_permisos_viviendas_unidades_superficie_ano_comuna.download
m2_total,m2,total,Metropolitana,Quilicura,2002,237071,minvu_permisos_viviendas_unidades_superficie_ano_comuna.download
m2_total,m2,total,Metropolitana,Quilicura,2003,140673,minvu_permisos_viviendas_unidades_superficie_ano_comuna.download
m2_total,m2,total,Metropolitana,Quilicura,2004,160215,minvu_permisos_viviendas_unidades_superficie_ano_comuna.download
m2_total,m2,total,Metropolitana,Quilicura,2005,40592,minvu_permisos_viviendas_unidades_superficie_ano_comuna.download
m2_total,m2,total,Metropolitana,Quilicura,2006,105420,minvu_permisos_viviendas_unidades_superficie_ano_comuna.download
m2_total,m2,total,Metropolitana,Quilicura,2007,239973,minvu_permisos_viviendas_unidades_superficie_ano_comuna.download
m2_total,m2,total,Metropolitana,Quilicura,2008,59579,minvu_permisos_viviendas_unidades_superficie_ano_comuna.download
m2_total,m2,total,Metropolitana,Quilicura,2009,65734,minvu_permisos_viviendas_unidades_superficie_ano_comuna.download
m2_total,m2,total,Metropolitana,Quilicura,2010,85223,minvu_permisos_viviendas_unidades_superficie_ano_comuna.download
m2_total,m2,total,Metropolitana,Quilicura,2011,72713,minvu_permisos_viviendas_unidades_superficie_ano_comuna.download
m2_total,m2,total,Metropolitana,Quilicura,2012,123557,minvu_permisos_viviendas_unidades_superficie_ano_comuna.download
m2_total,m2,total,Metropolitana,Quilicura,2013,82708,minvu_permisos_viviendas_unidades_superficie_ano_comuna.download
m2_total,m2,total,Metropolitana,Quilicura,2014,49617,minvu_permisos_viviendas_unidades_superficie_ano_comuna.download
m2_total,m2,total,Metropolitana,Quilicura,2015,25967,minvu_permisos_viviendas_unidades_superficie_ano_comuna.download
m2_total,m2,total,Metropolitana,Quilicura,2016,363129,minvu_permisos_viviendas_unidades_superficie_ano_comuna.download
m2_total,m2,total,Metropolitana,Quilicura,2017,41424,minvu_permisos_viviendas_unidades_superficie_ano_comuna.download
m2_total,m2,total,Metropolitana,Quilicura,2019,10146,minvu_permisos_viviendas_unidades_superficie_ano_comuna.download
m2_total,m2,total,Metropolitana,Quilicura,2020,100789,minvu_permisos_viviendas_unidades_superficie_ano_comuna.download
m2_total,m2,total,Metropolitana,Quilicura,2021,52280,minvu_permisos_viviendas_unidades_superficie_ano_comuna.download
m2_total,m2,total,Metropolitana,Quilicura,2022,30489,minvu_permisos_viviendas_unidades_superficie_ano_comuna.download
m2_total,m2,total,Metropolitana,Quilicura,2023,216265,minvu_permisos_viviendas_unidades_superficie_ano_comuna.download
m2_total,m2,total,Metropolitana,Quilicura,2026,117,minvu_permisos_viviendas_unidades_superficie_ano_comuna.download
m2_total,m2,total,Metropolitana,Quinta Normal,2002,34769,minvu_permisos_viviendas_unidades_superficie_ano_comuna.download
m2_total,m2,total,Metropolitana,Quinta Normal,2003,28160,minvu_permisos_viviendas_unidades_superficie_ano_comuna.download
m2_total,m2,total,Metropolitana,Quinta Normal,2004,4295,minvu_permisos_viviendas_unidades_superficie_ano_comuna.download
m2_total,m2,total,Metropolitana,Quinta Normal,2005,56814,minvu_permisos_viviendas_unidades_superficie_ano_comuna.download
m2_total,m2,total,Metropolitana,Quinta Normal,2006,54150,minvu_permisos_viviendas_unidades_superficie_ano_comuna.download
m2_total,m2,total,Metropolitana,Quinta Normal,2007,118363,minvu_permisos_viviendas_unidades_superficie_ano_comuna.download
m2_total,m2,total,Metropolitana,Quinta Normal,2008,39947,minvu_permisos_viviendas_unidades_superficie_ano_comuna.download
m2_total,m2,total,Metropolitana,Quinta Normal,2009,70177,minvu_permisos_viviendas_unidades_superficie_ano_comuna.download
m2_total,m2,total,Metropolitana,Quinta Normal,2010,22271,minvu_permisos_viviendas_unidades_superficie_ano_comuna.download
m2_total,m2,total,Metropolitana,Quinta Normal,2011,97010,minvu_permisos_viviendas_unidades_superficie_ano_comuna.download
m2_total,m2,total,Metropolitana,Quinta Normal,2012,13638,minvu_permisos_viviendas_unidades_superficie_ano_comuna.download
m2_total,m2,total,Metropolitana,Quinta Normal,2013,97182,minvu_permisos_viviendas_unidades_superficie_ano_comuna.download
m2_total,m2,total,Metropolitana,Quinta Normal,2014,18544,minvu_permisos_viviendas_unidades_superficie_ano_comuna.download
m2_total,m2,total,Metropolitana,Quinta Normal,2015,253608,minvu_permisos_viviendas_unidades_superficie_ano_comuna.download
m2_total,m2,total,Metropolitana,Quinta Normal,2016,189020,minvu_permisos_viviendas_unidades_superficie_ano_comuna.download
m2_total,m2,total,Metropolitana,Quinta Normal,2017,15519,minvu_permisos_viviendas_unidades_superficie_ano_comuna.download
m2_total,m2,total,Metropolitana,Quinta Normal,2019,19089,minvu_permisos_viviendas_unidades_superficie_ano_comuna.download
m2_total,m2,total,Metropolitana,Quinta Normal,2020,2791,minvu_permisos_viviendas_unidades_superficie_ano_comuna.download
m2_total,m2,total,Metropolitana,Quinta Normal,2021,10105,minvu_permisos_viviendas_unidades_superficie_ano_comuna.download
m2_total,m2,total,Metropolitana,Quinta Normal,2022,188737,minvu_permisos_viviendas_unidades_superficie_ano_comuna.download
m2_total,m2,total,Metropolitana,Quinta Normal,2023,141307,minvu_permisos_viviendas_unidades_superficie_ano_comuna.download
m2_total,m2,total,Metropolitana,Quinta Normal,2026,261,minvu_permisos_viviendas_unidades_superficie_ano_comuna.download
m2_total,m2,total,Metropolitana,Recoleta,2002,25602,minvu_permisos_viviendas_unidades_superficie_ano_comuna.download
m2_total,m2,total,Metropolitana,Recoleta,2003,96578,minvu_permisos_viviendas_unidades_superficie_ano_comuna.download
m2_total,m2,total,Metropolitana,Recoleta,2004,50602,minvu_permisos_viviendas_unidades_superficie_ano_comuna.download
m2_total,m2,total,Metropolitana,Recoleta,2005,107592,minvu_permisos_viviendas_unidades_superficie_ano_comuna.download
m2_total,m2,total,Metropolitana,Recoleta,2006,101553,minvu_permisos_viviendas_unidades_superficie_ano_comuna.download
m2_total,m2,total,Metropolitana,Recoleta,2007,116218,minvu_permisos_viviendas_unidades_superficie_ano_comuna.download
m2_total,m2,total,Metropolitana,Recoleta,2008,23592,minvu_permisos_viviendas_unidades_superficie_ano_comuna.download
m2_total,m2,total,Metropolitana,Recoleta,2009,2746,minvu_permisos_viviendas_unidades_superficie_ano_comuna.download
m2_total,m2,total,Metropolitana,Recoleta,2010,18578,minvu_permisos_viviendas_unidades_superficie_ano_comuna.download
m2_total,m2,total,Metropolitana,Recoleta,2011,14158,minvu_permisos_viviendas_unidades_superficie_ano_comuna.download
m2_total,m2,total,Metropolitana,Recoleta,2012,10566,minvu_permisos_viviendas_unidades_superficie_ano_comuna.download
m2_total,m2,total,Metropolitana,Recoleta,2013,1357,minvu_permisos_viviendas_unidades_superficie_ano_comuna.download
m2_total,m2,total,Metropolitana,Recoleta,2014,21531,minvu_permisos_viviendas_unidades_superficie_ano_comuna.download
m2_total,m2,total,Metropolitana,Recoleta,2015,28277,minvu_permisos_viviendas_unidades_superficie_ano_comuna.download
m2_total,m2,total,Metropolitana,Recoleta,2016,50284,minvu_permisos_viviendas_unidades_superficie_ano_comuna.download
m2_total,m2,total,Metropolitana,Recoleta,2017,35721,minvu_permisos_viviendas_unidades_superficie_ano_comuna.download
m2_total,m2,total,Metropolitana,Recoleta,2019,66511,minvu_permisos_viviendas_unidades_superficie_ano_comuna.download
m2_total,m2,total,Metropolitana,Recoleta,2020,33823,minvu_permisos_viviendas_unidades_superficie_ano_comuna.download
m2_total,m2,total,Metropolitana,Recoleta,2021,36513,minvu_permisos_viviendas_unidades_superficie_ano_comuna.download
m2_total,m2,total,Metropolitana,Recoleta,2022,87436,minvu_permisos_viviendas_unidades_superficie_ano_comuna.download
m2_total,m2,total,Metropolitana,Recoleta,2023,5215,minvu_permisos_viviendas_unidades_superficie_ano_comuna.download
m2_total,m2,total,Metropolitana,Recoleta,2026,74,minvu_permisos_viviendas_unidades_superficie_ano_comuna.download
m2_total,m2,total,Metropolitana,Renca,2002,1659,minvu_permisos_viviendas_unidades_superficie_ano_comuna.download
m2_total,m2,total,Metropolitana,Renca,2003,22591,minvu_permisos_viviendas_unidades_superficie_ano_comuna.download
m2_total,m2,total,Metropolitana,Renca,2004,39990,minvu_permisos_viviendas_unidades_superficie_ano_comuna.download
m2_total,m2,total,Metropolitana,Renca,2005,20416,minvu_permisos_viviendas_unidades_superficie_ano_comuna.download
m2_total,m2,total,Metropolitana,Renca,2006,75597,minvu_permisos_viviendas_unidades_superficie_ano_comuna.download
m2_total,m2,total,Metropolitana,Renca,2007,106990,minvu_permisos_viviendas_unidades_superficie_ano_comuna.download
m2_total,m2,total,Metropolitana,Renca,2008,115700,minvu_permisos_viviendas_unidades_superficie_ano_comuna.download
m2_total,m2,total,Metropolitana,Renca,2009,121091,minvu_permisos_viviendas_unidades_superficie_ano_comuna.download
m2_total,m2,total,Metropolitana,Renca,2010,86244,minvu_permisos_viviendas_unidades_superficie_ano_comuna.download
m2_total,m2,total,Metropolitana,Renca,2011,55725,minvu_permisos_viviendas_unidades_superficie_ano_comuna.download
m2_total,m2,total,Metropolitana,Renca,2012,35402,minvu_permisos_viviendas_unidades_superficie_ano_comuna.download
m2_total,m2,total,Metropolitana,Renca,2013,18810,minvu_permisos_viviendas_unidades_superficie_ano_comuna.download
m2_total,m2,total,Metropolitana,Renca,2014,2084,minvu_permisos_viviendas_unidades_superficie_ano_comuna.download
m2_total,m2,total,Metropolitana,Renca,2015,72054,minvu_permisos_viviendas_unidades_superficie_ano_comuna.download
m2_total,m2,total,Metropolitana,Renca,2016,12737,minvu_permisos_viviendas_unidades_superficie_ano_comuna.download
m2_total,m2,total,Metropolitana,Renca,2017,20076,minvu_permisos_viviendas_unidades_superficie_ano_comuna.download
m2_total,m2,total,Metropolitana,Renca,2019,73830,minvu_permisos_viviendas_unidades_superficie_ano_comuna.download
m2_total,m2,total,Metropolitana,Renca,2020,49478,minvu_permisos_viviendas_unidades_superficie_ano_comuna.download
m2_total,m2,total,Metropolitana,Renca,2021,35322,minvu_permisos_viviendas_unidades_superficie_ano_comuna.download
m2_total,m2,total,Metropolitana,Renca,2022,72254,minvu_permisos_viviendas_unidades_superficie_ano_comuna.download
m2_total,m2,total,Metropolitana,Renca,2023,51722,minvu_permisos_viviendas_unidades_superficie_ano_comuna.download
m2_total,m2,total,Metropolitana,Renca,2026,58,minvu_permisos_viviendas_unidades_superficie_ano_comuna.download
m2_total,m2,total,Metropolitana,San Joaquín,2002,652,minvu_permisos_viviendas_unidades_superficie_ano_comuna.download
m2_total,m2,total,Metropolitana,San Joaquín,2003,980,minvu_permisos_viviendas_unidades_superficie_ano_comuna.download
m2_total,m2,total,Metropolitana,San Joaquín,2004,11111,minvu_permisos_viviendas_unidades_superficie_ano_comuna.download
m2_total,m2,total,Metropolitana,San Joaquín,2005,9205,minvu_permisos_viviendas_unidades_superficie_ano_comuna.download
m2_total,m2,total,Metropolitana,San Joaquín,2006,6896,minvu_permisos_viviendas_unidades_superficie_ano_comuna.download
m2_total,m2,total,Metropolitana,San Joaquín,2007,54745,minvu_permisos_viviendas_unidades_superficie_ano_comuna.download
m2_total,m2,total,Metropolitana,San Joaquín,2008,24699,minvu_permisos_viviendas_unidades_superficie_ano_comuna.download
m2_total,m2,total,Metropolitana,San Joaquín,2009,199,minvu_permisos_viviendas_unidades_superficie_ano_comuna.download
m2_total,m2,total,Metropolitana,San Joaquín,2010,21369,minvu_permisos_viviendas_unidades_superficie_ano_comuna.download
m2_total,m2,total,Metropolitana,San Joaquín,2011,19763,minvu_permisos_viviendas_unidades_superficie_ano_comuna.download
m2_total,m2,total,Metropolitana,San Joaquín,2012,1269,minvu_permisos_viviendas_unidades_superficie_ano_comuna.download
m2_total,m2,total,Metropolitana,San Joaquín,2013,25573,minvu_permisos_viviendas_unidades_superficie_ano_comuna.download
m2_total,m2,total,Metropolitana,San Joaquín,2014,2300,minvu_permisos_viviendas_unidades_superficie_ano_comuna.download
m2_total,m2,total,Metropolitana,San Joaquín,2015,88880,minvu_permisos_viviendas_unidades_superficie_ano_comuna.download
m2_total,m2,total,Metropolitana,San Joaquín,2016,34698,minvu_permisos_viviendas_unidades_superficie_ano_comuna.download
m2_total,m2,total,Metropolitana,San Joaquín,2017,877,minvu_permisos_viviendas_unidades_superficie_ano_comuna.download
m2_total,m2,total,Metropolitana,San Joaquín,2019,126827,minvu_permisos_viviendas_unidades_superficie_ano_comuna.download
m2_total,m2,total,Metropolitana,San Joaquín,2020,34647,minvu_permisos_viviendas_unidades_superficie_ano_comuna.download
m2_total,m2,total,Metropolitana,San Joaquín,2021,139993,minvu_permisos_viviendas_unidades_superficie_ano_comuna.download
m2_total,m2,total,Metropolitana,San Joaquín,2022,106530,minvu_permisos_viviendas_unidades_superficie_ano_comuna.download
m2_total,m2,total,Metropolitana,San Joaquín,2023,80429,minvu_permisos_viviendas_unidades_superficie_ano_comuna.download
m2_total,m2,total,Metropolitana,San Joaquín,2026,17151,minvu_permisos_viviendas_unidades_superficie_ano_comuna.download
m2_total,m2,total,Metropolitana,San Miguel,2002,28414,minvu_permisos_viviendas_unidades_superficie_ano_comuna.download
m2_total,m2,total,Metropolitana,San Miguel,2003,76785,minvu_permisos_viviendas_unidades_superficie_ano_comuna.download
m2_total,m2,total,Metropolitana,San Miguel,2004,130076,minvu_permisos_viviendas_unidades_superficie_ano_comuna.download
m2_total,m2,total,Metropolitana,San Miguel,2005,101478,minvu_permisos_viviendas_unidades_superficie_ano_comuna.download
m2_total,m2,total,Metropolitana,San Miguel,2006,112302,minvu_permisos_viviendas_unidades_superficie_ano_comuna.download
m2_total,m2,total,Metropolitana,San Miguel,2007,170863,minvu_permisos_viviendas_unidades_superficie_ano_comuna.download
m2_total,m2,total,Metropolitana,San Miguel,2008,167457,minvu_permisos_viviendas_unidades_superficie_ano_comuna.download
m2_total,m2,total,Metropolitana,San Miguel,2009,72237,minvu_permisos_viviendas_unidades_superficie_ano_comuna.download
m2_total,m2,total,Metropolitana,San Miguel,2010,65827,minvu_permisos_viviendas_unidades_superficie_ano_comuna.download
m2_total,m2,total,Metropolitana,San Miguel,2011,40386,minvu_permisos_viviendas_unidades_superficie_ano_comuna.download
m2_total,m2,total,Metropolitana,San Miguel,2012,67466,minvu_permisos_viviendas_unidades_superficie_ano_comuna.download
m2_total,m2,total,Metropolitana,San Miguel,2013,122957,minvu_permisos_viviendas_unidades_superficie_ano_comuna.download
m2_total,m2,total,Metropolitana,San Miguel,2014,331150,minvu_permisos_viviendas_unidades_superficie_ano_comuna.download
m2_total,m2,total,Metropolitana,San Miguel,2015,388630,minvu_permisos_viviendas_unidades_superficie_ano_comuna.download
m2_total,m2,total,Metropolitana,San Miguel,2016,456084,minvu_permisos_viviendas_unidades_superficie_ano_comuna.download
m2_total,m2,total,Metropolitana,San Miguel,2017,405705,minvu_permisos_viviendas_unidades_superficie_ano_comuna.download
m2_total,m2,total,Metropolitana,San Miguel,2019,236522,minvu_permisos_viviendas_unidades_superficie_ano_comuna.download
m2_total,m2,total,Metropolitana,San Miguel,2020,102413,minvu_permisos_viviendas_unidades_superficie_ano_comuna.download
m2_total,m2,total,Metropolitana,San Miguel,2021,10065,minvu_permisos_viviendas_unidades_superficie_ano_comuna.download
m2_total,m2,total,Metropolitana,San Miguel,2022,57223,minvu_permisos_viviendas_unidades_superficie_ano_comuna.download
m2_total,m2,total,Metropolitana,San Miguel,2023,15905,minvu_permisos_viviendas_unidades_superficie_ano_comuna.download
m2_total,m2,total,Metropolitana,San Miguel,2026,746,minvu_permisos_viviendas_unidades_superficie_ano_comuna.download
m2_total,m2,total,Metropolitana,San Ramón,2002,1685,minvu_permisos_viviendas_unidades_superficie_ano_comuna.download
m2_total,m2,total,Metropolitana,San Ramón,2003,4553,minvu_permisos_viviendas_unidades_superficie_ano_comuna.download
m2_total,m2,total,Metropolitana,San Ramón,2004,6576,minvu_permisos_viviendas_unidades_superficie_ano_comuna.download
m2_total,m2,total,Metropolitana,San Ramón,2005,5577,minvu_permisos_viviendas_unidades_superficie_ano_comuna.download
m2_total,m2,total,Metropolitana,San Ramón,2006,6942,minvu_permisos_viviendas_unidades_superficie_ano_comuna.download
m2_total,m2,total,Metropolitana,San Ramón,2007,4851,minvu_permisos_viviendas_unidades_superficie_ano_comuna.download
m2_total,m2,total,Metropolitana,San Ramón,2008,18543,minvu_permisos_viviendas_unidades_superficie_ano_comuna.download
m2_total,m2,total,Metropolitana,San Ramón,2009,10643,minvu_permisos_viviendas_unidades_superficie_ano_comuna.download
m2_total,m2,total,Metropolitana,San Ramón,2010,7860,minvu_permisos_viviendas_unidades_superficie_ano_comuna.download
m2_total,m2,total,Metropolitana,San Ramón,2011,1130,minvu_permisos_viviendas_unidades_superficie_ano_comuna.download
m2_total,m2,total,Metropolitana,San Ramón,2012,2993,minvu_permisos_viviendas_unidades_superficie_ano_comuna.download
m2_total,m2,total,Metropolitana,San Ramón,2013,4067,minvu_permisos_viviendas_unidades_superficie_ano_comuna.download
m2_total,m2,total,Metropolitana,San Ramón,2014,4122,minvu_permisos_viviendas_unidades_superficie_ano_comuna.download
m2_total,m2,total,Metropolitana,San Ramón,2015,8434,minvu_permisos_viviendas_unidades_superficie_ano_comuna.download
m2_total,m2,total,Metropolitana,San Ramón,2016,9065,minvu_permisos_viviendas_unidades_superficie_ano_comuna.download
m2_total,m2,total,Metropolitana,San Ramón,2017,4098,minvu_permisos_viviendas_unidades_superficie_ano_comuna.download
m2_total,m2,total,Metropolitana,San Ramón,2019,4016,minvu_permisos_viviendas_unidades_superficie_ano_comuna.download
m2_total,m2,total,Metropolitana,San Ramón,2020,55674,minvu_permisos_viviendas_unidades_superficie_ano_comuna.download
m2_total,m2,total,Metropolitana,San Ramón,2021,2355,minvu_permisos_viviendas_unidades_superficie_ano_comuna.download
m2_total,m2,total,Metropolitana,San Ramón,2022,2608,minvu_permisos_viviendas_unidades_superficie_ano_comuna.download
m2_total,m2,total,Metropolitana,San Ramón,2023,22295,minvu_permisos_viviendas_unidades_superficie_ano_comuna.download
m2_total,m2,total,Metropolitana,San Ramón,2026,152,minvu_permisos_viviendas_unidades_superficie_ano_comuna.download
m2_total,m2,total,Metropolitana,Vitacura,2002,54389,minvu_permisos_viviendas_unidades_superficie_ano_comuna.download
m2_total,m2,total,Metropolitana,Vitacura,2003,56481,minvu_permisos_viviendas_unidades_superficie_ano_comuna.download
m2_total,m2,total,Metropolitana,Vitacura,2004,39613,minvu_permisos_viviendas_unidades_superficie_ano_comuna.download
m2_total,m2,total,Metropolitana,Vitacura,2005,122369,minvu_permisos_viviendas_unidades_superficie_ano_comuna.download
m2_total,m2,total,Metropolitana,Vitacura,2006,108918,minvu_permisos_viviendas_unidades_superficie_ano_comuna.download
m2_total,m2,total,Metropolitana,Vitacura,2007,282404,minvu_permisos_viviendas_unidades_superficie_ano_comuna.download
m2_total,m2,total,Metropolitana,Vitacura,2008,72865,minvu_permisos_viviendas_unidades_superficie_ano_comuna.download
m2_total,m2,total,Metropolitana,Vitacura,2009,80727,minvu_permisos_viviendas_unidades_superficie_ano_comuna.download
m2_total,m2,total,Metropolitana,Vitacura,2010,19856,minvu_permisos_viviendas_unidades_superficie_ano_comuna.download
m2_total,m2,total,Metropolitana,Vitacura,2011,57466,minvu_permisos_viviendas_unidades_superficie_ano_comuna.download
m2_total,m2,total,Metropolitana,Vitacura,2012,78479,minvu_permisos_viviendas_unidades_superficie_ano_comuna.download
m2_total,m2,total,Metropolitana,Vitacura,2013,307367,minvu_permisos_viviendas_unidades_superficie_ano_comuna.download
m2_total,m2,total,Metropolitana,Vitacura,2014,228375,minvu_permisos_viviendas_unidades_superficie_ano_comuna.download
m2_total,m2,total,Metropolitana,Vitacura,2015,156170,minvu_permisos_viviendas_unidades_superficie_ano_comuna.download
m2_total,m2,total,Metropolitana,Vitacura,2016,171489,minvu_permisos_viviendas_unidades_superficie_ano_comuna.download
m2_total,m2,total,Metropolitana,Vitacura,2017,117263,minvu_permisos_viviendas_unidades_superficie_ano_comuna.download
m2_total,m2,total,Metropolitana,Vitacura,2019,468289,minvu_permisos_viviendas_unidades_superficie_ano_comuna.download
m2_total,m2,total,Metropolitana,Vitacura,2020,116030,minvu_permisos_viviendas_unidades_superficie_ano_comuna.download
m2_total,m2,total,Metropolitana,Vitacura,2021,165609,minvu_permisos_viviendas_unidades_superficie_ano_comuna.download
m2_total,m2,total,Metropolitana,Vitacura,2022,31787,minvu_permisos_viviendas_unidades_superficie_ano_comuna.download
m2_total,m2,total,Metropolitana,Vitacura,2023,65445,minvu_permisos_viviendas_unidades_superficie_ano_comuna.download
m2_total,m2,total,Metropolitana,Vitacura,2026,0,minvu_permisos_viviendas_unidades_superficie_ano_comuna.download
número_departamentos,unidades,departamento,Metropolitana,Santiago,2002,3271,minvu_permisos_viviendas_unidades_superficie_ano_comuna.download
número_departamentos,unidades,departamento,Metropolitana,Santiago,2003,4890,minvu_permisos_viviendas_unidades_superficie_ano_comuna.download
número_departamentos,unidades,departamento,Metropolitana,Santiago,2004,8849,minvu_permisos_viviendas_unidades_superficie_ano_comuna.download
número_departamentos,unidades,departamento,Metropolitana,Santiago,2005,11919,minvu_permisos_viviendas_unidades_superficie_ano_comuna.download
número_departamentos,unidades,departamento,Metropolitana,Santiago,2006,15714,minvu_permisos_viviendas_unidades_superficie_ano_comuna.download
número_departamentos,unidades,departamento,Metropolitana,Santiago,2007,11769,minvu_permisos_viviendas_unidades_superficie_ano_comuna.download
número_departamentos,unidades,departamento,Metropolitana,Santiago,2008,17429,minvu_permisos_viviendas_unidades_superficie_ano_comuna.download
número_departamentos,unidades,departamento,Metropolitana,Santiago,2009,15900,minvu_permisos_viviendas_unidades_superficie_ano_comuna.download
número_departamentos,unidades,departamento,Metropolitana,Santiago,2010,1965,minvu_permisos_viviendas_unidades_superficie_ano_comuna.download
número_departamentos,unidades,departamento,Metropolitana,Santiago,2011,6215,minvu_permisos_viviendas_unidades_superficie_ano_comuna.download
número_departamentos,unidades,departamento,Metropolitana,Santiago,2012,2715,minvu_permisos_viviendas_unidades_superficie_ano_comuna.download
número_departamentos,unidades,departamento,Metropolitana,Santiago,2013,7111,minvu_permisos_viviendas_unidades_superficie_ano_comuna.download
número_departamentos,unidades,departamento,Metropolitana,Santiago,2014,10840,minvu_permisos_viviendas_unidades_superficie_ano_comuna.download
número_departamentos,unidades,departamento,Metropolitana,Santiago,2015,4527,minvu_permisos_viviendas_unidades_superficie_ano_comuna.download
número_departamentos,unidades,departamento,Metropolitana,Santiago,2016,7852,minvu_permisos_viviendas_unidades_superficie_ano_comuna.download
número_departamentos,unidades,departamento,Metropolitana,Santiago,2017,5483,minvu_permisos_viviendas_unidades_superficie_ano_comuna.download
número_departamentos,unidades,departamento,Metropolitana,Santiago,2019,9548,minvu_permisos_viviendas_unidades_superficie_ano_comuna.download
número_departamentos,unidades,departamento,Metropolitana,Santiago,2020,8967,minvu_permisos_viviendas_unidades_superficie_ano_comuna.download
número_departamentos,unidades,departamento,Metropolitana,Santiago,2021,10269,minvu_permisos_viviendas_unidades_superficie_ano_comuna.download
número_departamentos,unidades,departamento,Metropolitana,Santiago,2022,6017,minvu_permisos_viviendas_unidades_superficie_ano_comuna.download
número_departamentos,unidades,departamento,Metropolitana,Santiago,2023,4946,minvu_permisos_viviendas_unidades_superficie_ano_comuna.download
número_departamentos,unidades,departamento,Metropolitana,Santiago,2026,0,minvu_permisos_viviendas_unidades_superficie_ano_comuna.download
número_departamentos,unidades,departamento,Metropolitana,Cerrillos,2002,0,minvu_permisos_viviendas_unidades_superficie_ano_comuna.download
número_departamentos,unidades,departamento,Metropolitana,Cerrillos,2003,0,minvu_permisos_viviendas_unidades_superficie_ano_comuna.download
número_departamentos,unidades,departamento,Metropolitana,Cerrillos,2004,0,minvu_permisos_viviendas_unidades_superficie_ano_comuna.download
número_departamentos,unidades,departamento,Metropolitana,Cerrillos,2005,0,minvu_permisos_viviendas_unidades_superficie_ano_comuna.download
número_departamentos,unidades,departamento,Metropolitana,Cerrillos,2006,0,minvu_permisos_viviendas_unidades_superficie_ano_comuna.download
número_departamentos,unidades,departamento,Metropolitana,Cerrillos,2007,0,minvu_permisos_viviendas_unidades_superficie_ano_comuna.download
número_departamentos,unidades,departamento,Metropolitana,Cerrillos,2008,150,minvu_permisos_viviendas_unidades_superficie_ano_comuna.download
número_departamentos,unidades,departamento,Metropolitana,Cerrillos,2009,0,minvu_permisos_viviendas_unidades_superficie_ano_comuna.download
número_departamentos,unidades,departamento,Metropolitana,Cerrillos,2010,288,minvu_permisos_viviendas_unidades_superficie_ano_comuna.download
número_departamentos,unidades,departamento,Metropolitana,Cerrillos,2011,0,minvu_permisos_viviendas_unidades_superficie_ano_comuna.download
número_departamentos,unidades,departamento,Metropolitana,Cerrillos,2012,1055,minvu_permisos_viviendas_unidades_superficie_ano_comuna.download
número_departamentos,unidades,departamento,Metropolitana,Cerrillos,2013,0,minvu_permisos_viviendas_unidades_superficie_ano_comuna.download
número_departamentos,unidades,departamento,Metropolitana,Cerrillos,2014,260,minvu_permisos_viviendas_unidades_superficie_ano_comuna.download
número_departamentos,unidades,departamento,Metropolitana,Cerrillos,2015,828,minvu_permisos_viviendas_unidades_superficie_ano_comuna.download
número_departamentos,unidades,departamento,Metropolitana,Cerrillos,2016,0,minvu_permisos_viviendas_unidades_superficie_ano_comuna.download
número_departamentos,unidades,departamento,Metropolitana,Cerrillos,2017,140,minvu_permisos_viviendas_unidades_superficie_ano_comuna.download
número_departamentos,unidades,departamento,Metropolitana,Cerrillos,2019,2373,minvu_permisos_viviendas_unidades_superficie_ano_comuna.download
número_departamentos,unidades,departamento,Metropolitana,Cerrillos,2020,1945,minvu_permisos_viviendas_unidades_superficie_ano_comuna.download
número_departamentos,unidades,departamento,Metropolitana,Cerrillos,2021,3541,minvu_permisos_viviendas_unidades_superficie_ano_comuna.download
número_departamentos,unidades,departamento,Metropolitana,Cerrillos,2022,2966,minvu_permisos_viviendas_unidades_superficie_ano_comuna.download
número_departamentos,unidades,departamento,Metropolitana,Cerrillos,2023,660,minvu_permisos_viviendas_unidades_superficie_ano_comuna.download
número_departamentos,unidades,departamento,Metropolitana,Cerrillos,2026,0,minvu_permisos_viviendas_unidades_superficie_ano_comuna.download
número_departamentos,unidades,departamento,Metropolitana,Cerro Navia,2002,0,minvu_permisos_viviendas_unidades_superficie_ano_comuna.download
número_departamentos,unidades,departamento,Metropolitana,Cerro Navia,2003,0,minvu_permisos_viviendas_unidades_superficie_ano_comuna.download
número_departamentos,unidades,departamento,Metropolitana,Cerro Navia,2004,0,minvu_permisos_viviendas_unidades_superficie_ano_comuna.download
número_departamentos,unidades,departamento,Metropolitana,Cerro Navia,2005,0,minvu_permisos_viviendas_unidades_superficie_ano_comuna.download
número_departamentos,unidades,departamento,Metropolitana,Cerro Navia,2006,0,minvu_permisos_viviendas_unidades_superficie_ano_comuna.download
número_departamentos,unidades,departamento,Metropolitana,Cerro Navia,2007,0,minvu_permisos_viviendas_unidades_superficie_ano_comuna.download
número_departamentos,unidades,departamento,Metropolitana,Cerro Navia,2008,0,minvu_permisos_viviendas_unidades_superficie_ano_comuna.download
número_departamentos,unidades,departamento,Metropolitana,Cerro Navia,2009,0,minvu_permisos_viviendas_unidades_superficie_ano_comuna.download
número_departamentos,unidades,departamento,Metropolitana,Cerro Navia,2010,0,minvu_permisos_viviendas_unidades_superficie_ano_comuna.download
número_departamentos,unidades,departamento,Metropolitana,Cerro Navia,2011,0,minvu_permisos_viviendas_unidades_superficie_ano_comuna.download
número_departamentos,unidades,departamento,Metropolitana,Cerro Navia,2012,0,minvu_permisos_viviendas_unidades_superficie_ano_comuna.download
número_departamentos,unidades,departamento,Metropolitana,Cerro Navia,2013,0,minvu_permisos_viviendas_unidades_superficie_ano_comuna.download
número_departamentos,unidades,departamento,Metropolitana,Cerro Navia,2014,600,minvu_permisos_viviendas_unidades_superficie_ano_comuna.download
número_departamentos,unidades,departamento,Metropolitana,Cerro Navia,2015,0,minvu_permisos_viviendas_unidades_superficie_ano_comuna.download
número_departamentos,unidades,departamento,Metropolitana,Cerro Navia,2016,0,minvu_permisos_viviendas_unidades_superficie_ano_comuna.download
número_departamentos,unidades,departamento,Metropolitana,Cerro Navia,2017,230,minvu_permisos_viviendas_unidades_superficie_ano_comuna.download
número_departamentos,unidades,departamento,Metropolitana,Cerro Navia,2019,0,minvu_permisos_viviendas_unidades_superficie_ano_comuna.download
número_departamentos,unidades,departamento,Metropolitana,Cerro Navia,2020,0,minvu_permisos_viviendas_unidades_superficie_ano_comuna.download
número_departamentos,unidades,departamento,Metropolitana,Cerro Navia,2021,1598,minvu_permisos_viviendas_unidades_superficie_ano_comuna.download
número_departamentos,unidades,departamento,Metropolitana,Cerro Navia,2022,0,minvu_permisos_viviendas_unidades_superficie_ano_comuna.download
número_departamentos,unidades,departamento,Metropolitana,Cerro Navia,2023,0,minvu_permisos_viviendas_unidades_superficie_ano_comuna.download
número_departamentos,unidades,departamento,Metropolitana,Cerro Navia,2026,0,minvu_permisos_viviendas_unidades_superficie_ano_comuna.download
número_departamentos,unidades,departamento,Metropolitana,Conchalí,2002,0,minvu_permisos_viviendas_unidades_superficie_ano_comuna.download
número_departamentos,unidades,departamento,Metropolitana,Conchalí,2003,0,minvu_permisos_viviendas_unidades_superficie_ano_comuna.download
número_departamentos,unidades,departamento,Metropolitana,Conchalí,2004,0,minvu_permisos_viviendas_unidades_superficie_ano_comuna.download
número_departamentos,unidades,departamento,Metropolitana,Conchalí,2005,280,minvu_permisos_viviendas_unidades_superficie_ano_comuna.download
número_departamentos,unidades,departamento,Metropolitana,Conchalí,2006,440,minvu_permisos_viviendas_unidades_superficie_ano_comuna.download
número_departamentos,unidades,departamento,Metropolitana,Conchalí,2007,520,minvu_permisos_viviendas_unidades_superficie_ano_comuna.download
número_departamentos,unidades,departamento,Metropolitana,Conchalí,2008,155,minvu_permisos_viviendas_unidades_superficie_ano_comuna.download
número_departamentos,unidades,departamento,Metropolitana,Conchalí,2009,632,minvu_permisos_viviendas_unidades_superficie_ano_comuna.download
número_departamentos,unidades,departamento,Metropolitana,Conchalí,2010,45,minvu_permisos_viviendas_unidades_superficie_ano_comuna.download
número_departamentos,unidades,departamento,Metropolitana,Conchalí,2011,240,minvu_permisos_viviendas_unidades_superficie_ano_comuna.download
número_departamentos,unidades,departamento,Metropolitana,Conchalí,2012,0,minvu_permisos_viviendas_unidades_superficie_ano_comuna.download
número_departamentos,unidades,departamento,Metropolitana,Conchalí,2013,0,minvu_permisos_viviendas_unidades_superficie_ano_comuna.download
número_departamentos,unidades,departamento,Metropolitana,Conchalí,2014,941,minvu_permisos_viviendas_unidades_superficie_ano_comuna.download
número_departamentos,unidades,departamento,Metropolitana,Conchalí,2015,0,minvu_permisos_viviendas_unidades_superficie_ano_comuna.download
número_departamentos,unidades,departamento,Metropolitana,Conchalí,2016,7,minvu_permisos_viviendas_unidades_superficie_ano_comuna.download
número_departamentos,unidades,departamento,Metropolitana,Conchalí,2017,0,minvu_permisos_viviendas_unidades_superficie_ano_comuna.download
número_departamentos,unidades,departamento,Metropolitana,Conchalí,2019,255,minvu_permisos_viviendas_unidades_superficie_ano_comuna.download
número_departamentos,unidades,departamento,Metropolitana,Conchalí,2020,578,minvu_permisos_viviendas_unidades_superficie_ano_comuna.download
número_departamentos,unidades,departamento,Metropolitana,Conchalí,2021,406,minvu_permisos_viviendas_unidades_superficie_ano_comuna.download
número_departamentos,unidades,departamento,Metropolitana,Conchalí,2022,1053,minvu_permisos_viviendas_unidades_superficie_ano_comuna.download
número_departamentos,unidades,departamento,Metropolitana,Conchalí,2023,223,minvu_permisos_viviendas_unidades_superficie_ano_comuna.download
número_departamentos,unidades,departamento,Metropolitana,Conchalí,2026,0,minvu_permisos_viviendas_unidades_superficie_ano_comuna.download
número_departamentos,unidades,departamento,Metropolitana,El Bosque,2002,0,minvu_permisos_viviendas_unidades_superficie_ano_comuna.download
número_departamentos,unidades,departamento,Metropolitana,El Bosque,2003,0,minvu_permisos_viviendas_unidades_superficie_ano_comuna.download
número_departamentos,unidades,departamento,Metropolitana,El Bosque,2004,0,minvu_permisos_viviendas_unidades_superficie_ano_comuna.download
número_departamentos,unidades,departamento,Metropolitana,El Bosque,2005,0,minvu_permisos_viviendas_unidades_superficie_ano_comuna.download
número_departamentos,unidades,departamento,Metropolitana,El Bosque,2006,96,minvu_permisos_viviendas_unidades_superficie_ano_comuna.download
número_departamentos,unidades,departamento,Metropolitana,El Bosque,2007,0,minvu_permisos_viviendas_unidades_superficie_ano_comuna.download
número_departamentos,unidades,departamento,Metropolitana,El Bosque,2008,0,minvu_permisos_viviendas_unidades_superficie_ano_comuna.download
número_departamentos,unidades,departamento,Metropolitana,El Bosque,2009,80,minvu_permisos_viviendas_unidades_superficie_ano_comuna.download
número_departamentos,unidades,departamento,Metropolitana,El Bosque,2010,476,minvu_permisos_viviendas_unidades_superficie_ano_comuna.download
número_departamentos,unidades,departamento,Metropolitana,El Bosque,2011,520,minvu_permisos_viviendas_unidades_superficie_ano_comuna.download
número_departamentos,unidades,departamento,Metropolitana,El Bosque,2012,0,minvu_permisos_viviendas_unidades_superficie_ano_comuna.download
número_departamentos,unidades,departamento,Metropolitana,El Bosque,2013,0,minvu_permisos_viviendas_unidades_superficie_ano_comuna.download
número_departamentos,unidades,departamento,Metropolitana,El Bosque,2014,260,minvu_permisos_viviendas_unidades_superficie_ano_comuna.download
número_departamentos,unidades,departamento,Metropolitana,El Bosque,2015,160,minvu_permisos_viviendas_unidades_superficie_ano_comuna.download
número_departamentos,unidades,departamento,Metropolitana,El Bosque,2016,956,minvu_permisos_viviendas_unidades_superficie_ano_comuna.download
número_departamentos,unidades,departamento,Metropolitana,El Bosque,2017,80,minvu_permisos_viviendas_unidades_superficie_ano_comuna.download
número_departamentos,unidades,departamento,Metropolitana,El Bosque,2019,0,minvu_permisos_viviendas_unidades_superficie_ano_comuna.download
número_departamentos,unidades,departamento,Metropolitana,El Bosque,2020,160,minvu_permisos_viviendas_unidades_superficie_ano_comuna.download
número_departamentos,unidades,departamento,Metropolitana,El Bosque,2021,520,minvu_permisos_viviendas_unidades_superficie_ano_comuna.download
número_departamentos,unidades,departamento,Metropolitana,El Bosque,2022,0,minvu_permisos_viviendas_unidades_superficie_ano_comuna.download
número_departamentos,unidades,departamento,Metropolitana,El Bosque,2023,594,minvu_permisos_viviendas_unidades_superficie_ano_comuna.download
número_departamentos,unidades,departamento,Metropolitana,El Bosque,2026,0,minvu_permisos_viviendas_unidades_superficie_ano_comuna.download
número_departamentos,unidades,departamento,Metropolitana,Estación Central,2002,0,minvu_permisos_viviendas_unidades_superficie_ano_comuna.download
número_departamentos,unidades,departamento,Metropolitana,Estación Central,2003,118,minvu_permisos_viviendas_unidades_superficie_ano_comuna.download
número_departamentos,unidades,departamento,Metropolitana,Estación Central,2004,118,minvu_permisos_viviendas_unidades_superficie_ano_comuna.download
número_departamentos,unidades,departamento,Metropolitana,Estación Central,2005,62,minvu_permisos_viviendas_unidades_superficie_ano_comuna.download
número_departamentos,unidades,departamento,Metropolitana,Estación Central,2006,642,minvu_permisos_viviendas_unidades_superficie_ano_comuna.download
número_departamentos,unidades,departamento,Metropolitana,Estación Central,2007,412,minvu_permisos_viviendas_unidades_superficie_ano_comuna.download
número_departamentos,unidades,departamento,Metropolitana,Estación Central,2008,2780,minvu_permisos_viviendas_unidades_superficie_ano_comuna.download
número_departamentos,unidades,departamento,Metropolitana,Estación Central,2009,1213,minvu_permisos_viviendas_unidades_superficie_ano_comuna.download
número_departamentos,unidades,departamento,Metropolitana,Estación Central,2010,192,minvu_permisos_viviendas_unidades_superficie_ano_comuna.download
número_departamentos,unidades,departamento,Metropolitana,Estación Central,2011,1223,minvu_permisos_viviendas_unidades_superficie_ano_comuna.download
número_departamentos,unidades,departamento,Metropolitana,Estación Central,2012,2592,minvu_permisos_viviendas_unidades_superficie_ano_comuna.download
número_departamentos,unidades,departamento,Metropolitana,Estación Central,2013,2157,minvu_permisos_viviendas_unidades_superficie_ano_comuna.download
número_departamentos,unidades,departamento,Metropolitana,Estación Central,2014,7710,minvu_permisos_viviendas_unidades_superficie_ano_comuna.download
número_departamentos,unidades,departamento,Metropolitana,Estación Central,2015,11308,minvu_permisos_viviendas_unidades_superficie_ano_comuna.download
número_departamentos,unidades,departamento,Metropolitana,Estación Central,2016,10972,minvu_permisos_viviendas_unidades_superficie_ano_comuna.download
número_departamentos,unidades,departamento,Metropolitana,Estación Central,2017,4303,minvu_permisos_viviendas_unidades_superficie_ano_comuna.download
número_departamentos,unidades,departamento,Metropolitana,Estación Central,2019,2248,minvu_permisos_viviendas_unidades_superficie_ano_comuna.download
número_departamentos,unidades,departamento,Metropolitana,Estación Central,2020,626,minvu_permisos_viviendas_unidades_superficie_ano_comuna.download
número_departamentos,unidades,departamento,Metropolitana,Estación Central,2021,1671,minvu_permisos_viviendas_unidades_superficie_ano_comuna.download
número_departamentos,unidades,departamento,Metropolitana,Estación Central,2022,1373,minvu_permisos_viviendas_unidades_superficie_ano_comuna.download
número_departamentos,unidades,departamento,Metropolitana,Estación Central,2023,92,minvu_permisos_viviendas_unidades_superficie_ano_comuna.download
número_departamentos,unidades,departamento,Metropolitana,Estación Central,2026,49,minvu_permisos_viviendas_unidades_superficie_ano_comuna.download
número_departamentos,unidades,departamento,Metropolitana,Huechuraba,2002,0,minvu_permisos_viviendas_unidades_superficie_ano_comuna.download
número_departamentos,unidades,departamento,Metropolitana,Huechuraba,2003,508,minvu_permisos_viviendas_unidades_superficie_ano_comuna.download
número_departamentos,unidades,departamento,Metropolitana,Huechuraba,2004,500,minvu_permisos_viviendas_unidades_superficie_ano_comuna.download
número_departamentos,unidades,departamento,Metropolitana,Huechuraba,2005,253,minvu_permisos_viviendas_unidades_superficie_ano_comuna.download
número_departamentos,unidades,departamento,Metropolitana,Huechuraba,2006,271,minvu_permisos_viviendas_unidades_superficie_ano_comuna.download
número_departamentos,unidades,departamento,Metropolitana,Huechuraba,2007,216,minvu_permisos_viviendas_unidades_superficie_ano_comuna.download
número_departamentos,unidades,departamento,Metropolitana,Huechuraba,2008,157,minvu_permisos_viviendas_unidades_superficie_ano_comuna.download
número_departamentos,unidades,departamento,Metropolitana,Huechuraba,2009,0,minvu_permisos_viviendas_unidades_superficie_ano_comuna.download
número_departamentos,unidades,departamento,Metropolitana,Huechuraba,2010,382,minvu_permisos_viviendas_unidades_superficie_ano_comuna.download
número_departamentos,unidades,departamento,Metropolitana,Huechuraba,2011,240,minvu_permisos_viviendas_unidades_superficie_ano_comuna.download
número_departamentos,unidades,departamento,Metropolitana,Huechuraba,2012,518,minvu_permisos_viviendas_unidades_superficie_ano_comuna.download
número_departamentos,unidades,departamento,Metropolitana,Huechuraba,2013,215,minvu_permisos_viviendas_unidades_superficie_ano_comuna.download
número_departamentos,unidades,departamento,Metropolitana,Huechuraba,2014,189,minvu_permisos_viviendas_unidades_superficie_ano_comuna.download
número_departamentos,unidades,departamento,Metropolitana,Huechuraba,2015,1492,minvu_permisos_viviendas_unidades_superficie_ano_comuna.download
número_departamentos,unidades,departamento,Metropolitana,Huechuraba,2016,0,minvu_permisos_viviendas_unidades_superficie_ano_comuna.download
número_departamentos,unidades,departamento,Metropolitana,Huechuraba,2017,0,minvu_permisos_viviendas_unidades_superficie_ano_comuna.download
número_departamentos,unidades,departamento,Metropolitana,Huechuraba,2019,210,minvu_permisos_viviendas_unidades_superficie_ano_comuna.download
número_departamentos,unidades,departamento,Metropolitana,Huechuraba,2020,1552,minvu_permisos_viviendas_unidades_superficie_ano_comuna.download
número_departamentos,unidades,departamento,Metropolitana,Huechuraba,2021,580,minvu_permisos_viviendas_unidades_superficie_ano_comuna.download
número_departamentos,unidades,departamento,Metropolitana,Huechuraba,2022,1521,minvu_permisos_viviendas_unidades_superficie_ano_comuna.download
número_departamentos,unidades,departamento,Metropolitana,Huechuraba,2023,856,minvu_permisos_viviendas_unidades_superficie_ano_comuna.download
número_departamentos,unidades,departamento,Metropolitana,Huechuraba,2026,220,minvu_permisos_viviendas_unidades_superficie_ano_comuna.download
número_departamentos,unidades,departamento,Metropolitana,Independencia,2002,250,minvu_permisos_viviendas_unidades_superficie_ano_comuna.download
número_departamentos,unidades,departamento,Metropolitana,Independencia,2003,715,minvu_permisos_viviendas_unidades_superficie_ano_comuna.download
número_departamentos,unidades,departamento,Metropolitana,Independencia,2004,410,minvu_permisos_viviendas_unidades_superficie_ano_comuna.download
número_departamentos,unidades,departamento,Metropolitana,Independencia,2005,785,minvu_permisos_viviendas_unidades_superficie_ano_comuna.download
número_departamentos,unidades,departamento,Metropolitana,Independencia,2006,1027,minvu_permisos_viviendas_unidades_superficie_ano_comuna.download
número_departamentos,unidades,departamento,Metropolitana,Independencia,2007,948,minvu_permisos_viviendas_unidades_superficie_ano_comuna.download
número_departamentos,unidades,departamento,Metropolitana,Independencia,2008,530,minvu_permisos_viviendas_unidades_superficie_ano_comuna.download
número_departamentos,unidades,departamento,Metropolitana,Independencia,2009,20,minvu_permisos_viviendas_unidades_superficie_ano_comuna.download
número_departamentos,unidades,departamento,Metropolitana,Independencia,2010,808,minvu_permisos_viviendas_unidades_superficie_ano_comuna.download
número_departamentos,unidades,departamento,Metropolitana,Independencia,2011,722,minvu_permisos_viviendas_unidades_superficie_ano_comuna.download
número_departamentos,unidades,departamento,Metropolitana,Independencia,2012,2901,minvu_permisos_viviendas_unidades_superficie_ano_comuna.download
número_departamentos,unidades,departamento,Metropolitana,Independencia,2013,2722,minvu_permisos_viviendas_unidades_superficie_ano_comuna.download
número_departamentos,unidades,departamento,Metropolitana,Independencia,2014,4252,minvu_permisos_viviendas_unidades_superficie_ano_comuna.download
número_departamentos,unidades,departamento,Metropolitana,Independencia,2015,5110,minvu_permisos_viviendas_unidades_superficie_ano_comuna.download
número_departamentos,unidades,departamento,Metropolitana,Independencia,2016,3578,minvu_permisos_viviendas_unidades_superficie_ano_comuna.download
número_departamentos,unidades,departamento,Metropolitana,Independencia,2017,0,minvu_permisos_viviendas_unidades_superficie_ano_comuna.download
número_departamentos,unidades,departamento,Metropolitana,Independencia,2019,2272,minvu_permisos_viviendas_unidades_superficie_ano_comuna.download
número_departamentos,unidades,departamento,Metropolitana,Independencia,2020,1095,minvu_permisos_viviendas_unidades_superficie_ano_comuna.download
número_departamentos,unidades,departamento,Metropolitana,Independencia,2021,687,minvu_permisos_viviendas_unidades_superficie_ano_comuna.download
número_departamentos,unidades,departamento,Metropolitana,Independencia,2022,927,minvu_permisos_viviendas_unidades_superficie_ano_comuna.download
número_departamentos,unidades,departamento,Metropolitana,Independencia,2023,202,minvu_permisos_viviendas_unidades_superficie_ano_comuna.download
número_departamentos,unidades,departamento,Metropolitana,Independencia,2026,36,minvu_permisos_viviendas_unidades_superficie_ano_comuna.download
número_departamentos,unidades,departamento,Metropolitana,La Cisterna,2002,0,minvu_permisos_viviendas_unidades_superficie_ano_comuna.download
número_departamentos,unidades,departamento,Metropolitana,La Cisterna,2003,790,minvu_permisos_viviendas_unidades_superficie_ano_comuna.download
número_departamentos,unidades,departamento,Metropolitana,La Cisterna,2004,230,minvu_permisos_viviendas_unidades_superficie_ano_comuna.download
número_departamentos,unidades,departamento,Metropolitana,La Cisterna,2005,119,minvu_permisos_viviendas_unidades_superficie_ano_comuna.download
número_departamentos,unidades,departamento,Metropolitana,La Cisterna,2006,599,minvu_permisos_viviendas_unidades_superficie_ano_comuna.download
número_departamentos,unidades,departamento,Metropolitana,La Cisterna,2007,406,minvu_permisos_viviendas_unidades_superficie_ano_comuna.download
número_departamentos,unidades,departamento,Metropolitana,La Cisterna,2008,865,minvu_permisos_viviendas_unidades_superficie_ano_comuna.download
número_departamentos,unidades,departamento,Metropolitana,La Cisterna,2009,210,minvu_permisos_viviendas_unidades_superficie_ano_comuna.download
número_departamentos,unidades,departamento,Metropolitana,La Cisterna,2010,1162,minvu_permisos_viviendas_unidades_superficie_ano_comuna.download
número_departamentos,unidades,departamento,Metropolitana,La Cisterna,2011,741,minvu_permisos_viviendas_unidades_superficie_ano_comuna.download
número_departamentos,unidades,departamento,Metropolitana,La Cisterna,2012,349,minvu_permisos_viviendas_unidades_superficie_ano_comuna.download
número_departamentos,unidades,departamento,Metropolitana,La Cisterna,2013,308,minvu_permisos_viviendas_unidades_superficie_ano_comuna.download
número_departamentos,unidades,departamento,Metropolitana,La Cisterna,2014,867,minvu_permisos_viviendas_unidades_superficie_ano_comuna.download
número_departamentos,unidades,departamento,Metropolitana,La Cisterna,2015,675,minvu_permisos_viviendas_unidades_superficie_ano_comuna.download
número_departamentos,unidades,departamento,Metropolitana,La Cisterna,2016,277,minvu_permisos_viviendas_unidades_superficie_ano_comuna.download
número_departamentos,unidades,departamento,Metropolitana,La Cisterna,2017,1961,minvu_permisos_viviendas_unidades_superficie_ano_comuna.download
número_departamentos,unidades,departamento,Metropolitana,La Cisterna,2019,7416,minvu_permisos_viviendas_unidades_superficie_ano_comuna.download
número_departamentos,unidades,departamento,Metropolitana,La Cisterna,2020,1372,minvu_permisos_viviendas_unidades_superficie_ano_comuna.download
número_departamentos,unidades,departamento,Metropolitana,La Cisterna,2021,1551,minvu_permisos_viviendas_unidades_superficie_ano_comuna.download
número_departamentos,unidades,departamento,Metropolitana,La Cisterna,2022,419,minvu_permisos_viviendas_unidades_superficie_ano_comuna.download
número_departamentos,unidades,departamento,Metropolitana,La Cisterna,2023,0,minvu_permisos_viviendas_unidades_superficie_ano_comuna.download
número_departamentos,unidades,departamento,Metropolitana,La Cisterna,2026,0,minvu_permisos_viviendas_unidades_superficie_ano_comuna.download
número_departamentos,unidades,departamento,Metropolitana,La Florida,2002,1904,minvu_permisos_viviendas_unidades_superficie_ano_comuna.download
número_departamentos,unidades,departamento,Metropolitana,La Florida,2003,112,minvu_permisos_viviendas_unidades_superficie_ano_comuna.download
número_departamentos,unidades,departamento,Metropolitana,La Florida,2004,200,minvu_permisos_viviendas_unidades_superficie_ano_comuna.download
número_departamentos,unidades,departamento,Metropolitana,La Florida,2005,482,minvu_permisos_viviendas_unidades_superficie_ano_comuna.download
número_departamentos,unidades,departamento,Metropolitana,La Florida,2006,853,minvu_permisos_viviendas_unidades_superficie_ano_comuna.download
número_departamentos,unidades,departamento,Metropolitana,La Florida,2007,838,minvu_permisos_viviendas_unidades_superficie_ano_comuna.download
número_departamentos,unidades,departamento,Metropolitana,La Florida,2008,1817,minvu_permisos_viviendas_unidades_superficie_ano_comuna.download
número_departamentos,unidades,departamento,Metropolitana,La Florida,2009,717,minvu_permisos_viviendas_unidades_superficie_ano_comuna.download
número_departamentos,unidades,departamento,Metropolitana,La Florida,2010,608,minvu_permisos_viviendas_unidades_superficie_ano_comuna.download
número_departamentos,unidades,departamento,Metropolitana,La Florida,2011,655,minvu_permisos_viviendas_unidades_superficie_ano_comuna.download
número_departamentos,unidades,departamento,Metropolitana,La Florida,2012,1145,minvu_permisos_viviendas_unidades_superficie_ano_comuna.download
número_departamentos,unidades,departamento,Metropolitana,La Florida,2013,1061,minvu_permisos_viviendas_unidades_superficie_ano_comuna.download
número_departamentos,unidades,departamento,Metropolitana,La Florida,2014,2543,minvu_permisos_viviendas_unidades_superficie_ano_comuna.download
número_departamentos,unidades,departamento,Metropolitana,La Florida,2015,2602,minvu_permisos_viviendas_unidades_superficie_ano_comuna.download
número_departamentos,unidades,departamento,Metropolitana,La Florida,2016,1969,minvu_permisos_viviendas_unidades_superficie_ano_comuna.download
número_departamentos,unidades,departamento,Metropolitana,La Florida,2017,2609,minvu_permisos_viviendas_unidades_superficie_ano_comuna.download
número_departamentos,unidades,departamento,Metropolitana,La Florida,2019,4709,minvu_permisos_viviendas_unidades_superficie_ano_comuna.download
número_departamentos,unidades,departamento,Metropolitana,La Florida,2020,4626,minvu_permisos_viviendas_unidades_superficie_ano_comuna.download
número_departamentos,unidades,departamento,Metropolitana,La Florida,2021,10980,minvu_permisos_viviendas_unidades_superficie_ano_comuna.download
número_departamentos,unidades,departamento,Metropolitana,La Florida,2022,8307,minvu_permisos_viviendas_unidades_superficie_ano_comuna.download
número_departamentos,unidades,departamento,Metropolitana,La Florida,2023,2162,minvu_permisos_viviendas_unidades_superficie_ano_comuna.download
número_departamentos,unidades,departamento,Metropolitana,La Florida,2026,49,minvu_permisos_viviendas_unidades_superficie_ano_comuna.download
número_departamentos,unidades,departamento,Metropolitana,La Granja,2002,0,minvu_permisos_viviendas_unidades_superficie_ano_comuna.download
número_departamentos,unidades,departamento,Metropolitana,La Granja,2003,96,minvu_permisos_viviendas_unidades_superficie_ano_comuna.download
número_departamentos,unidades,departamento,Metropolitana,La Granja,2004,0,minvu_permisos_viviendas_unidades_superficie_ano_comuna.download
número_departamentos,unidades,departamento,Metropolitana,La Granja,2005,0,minvu_permisos_viviendas_unidades_superficie_ano_comuna.download
número_departamentos,unidades,departamento,Metropolitana,La Granja,2006,0,minvu_permisos_viviendas_unidades_superficie_ano_comuna.download
número_departamentos,unidades,departamento,Metropolitana,La Granja,2007,0,minvu_permisos_viviendas_unidades_superficie_ano_comuna.download
número_departamentos,unidades,departamento,Metropolitana,La Granja,2008,0,minvu_permisos_viviendas_unidades_superficie_ano_comuna.download
número_departamentos,unidades,departamento,Metropolitana,La Granja,2009,232,minvu_permisos_viviendas_unidades_superficie_ano_comuna.download
número_departamentos,unidades,departamento,Metropolitana,La Granja,2010,0,minvu_permisos_viviendas_unidades_superficie_ano_comuna.download
número_departamentos,unidades,departamento,Metropolitana,La Granja,2011,448,minvu_permisos_viviendas_unidades_superficie_ano_comuna.download
número_departamentos,unidades,departamento,Metropolitana,La Granja,2012,0,minvu_permisos_viviendas_unidades_superficie_ano_comuna.download
número_departamentos,unidades,departamento,Metropolitana,La Granja,2013,0,minvu_permisos_viviendas_unidades_superficie_ano_comuna.download
número_departamentos,unidades,departamento,Metropolitana,La Granja,2014,0,minvu_permisos_viviendas_unidades_superficie_ano_comuna.download
número_departamentos,unidades,departamento,Metropolitana,La Granja,2015,280,minvu_permisos_viviendas_unidades_superficie_ano_comuna.download
número_departamentos,unidades,departamento,Metropolitana,La Granja,2016,534,minvu_permisos_viviendas_unidades_superficie_ano_comuna.download
número_departamentos,unidades,departamento,Metropolitana,La Granja,2017,331,minvu_permisos_viviendas_unidades_superficie_ano_comuna.download
número_departamentos,unidades,departamento,Metropolitana,La Granja,2019,0,minvu_permisos_viviendas_unidades_superficie_ano_comuna.download
número_departamentos,unidades,departamento,Metropolitana,La Granja,2020,200,minvu_permisos_viviendas_unidades_superficie_ano_comuna.download
número_departamentos,unidades,departamento,Metropolitana,La Granja,2021,0,minvu_permisos_viviendas_unidades_superficie_ano_comuna.download
número_departamentos,unidades,departamento,Metropolitana,La Granja,2022,750,minvu_permisos_viviendas_unidades_superficie_ano_comuna.download
número_departamentos,unidades,departamento,Metropolitana,La Granja,2023,236,minvu_permisos_viviendas_unidades_superficie_ano_comuna.download
número_departamentos,unidades,departamento,Metropolitana,La Granja,2026,0,minvu_permisos_viviendas_unidades_superficie_ano_comuna.download
número_departamentos,unidades,departamento,Metropolitana,La Pintana,2002,0,minvu_permisos_viviendas_unidades_superficie_ano_comuna.download
número_departamentos,unidades,departamento,Metropolitana,La Pintana,2003,0,minvu_permisos_viviendas_unidades_superficie_ano_comuna.download
número_departamentos,unidades,departamento,Metropolitana,La Pintana,2004,0,minvu_permisos_viviendas_unidades_superficie_ano_comuna.download
número_departamentos,unidades,departamento,Metropolitana,La Pintana,2005,0,minvu_permisos_viviendas_unidades_superficie_ano_comuna.download
número_departamentos,unidades,departamento,Metropolitana,La Pintana,2006,0,minvu_permisos_viviendas_unidades_superficie_ano_comuna.download
número_departamentos,unidades,departamento,Metropolitana,La Pintana,2007,0,minvu_permisos_viviendas_unidades_superficie_ano_comuna.download
número_departamentos,unidades,departamento,Metropolitana,La Pintana,2008,0,minvu_permisos_viviendas_unidades_superficie_ano_comuna.download
número_departamentos,unidades,departamento,Metropolitana,La Pintana,2009,340,minvu_permisos_viviendas_unidades_superficie_ano_comuna.download
número_departamentos,unidades,departamento,Metropolitana,La Pintana,2010,64,minvu_permisos_viviendas_unidades_superficie_ano_comuna.download
número_departamentos,unidades,departamento,Metropolitana,La Pintana,2011,0,minvu_permisos_viviendas_unidades_superficie_ano_comuna.download
número_departamentos,unidades,departamento,Metropolitana,La Pintana,2012,64,minvu_permisos_viviendas_unidades_superficie_ano_comuna.download
número_departamentos,unidades,departamento,Metropolitana,La Pintana,2013,0,minvu_permisos_viviendas_unidades_superficie_ano_comuna.download
número_departamentos,unidades,departamento,Metropolitana,La Pintana,2014,192,minvu_permisos_viviendas_unidades_superficie_ano_comuna.download
número_departamentos,unidades,departamento,Metropolitana,La Pintana,2015,392,minvu_permisos_viviendas_unidades_superficie_ano_comuna.download
número_departamentos,unidades,departamento,Metropolitana,La Pintana,2016,0,minvu_permisos_viviendas_unidades_superficie_ano_comuna.download
número_departamentos,unidades,departamento,Metropolitana,La Pintana,2017,0,minvu_permisos_viviendas_unidades_superficie_ano_comuna.download
número_departamentos,unidades,departamento,Metropolitana,La Pintana,2019,808,minvu_permisos_viviendas_unidades_superficie_ano_comuna.download
número_departamentos,unidades,departamento,Metropolitana,La Pintana,2020,0,minvu_permisos_viviendas_unidades_superficie_ano_comuna.download
número_departamentos,unidades,departamento,Metropolitana,La Pintana,2021,366,minvu_permisos_viviendas_unidades_superficie_ano_comuna.download
número_departamentos,unidades,departamento,Metropolitana,La Pintana,2022,256,minvu_permisos_viviendas_unidades_superficie_ano_comuna.download
número_departamentos,unidades,departamento,Metropolitana,La Pintana,2023,336,minvu_permisos_viviendas_unidades_superficie_ano_comuna.download
número_departamentos,unidades,departamento,Metropolitana,La Pintana,2026,0,minvu_permisos_viviendas_unidades_superficie_ano_comuna.download
número_departamentos,unidades,departamento,Metropolitana,La Reina,2002,56,minvu_permisos_viviendas_unidades_superficie_ano_comuna.download
número_departamentos,unidades,departamento,Metropolitana,La Reina,2003,20,minvu_permisos_viviendas_unidades_superficie_ano_comuna.download
número_departamentos,unidades,departamento,Metropolitana,La Reina,2004,34,minvu_permisos_viviendas_unidades_superficie_ano_comuna.download
número_departamentos,unidades,departamento,Metropolitana,La Reina,2005,0,minvu_permisos_viviendas_unidades_superficie_ano_comuna.download
número_departamentos,unidades,departamento,Metropolitana,La Reina,2006,0,minvu_permisos_viviendas_unidades_superficie_ano_comuna.download
número_departamentos,unidades,departamento,Metropolitana,La Reina,2007,0,minvu_permisos_viviendas_unidades_superficie_ano_comuna.download
número_departamentos,unidades,departamento,Metropolitana,La Reina,2008,14,minvu_permisos_viviendas_unidades_superficie_ano_comuna.download
número_departamentos,unidades,departamento,Metropolitana,La Reina,2009,222,minvu_permisos_viviendas_unidades_superficie_ano_comuna.download
número_departamentos,unidades,departamento,Metropolitana,La Reina,2010,47,minvu_permisos_viviendas_unidades_superficie_ano_comuna.download
número_departamentos,unidades,departamento,Metropolitana,La Reina,2011,30,minvu_permisos_viviendas_unidades_superficie_ano_comuna.download
número_departamentos,unidades,departamento,Metropolitana,La Reina,2012,163,minvu_permisos_viviendas_unidades_superficie_ano_comuna.download
número_departamentos,unidades,departamento,Metropolitana,La Reina,2013,230,minvu_permisos_viviendas_unidades_superficie_ano_comuna.download
número_departamentos,unidades,departamento,Metropolitana,La Reina,2014,0,minvu_permisos_viviendas_unidades_superficie_ano_comuna.download
número_departamentos,unidades,departamento,Metropolitana,La Reina,2015,905,minvu_permisos_viviendas_unidades_superficie_ano_comuna.download
número_departamentos,unidades,departamento,Metropolitana,La Reina,2016,280,minvu_permisos_viviendas_unidades_superficie_ano_comuna.download
número_departamentos,unidades,departamento,Metropolitana,La Reina,2017,294,minvu_permisos_viviendas_unidades_superficie_ano_comuna.download
número_departamentos,unidades,departamento,Metropolitana,La Reina,2019,128,minvu_permisos_viviendas_unidades_superficie_ano_comuna.download
número_departamentos,unidades,departamento,Metropolitana,La Reina,2020,0,minvu_permisos_viviendas_unidades_superficie_ano_comuna.download
número_departamentos,unidades,departamento,Metropolitana,La Reina,2021,0,minvu_permisos_viviendas_unidades_superficie_ano_comuna.download
número_departamentos,unidades,departamento,Metropolitana,La Reina,2022,197,minvu_permisos_viviendas_unidades_superficie_ano_comuna.download
número_departamentos,unidades,departamento,Metropolitana,La Reina,2023,0,minvu_permisos_viviendas_unidades_superficie_ano_comuna.download
número_departamentos,unidades,departamento,Metropolitana,La Reina,2026,0,minvu_permisos_viviendas_unidades_superficie_ano_comuna.download
número_departamentos,unidades,departamento,Metropolitana,Las Condes,2002,2094,minvu_permisos_viviendas_unidades_superficie_ano_comuna.download
número_departamentos,unidades,departamento,Metropolitana,Las Condes,2003,3101,minvu_permisos_viviendas_unidades_superficie_ano_comuna.download
número_departamentos,unidades,departamento,Metropolitana,Las Condes,2004,5213,minvu_permisos_viviendas_unidades_superficie_ano_comuna.download
número_departamentos,unidades,departamento,Metropolitana,Las Condes,2005,4812,minvu_permisos_viviendas_unidades_superficie_ano_comuna.download
número_departamentos,unidades,departamento,Metropolitana,Las Condes,2006,3529,minvu_permisos_viviendas_unidades_superficie_ano_comuna.download
número_departamentos,unidades,departamento,Metropolitana,Las Condes,2007,1495,minvu_permisos_viviendas_unidades_superficie_ano_comuna.download
número_departamentos,unidades,departamento,Metropolitana,Las Condes,2008,1845,minvu_permisos_viviendas_unidades_superficie_ano_comuna.download
número_departamentos,unidades,departamento,Metropolitana,Las Condes,2009,1823,minvu_permisos_viviendas_unidades_superficie_ano_comuna.download
número_departamentos,unidades,departamento,Metropolitana,Las Condes,2010,1205,minvu_permisos_viviendas_unidades_superficie_ano_comuna.download
número_departamentos,unidades,departamento,Metropolitana,Las Condes,2011,1991,minvu_permisos_viviendas_unidades_superficie_ano_comuna.download
número_departamentos,unidades,departamento,Metropolitana,Las Condes,2012,3387,minvu_permisos_viviendas_unidades_superficie_ano_comuna.download
número_departamentos,unidades,departamento,Metropolitana,Las Condes,2013,896,minvu_permisos_viviendas_unidades_superficie_ano_comuna.download
número_departamentos,unidades,departamento,Metropolitana,Las Condes,2014,3174,minvu_permisos_viviendas_unidades_superficie_ano_comuna.download
número_departamentos,unidades,departamento,Metropolitana,Las Condes,2015,3195,minvu_permisos_viviendas_unidades_superficie_ano_comuna.download
número_departamentos,unidades,departamento,Metropolitana,Las Condes,2016,1502,minvu_permisos_viviendas_unidades_superficie_ano_comuna.download
número_departamentos,unidades,departamento,Metropolitana,Las Condes,2017,1073,minvu_permisos_viviendas_unidades_superficie_ano_comuna.download
número_departamentos,unidades,departamento,Metropolitana,Las Condes,2019,1566,minvu_permisos_viviendas_unidades_superficie_ano_comuna.download
número_departamentos,unidades,departamento,Metropolitana,Las Condes,2020,1242,minvu_permisos_viviendas_unidades_superficie_ano_comuna.download
número_departamentos,unidades,departamento,Metropolitana,Las Condes,2021,1518,minvu_permisos_viviendas_unidades_superficie_ano_comuna.download
número_departamentos,unidades,departamento,Metropolitana,Las Condes,2022,2468,minvu_permisos_viviendas_unidades_superficie_ano_comuna.download
número_departamentos,unidades,departamento,Metropolitana,Las Condes,2023,540,minvu_permisos_viviendas_unidades_superficie_ano_comuna.download
número_departamentos,unidades,departamento,Metropolitana,Las Condes,2026,48,minvu_permisos_viviendas_unidades_superficie_ano_comuna.download
número_departamentos,unidades,departamento,Metropolitana,Lo Barnechea,2002,832,minvu_permisos_viviendas_unidades_superficie_ano_comuna.download
número_departamentos,unidades,departamento,Metropolitana,Lo Barnechea,2003,1849,minvu_permisos_viviendas_unidades_superficie_ano_comuna.download
número_departamentos,unidades,departamento,Metropolitana,Lo Barnechea,2004,395,minvu_permisos_viviendas_unidades_superficie_ano_comuna.download
número_departamentos,unidades,departamento,Metropolitana,Lo Barnechea,2005,191,minvu_permisos_viviendas_unidades_superficie_ano_comuna.download
número_departamentos,unidades,departamento,Metropolitana,Lo Barnechea,2006,127,minvu_permisos_viviendas_unidades_superficie_ano_comuna.download
número_departamentos,unidades,departamento,Metropolitana,Lo Barnechea,2007,640,minvu_permisos_viviendas_unidades_superficie_ano_comuna.download
número_departamentos,unidades,departamento,Metropolitana,Lo Barnechea,2008,274,minvu_permisos_viviendas_unidades_superficie_ano_comuna.download
número_departamentos,unidades,departamento,Metropolitana,Lo Barnechea,2009,353,minvu_permisos_viviendas_unidades_superficie_ano_comuna.download
número_departamentos,unidades,departamento,Metropolitana,Lo Barnechea,2010,295,minvu_permisos_viviendas_unidades_superficie_ano_comuna.download
número_departamentos,unidades,departamento,Metropolitana,Lo Barnechea,2011,522,minvu_permisos_viviendas_unidades_superficie_ano_comuna.download
número_departamentos,unidades,departamento,Metropolitana,Lo Barnechea,2012,274,minvu_permisos_viviendas_unidades_superficie_ano_comuna.download
número_departamentos,unidades,departamento,Metropolitana,Lo Barnechea,2013,676,minvu_permisos_viviendas_unidades_superficie_ano_comuna.download
número_departamentos,unidades,departamento,Metropolitana,Lo Barnechea,2014,1087,minvu_permisos_viviendas_unidades_superficie_ano_comuna.download
número_departamentos,unidades,departamento,Metropolitana,Lo Barnechea,2015,2792,minvu_permisos_viviendas_unidades_superficie_ano_comuna.download
número_departamentos,unidades,departamento,Metropolitana,Lo Barnechea,2016,580,minvu_permisos_viviendas_unidades_superficie_ano_comuna.download
número_departamentos,unidades,departamento,Metropolitana,Lo Barnechea,2017,1058,minvu_permisos_viviendas_unidades_superficie_ano_comuna.download
número_departamentos,unidades,departamento,Metropolitana,Lo Barnechea,2019,103,minvu_permisos_viviendas_unidades_superficie_ano_comuna.download
número_departamentos,unidades,departamento,Metropolitana,Lo Barnechea,2020,93,minvu_permisos_viviendas_unidades_superficie_ano_comuna.download
número_departamentos,unidades,departamento,Metropolitana,Lo Barnechea,2021,488,minvu_permisos_viviendas_unidades_superficie_ano_comuna.download
número_departamentos,unidades,departamento,Metropolitana,Lo Barnechea,2022,38,minvu_permisos_viviendas_unidades_superficie_ano_comuna.download
número_departamentos,unidades,departamento,Metropolitana,Lo Barnechea,2023,787,minvu_permisos_viviendas_unidades_superficie_ano_comuna.download
número_departamentos,unidades,departamento,Metropolitana,Lo Barnechea,2026,0,minvu_permisos_viviendas_unidades_superficie_ano_comuna.download
número_departamentos,unidades,departamento,Metropolitana,Lo Espejo,2002,0,minvu_permisos_viviendas_unidades_superficie_ano_comuna.download
número_departamentos,unidades,departamento,Metropolitana,Lo Espejo,2003,0,minvu_permisos_viviendas_unidades_superficie_ano_comuna.download
número_departamentos,unidades,departamento,Metropolitana,Lo Espejo,2004,0,minvu_permisos_viviendas_unidades_superficie_ano_comuna.download
número_departamentos,unidades,departamento,Metropolitana,Lo Espejo,2005,0,minvu_permisos_viviendas_unidades_superficie_ano_comuna.download
número_departamentos,unidades,departamento,Metropolitana,Lo Espejo,2006,0,minvu_permisos_viviendas_unidades_superficie_ano_comuna.download
número_departamentos,unidades,departamento,Metropolitana,Lo Espejo,2007,0,minvu_permisos_viviendas_unidades_superficie_ano_comuna.download
número_departamentos,unidades,departamento,Metropolitana,Lo Espejo,2008,0,minvu_permisos_viviendas_unidades_superficie_ano_comuna.download
número_departamentos,unidades,departamento,Metropolitana,Lo Espejo,2009,0,minvu_permisos_viviendas_unidades_superficie_ano_comuna.download
número_departamentos,unidades,departamento,Metropolitana,Lo Espejo,2010,0,minvu_permisos_viviendas_unidades_superficie_ano_comuna.download
número_departamentos,unidades,departamento,Metropolitana,Lo Espejo,2011,0,minvu_permisos_viviendas_unidades_superficie_ano_comuna.download
número_departamentos,unidades,departamento,Metropolitana,Lo Espejo,2012,0,minvu_permisos_viviendas_unidades_superficie_ano_comuna.download
número_departamentos,unidades,departamento,Metropolitana,Lo Espejo,2013,0,minvu_permisos_viviendas_unidades_superficie_ano_comuna.download
número_departamentos,unidades,departamento,Metropolitana,Lo Espejo,2014,0,minvu_permisos_viviendas_unidades_superficie_ano_comuna.download
número_departamentos,unidades,departamento,Metropolitana,Lo Espejo,2015,0,minvu_permisos_viviendas_unidades_superficie_ano_comuna.download
número_departamentos,unidades,departamento,Metropolitana,Lo Espejo,2016,224,minvu_permisos_viviendas_unidades_superficie_ano_comuna.download
número_departamentos,unidades,departamento,Metropolitana,Lo Espejo,2017,0,minvu_permisos_viviendas_unidades_superficie_ano_comuna.download
número_departamentos,unidades,departamento,Metropolitana,Lo Espejo,2019,0,minvu_permisos_viviendas_unidades_superficie_ano_comuna.download
número_departamentos,unidades,departamento,Metropolitana,Lo Espejo,2020,0,minvu_permisos_viviendas_unidades_superficie_ano_comuna.download
número_departamentos,unidades,departamento,Metropolitana,Lo Espejo,2021,0,minvu_permisos_viviendas_unidades_superficie_ano_comuna.download
número_departamentos,unidades,departamento,Metropolitana,Lo Espejo,2022,0,minvu_permisos_viviendas_unidades_superficie_ano_comuna.download
número_departamentos,unidades,departamento,Metropolitana,Lo Espejo,2023,0,minvu_permisos_viviendas_unidades_superficie_ano_comuna.download
número_departamentos,unidades,departamento,Metropolitana,Lo Espejo,2026,0,minvu_permisos_viviendas_unidades_superficie_ano_comuna.download
número_departamentos,unidades,departamento,Metropolitana,Lo Prado,2002,0,minvu_permisos_viviendas_unidades_superficie_ano_comuna.download
número_departamentos,unidades,departamento,Metropolitana,Lo Prado,2003,0,minvu_permisos_viviendas_unidades_superficie_ano_comuna.download
número_departamentos,unidades,departamento,Metropolitana,Lo Prado,2004,320,minvu_permisos_viviendas_unidades_superficie_ano_comuna.download
número_departamentos,unidades,departamento,Metropolitana,Lo Prado,2005,0,minvu_permisos_viviendas_unidades_superficie_ano_comuna.download
número_departamentos,unidades,departamento,Metropolitana,Lo Prado,2006,0,minvu_permisos_viviendas_unidades_superficie_ano_comuna.download
número_departamentos,unidades,departamento,Metropolitana,Lo Prado,2007,0,minvu_permisos_viviendas_unidades_superficie_ano_comuna.download
número_departamentos,unidades,departamento,Metropolitana,Lo Prado,2008,0,minvu_permisos_viviendas_unidades_superficie_ano_comuna.download
número_departamentos,unidades,departamento,Metropolitana,Lo Prado,2009,0,minvu_permisos_viviendas_unidades_superficie_ano_comuna.download
número_departamentos,unidades,departamento,Metropolitana,Lo Prado,2010,120,minvu_permisos_viviendas_unidades_superficie_ano_comuna.download
número_departamentos,unidades,departamento,Metropolitana,Lo Prado,2011,0,minvu_permisos_viviendas_unidades_superficie_ano_comuna.download
número_departamentos,unidades,departamento,Metropolitana,Lo Prado,2012,0,minvu_permisos_viviendas_unidades_superficie_ano_comuna.download
número_departamentos,unidades,departamento,Metropolitana,Lo Prado,2013,0,minvu_permisos_viviendas_unidades_superficie_ano_comuna.download
número_departamentos,unidades,departamento,Metropolitana,Lo Prado,2014,0,minvu_permisos_viviendas_unidades_superficie_ano_comuna.download
número_departamentos,unidades,departamento,Metropolitana,Lo Prado,2015,342,minvu_permisos_viviendas_unidades_superficie_ano_comuna.download
número_departamentos,unidades,departamento,Metropolitana,Lo Prado,2016,0,minvu_permisos_viviendas_unidades_superficie_ano_comuna.download
número_departamentos,unidades,departamento,Metropolitana,Lo Prado,2017,0,minvu_permisos_viviendas_unidades_superficie_ano_comuna.download
número_departamentos,unidades,departamento,Metropolitana,Lo Prado,2019,0,minvu_permisos_viviendas_unidades_superficie_ano_comuna.download
número_departamentos,unidades,departamento,Metropolitana,Lo Prado,2020,50,minvu_permisos_viviendas_unidades_superficie_ano_comuna.download
número_departamentos,unidades,departamento,Metropolitana,Lo Prado,2021,0,minvu_permisos_viviendas_unidades_superficie_ano_comuna.download
número_departamentos,unidades,departamento,Metropolitana,Lo Prado,2022,0,minvu_permisos_viviendas_unidades_superficie_ano_comuna.download
número_departamentos,unidades,departamento,Metropolitana,Lo Prado,2023,0,minvu_permisos_viviendas_unidades_superficie_ano_comuna.download
número_departamentos,unidades,departamento,Metropolitana,Lo Prado,2026,0,minvu_permisos_viviendas_unidades_superficie_ano_comuna.download
número_departamentos,unidades,departamento,Metropolitana,Macul,2002,147,minvu_permisos_viviendas_unidades_superficie_ano_comuna.download
número_departamentos,unidades,departamento,Metropolitana,Macul,2003,69,minvu_permisos_viviendas_unidades_superficie_ano_comuna.download
número_departamentos,unidades,departamento,Metropolitana,Macul,2004,603,minvu_permisos_viviendas_unidades_superficie_ano_comuna.download
número_departamentos,unidades,departamento,Metropolitana,Macul,2005,1058,minvu_permisos_viviendas_unidades_superficie_ano_comuna.download
número_departamentos,unidades,departamento,Metropolitana,Macul,2006,1298,minvu_permisos_viviendas_unidades_superficie_ano_comuna.download
número_departamentos,unidades,departamento,Metropolitana,Macul,2007,1503,minvu_permisos_viviendas_unidades_superficie_ano_comuna.download
número_departamentos,unidades,departamento,Metropolitana,Macul,2008,1853,minvu_permisos_viviendas_unidades_superficie_ano_comuna.download
número_departamentos,unidades,departamento,Metropolitana,Macul,2009,277,minvu_permisos_viviendas_unidades_superficie_ano_comuna.download
número_departamentos,unidades,departamento,Metropolitana,Macul,2010,168,minvu_permisos_viviendas_unidades_superficie_ano_comuna.download
número_departamentos,unidades,departamento,Metropolitana,Macul,2011,176,minvu_permisos_viviendas_unidades_superficie_ano_comuna.download
número_departamentos,unidades,departamento,Metropolitana,Macul,2012,552,minvu_permisos_viviendas_unidades_superficie_ano_comuna.download
número_departamentos,unidades,departamento,Metropolitana,Macul,2013,218,minvu_permisos_viviendas_unidades_superficie_ano_comuna.download
número_departamentos,unidades,departamento,Metropolitana,Macul,2014,2506,minvu_permisos_viviendas_unidades_superficie_ano_comuna.download
número_departamentos,unidades,departamento,Metropolitana,Macul,2015,1347,minvu_permisos_viviendas_unidades_superficie_ano_comuna.download
número_departamentos,unidades,departamento,Metropolitana,Macul,2016,1609,minvu_permisos_viviendas_unidades_superficie_ano_comuna.download
número_departamentos,unidades,departamento,Metropolitana,Macul,2017,1191,minvu_permisos_viviendas_unidades_superficie_ano_comuna.download
número_departamentos,unidades,departamento,Metropolitana,Macul,2019,3980,minvu_permisos_viviendas_unidades_superficie_ano_comuna.download
número_departamentos,unidades,departamento,Metropolitana,Macul,2020,3276,minvu_permisos_viviendas_unidades_superficie_ano_comuna.download
número_departamentos,unidades,departamento,Metropolitana,Macul,2021,1774,minvu_permisos_viviendas_unidades_superficie_ano_comuna.download
número_departamentos,unidades,departamento,Metropolitana,Macul,2022,988,minvu_permisos_viviendas_unidades_superficie_ano_comuna.download
número_departamentos,unidades,departamento,Metropolitana,Macul,2023,0,minvu_permisos_viviendas_unidades_superficie_ano_comuna.download
número_departamentos,unidades,departamento,Metropolitana,Macul,2026,0,minvu_permisos_viviendas_unidades_superficie_ano_comuna.download
número_departamentos,unidades,departamento,Metropolitana,Maipú,2002,272,minvu_permisos_viviendas_unidades_superficie_ano_comuna.download
número_departamentos,unidades,departamento,Metropolitana,Maipú,2003,0,minvu_permisos_viviendas_unidades_superficie_ano_comuna.download
número_departamentos,unidades,departamento,Metropolitana,Maipú,2004,983,minvu_permisos_viviendas_unidades_superficie_ano_comuna.download
número_departamentos,unidades,departamento,Metropolitana,Maipú,2005,647,minvu_permisos_viviendas_unidades_superficie_ano_comuna.download
número_departamentos,unidades,departamento,Metropolitana,Maipú,2006,241,minvu_permisos_viviendas_unidades_superficie_ano_comuna.download
número_departamentos,unidades,departamento,Metropolitana,Maipú,2007,952,minvu_permisos_viviendas_unidades_superficie_ano_comuna.download
número_departamentos,unidades,departamento,Metropolitana,Maipú,2008,660,minvu_permisos_viviendas_unidades_superficie_ano_comuna.download
número_departamentos,unidades,departamento,Metropolitana,Maipú,2009,732,minvu_permisos_viviendas_unidades_superficie_ano_comuna.download
número_departamentos,unidades,departamento,Metropolitana,Maipú,2010,0,minvu_permisos_viviendas_unidades_superficie_ano_comuna.download
número_departamentos,unidades,departamento,Metropolitana,Maipú,2011,0,minvu_permisos_viviendas_unidades_superficie_ano_comuna.download
número_departamentos,unidades,departamento,Metropolitana,Maipú,2012,281,minvu_permisos_viviendas_unidades_superficie_ano_comuna.download
número_departamentos,unidades,departamento,Metropolitana,Maipú,2013,151,minvu_permisos_viviendas_unidades_superficie_ano_comuna.download
número_departamentos,unidades,departamento,Metropolitana,Maipú,2014,302,minvu_permisos_viviendas_unidades_superficie_ano_comuna.download
número_departamentos,unidades,departamento,Metropolitana,Maipú,2015,453,minvu_permisos_viviendas_unidades_superficie_ano_comuna.download
número_departamentos,unidades,departamento,Metropolitana,Maipú,2016,404,minvu_permisos_viviendas_unidades_superficie_ano_comuna.download
número_departamentos,unidades,departamento,Metropolitana,Maipú,2017,672,minvu_permisos_viviendas_unidades_superficie_ano_comuna.download
número_departamentos,unidades,departamento,Metropolitana,Maipú,2019,322,minvu_permisos_viviendas_unidades_superficie_ano_comuna.download
número_departamentos,unidades,departamento,Metropolitana,Maipú,2020,168,minvu_permisos_viviendas_unidades_superficie_ano_comuna.download
número_departamentos,unidades,departamento,Metropolitana,Maipú,2021,1221,minvu_permisos_viviendas_unidades_superficie_ano_comuna.download
número_departamentos,unidades,departamento,Metropolitana,Maipú,2022,375,minvu_permisos_viviendas_unidades_superficie_ano_comuna.download
número_departamentos,unidades,departamento,Metropolitana,Maipú,2023,168,minvu_permisos_viviendas_unidades_superficie_ano_comuna.download
número_departamentos,unidades,departamento,Metropolitana,Maipú,2026,0,minvu_permisos_viviendas_unidades_superficie_ano_comuna.download
número_departamentos,unidades,departamento,Metropolitana,Ñuñoa,2002,1866,minvu_permisos_viviendas_unidades_superficie_ano_comuna.download
número_departamentos,unidades,departamento,Metropolitana,Ñuñoa,2003,1447,minvu_permisos_viviendas_unidades_superficie_ano_comuna.download
número_departamentos,unidades,departamento,Metropolitana,Ñuñoa,2004,1764,minvu_permisos_viviendas_unidades_superficie_ano_comuna.download
número_departamentos,unidades,departamento,Metropolitana,Ñuñoa,2005,4105,minvu_permisos_viviendas_unidades_superficie_ano_comuna.download
número_departamentos,unidades,departamento,Metropolitana,Ñuñoa,2006,5289,minvu_permisos_viviendas_unidades_superficie_ano_comuna.download
número_departamentos,unidades,departamento,Metropolitana,Ñuñoa,2007,5089,minvu_permisos_viviendas_unidades_superficie_ano_comuna.download
número_departamentos,unidades,departamento,Metropolitana,Ñuñoa,2008,2758,minvu_permisos_viviendas_unidades_superficie_ano_comuna.download
número_departamentos,unidades,departamento,Metropolitana,Ñuñoa,2009,801,minvu_permisos_viviendas_unidades_superficie_ano_comuna.download
número_departamentos,unidades,departamento,Metropolitana,Ñuñoa,2010,796,minvu_permisos_viviendas_unidades_superficie_ano_comuna.download
número_departamentos,unidades,departamento,Metropolitana,Ñuñoa,2011,2629,minvu_permisos_viviendas_unidades_superficie_ano_comuna.download
número_departamentos,unidades,departamento,Metropolitana,Ñuñoa,2012,2562,minvu_permisos_viviendas_unidades_superficie_ano_comuna.download
número_departamentos,unidades,departamento,Metropolitana,Ñuñoa,2013,3483,minvu_permisos_viviendas_unidades_superficie_ano_comuna.download
número_departamentos,unidades,departamento,Metropolitana,Ñuñoa,2014,3009,minvu_permisos_viviendas_unidades_superficie_ano_comuna.download
número_departamentos,unidades,departamento,Metropolitana,Ñuñoa,2015,6336,minvu_permisos_viviendas_unidades_superficie_ano_comuna.download
número_departamentos,unidades,departamento,Metropolitana,Ñuñoa,2016,2901,minvu_permisos_viviendas_unidades_superficie_ano_comuna.download
número_departamentos,unidades,departamento,Metropolitana,Ñuñoa,2017,6414,minvu_permisos_viviendas_unidades_superficie_ano_comuna.download
número_departamentos,unidades,departamento,Metropolitana,Ñuñoa,2019,7863,minvu_permisos_viviendas_unidades_superficie_ano_comuna.download
número_departamentos,unidades,departamento,Metropolitana,Ñuñoa,2020,9641,minvu_permisos_viviendas_unidades_superficie_ano_comuna.download
número_departamentos,unidades,departamento,Metropolitana,Ñuñoa,2021,14518,minvu_permisos_viviendas_unidades_superficie_ano_comuna.download
número_departamentos,unidades,departamento,Metropolitana,Ñuñoa,2022,1732,minvu_permisos_viviendas_unidades_superficie_ano_comuna.download
número_departamentos,unidades,departamento,Metropolitana,Ñuñoa,2023,44,minvu_permisos_viviendas_unidades_superficie_ano_comuna.download
número_departamentos,unidades,departamento,Metropolitana,Ñuñoa,2026,0,minvu_permisos_viviendas_unidades_superficie_ano_comuna.download
número_departamentos,unidades,departamento,Metropolitana,Pedro Aguirre Cerda,2002,0,minvu_permisos_viviendas_unidades_superficie_ano_comuna.download
número_departamentos,unidades,departamento,Metropolitana,Pedro Aguirre Cerda,2003,0,minvu_permisos_viviendas_unidades_superficie_ano_comuna.download
número_departamentos,unidades,departamento,Metropolitana,Pedro Aguirre Cerda,2004,0,minvu_permisos_viviendas_unidades_superficie_ano_comuna.download
número_departamentos,unidades,departamento,Metropolitana,Pedro Aguirre Cerda,2005,0,minvu_permisos_viviendas_unidades_superficie_ano_comuna.download
número_departamentos,unidades,departamento,Metropolitana,Pedro Aguirre Cerda,2006,0,minvu_permisos_viviendas_unidades_superficie_ano_comuna.download
número_departamentos,unidades,departamento,Metropolitana,Pedro Aguirre Cerda,2007,0,minvu_permisos_viviendas_unidades_superficie_ano_comuna.download
número_departamentos,unidades,departamento,Metropolitana,Pedro Aguirre Cerda,2008,400,minvu_permisos_viviendas_unidades_superficie_ano_comuna.download
número_departamentos,unidades,departamento,Metropolitana,Pedro Aguirre Cerda,2009,0,minvu_permisos_viviendas_unidades_superficie_ano_comuna.download
número_departamentos,unidades,departamento,Metropolitana,Pedro Aguirre Cerda,2010,0,minvu_permisos_viviendas_unidades_superficie_ano_comuna.download
número_departamentos,unidades,departamento,Metropolitana,Pedro Aguirre Cerda,2011,0,minvu_permisos_viviendas_unidades_superficie_ano_comuna.download
número_departamentos,unidades,departamento,Metropolitana,Pedro Aguirre Cerda,2012,0,minvu_permisos_viviendas_unidades_superficie_ano_comuna.download
número_departamentos,unidades,departamento,Metropolitana,Pedro Aguirre Cerda,2013,0,minvu_permisos_viviendas_unidades_superficie_ano_comuna.download
número_departamentos,unidades,departamento,Metropolitana,Pedro Aguirre Cerda,2014,125,minvu_permisos_viviendas_unidades_superficie_ano_comuna.download
número_departamentos,unidades,departamento,Metropolitana,Pedro Aguirre Cerda,2015,0,minvu_permisos_viviendas_unidades_superficie_ano_comuna.download
número_departamentos,unidades,departamento,Metropolitana,Pedro Aguirre Cerda,2016,0,minvu_permisos_viviendas_unidades_superficie_ano_comuna.download
número_departamentos,unidades,departamento,Metropolitana,Pedro Aguirre Cerda,2017,0,minvu_permisos_viviendas_unidades_superficie_ano_comuna.download
número_departamentos,unidades,departamento,Metropolitana,Pedro Aguirre Cerda,2019,0,minvu_permisos_viviendas_unidades_superficie_ano_comuna.download
número_departamentos,unidades,departamento,Metropolitana,Pedro Aguirre Cerda,2020,222,minvu_permisos_viviendas_unidades_superficie_ano_comuna.download
número_departamentos,unidades,departamento,Metropolitana,Pedro Aguirre Cerda,2021,188,minvu_permisos_viviendas_unidades_superficie_ano_comuna.download
número_departamentos,unidades,departamento,Metropolitana,Pedro Aguirre Cerda,2022,0,minvu_permisos_viviendas_unidades_superficie_ano_comuna.download
número_departamentos,unidades,departamento,Metropolitana,Pedro Aguirre Cerda,2023,0,minvu_permisos_viviendas_unidades_superficie_ano_comuna.download
número_departamentos,unidades,departamento,Metropolitana,Pedro Aguirre Cerda,2026,0,minvu_permisos_viviendas_unidades_superficie_ano_comuna.download
número_departamentos,unidades,departamento,Metropolitana,Peñalolén,2002,0,minvu_permisos_viviendas_unidades_superficie_ano_comuna.download
número_departamentos,unidades,departamento,Metropolitana,Peñalolén,2003,996,minvu_permisos_viviendas_unidades_superficie_ano_comuna.download
número_departamentos,unidades,departamento,Metropolitana,Peñalolén,2004,188,minvu_permisos_viviendas_unidades_superficie_ano_comuna.download
número_departamentos,unidades,departamento,Metropolitana,Peñalolén,2005,0,minvu_permisos_viviendas_unidades_superficie_ano_comuna.download
número_departamentos,unidades,departamento,Metropolitana,Peñalolén,2006,546,minvu_permisos_viviendas_unidades_superficie_ano_comuna.download
número_departamentos,unidades,departamento,Metropolitana,Peñalolén,2007,764,minvu_permisos_viviendas_unidades_superficie_ano_comuna.download
número_departamentos,unidades,departamento,Metropolitana,Peñalolén,2008,618,minvu_permisos_viviendas_unidades_superficie_ano_comuna.download
número_departamentos,unidades,departamento,Metropolitana,Peñalolén,2009,272,minvu_permisos_viviendas_unidades_superficie_ano_comuna.download
número_departamentos,unidades,departamento,Metropolitana,Peñalolén,2010,336,minvu_permisos_viviendas_unidades_superficie_ano_comuna.download
número_departamentos,unidades,departamento,Metropolitana,Peñalolén,2011,260,minvu_permisos_viviendas_unidades_superficie_ano_comuna.download
número_departamentos,unidades,departamento,Metropolitana,Peñalolén,2012,0,minvu_permisos_viviendas_unidades_superficie_ano_comuna.download
número_departamentos,unidades,departamento,Metropolitana,Peñalolén,2013,45,minvu_permisos_viviendas_unidades_superficie_ano_comuna.download
número_departamentos,unidades,departamento,Metropolitana,Peñalolén,2014,352,minvu_permisos_viviendas_unidades_superficie_ano_comuna.download
número_departamentos,unidades,departamento,Metropolitana,Peñalolén,2015,340,minvu_permisos_viviendas_unidades_superficie_ano_comuna.download
número_departamentos,unidades,departamento,Metropolitana,Peñalolén,2016,499,minvu_permisos_viviendas_unidades_superficie_ano_comuna.download
número_departamentos,unidades,departamento,Metropolitana,Peñalolén,2017,138,minvu_permisos_viviendas_unidades_superficie_ano_comuna.download
número_departamentos,unidades,departamento,Metropolitana,Peñalolén,2019,119,minvu_permisos_viviendas_unidades_superficie_ano_comuna.download
número_departamentos,unidades,departamento,Metropolitana,Peñalolén,2020,40,minvu_permisos_viviendas_unidades_superficie_ano_comuna.download
número_departamentos,unidades,departamento,Metropolitana,Peñalolén,2021,585,minvu_permisos_viviendas_unidades_superficie_ano_comuna.download
número_departamentos,unidades,departamento,Metropolitana,Peñalolén,2022,1854,minvu_permisos_viviendas_unidades_superficie_ano_comuna.download
número_departamentos,unidades,departamento,Metropolitana,Peñalolén,2023,422,minvu_permisos_viviendas_unidades_superficie_ano_comuna.download
número_departamentos,unidades,departamento,Metropolitana,Peñalolén,2026,6,minvu_permisos_viviendas_unidades_superficie_ano_comuna.download
número_departamentos,unidades,departamento,Metropolitana,Providencia,2002,748,minvu_permisos_viviendas_unidades_superficie_ano_comuna.download
número_departamentos,unidades,departamento,Metropolitana,Providencia,2003,1871,minvu_permisos_viviendas_unidades_superficie_ano_comuna.download
número_departamentos,unidades,departamento,Metropolitana,Providencia,2004,2491,minvu_permisos_viviendas_unidades_superficie_ano_comuna.download
número_departamentos,unidades,departamento,Metropolitana,Providencia,2005,2915,minvu_permisos_viviendas_unidades_superficie_ano_comuna.download
número_departamentos,unidades,departamento,Metropolitana,Providencia,2006,4385,minvu_permisos_viviendas_unidades_superficie_ano_comuna.download
número_departamentos,unidades,departamento,Metropolitana,Providencia,2007,1749,minvu_permisos_viviendas_unidades_superficie_ano_comuna.download
número_departamentos,unidades,departamento,Metropolitana,Providencia,2008,1330,minvu_permisos_viviendas_unidades_superficie_ano_comuna.download
número_departamentos,unidades,departamento,Metropolitana,Providencia,2009,279,minvu_permisos_viviendas_unidades_superficie_ano_comuna.download
número_departamentos,unidades,departamento,Metropolitana,Providencia,2010,360,minvu_permisos_viviendas_unidades_superficie_ano_comuna.download
número_departamentos,unidades,departamento,Metropolitana,Providencia,2011,537,minvu_permisos_viviendas_unidades_superficie_ano_comuna.download
número_departamentos,unidades,departamento,Metropolitana,Providencia,2012,1097,minvu_permisos_viviendas_unidades_superficie_ano_comuna.download
número_departamentos,unidades,departamento,Metropolitana,Providencia,2013,947,minvu_permisos_viviendas_unidades_superficie_ano_comuna.download
número_departamentos,unidades,departamento,Metropolitana,Providencia,2014,1414,minvu_permisos_viviendas_unidades_superficie_ano_comuna.download
número_departamentos,unidades,departamento,Metropolitana,Providencia,2015,1721,minvu_permisos_viviendas_unidades_superficie_ano_comuna.download
número_departamentos,unidades,departamento,Metropolitana,Providencia,2016,993,minvu_permisos_viviendas_unidades_superficie_ano_comuna.download
número_departamentos,unidades,departamento,Metropolitana,Providencia,2017,587,minvu_permisos_viviendas_unidades_superficie_ano_comuna.download
número_departamentos,unidades,departamento,Metropolitana,Providencia,2019,2201,minvu_permisos_viviendas_unidades_superficie_ano_comuna.download
número_departamentos,unidades,departamento,Metropolitana,Providencia,2020,1062,minvu_permisos_viviendas_unidades_superficie_ano_comuna.download
número_departamentos,unidades,departamento,Metropolitana,Providencia,2021,1645,minvu_permisos_viviendas_unidades_superficie_ano_comuna.download
número_departamentos,unidades,departamento,Metropolitana,Providencia,2022,906,minvu_permisos_viviendas_unidades_superficie_ano_comuna.download
número_departamentos,unidades,departamento,Metropolitana,Providencia,2023,140,minvu_permisos_viviendas_unidades_superficie_ano_comuna.download
número_departamentos,unidades,departamento,Metropolitana,Providencia,2026,57,minvu_permisos_viviendas_unidades_superficie_ano_comuna.download
número_departamentos,unidades,departamento,Metropolitana,Pudahuel,2002,64,minvu_permisos_viviendas_unidades_superficie_ano_comuna.download
número_departamentos,unidades,departamento,Metropolitana,Pudahuel,2003,858,minvu_permisos_viviendas_unidades_superficie_ano_comuna.download
número_departamentos,unidades,departamento,Metropolitana,Pudahuel,2004,32,minvu_permisos_viviendas_unidades_superficie_ano_comuna.download
número_departamentos,unidades,departamento,Metropolitana,Pudahuel,2005,78,minvu_permisos_viviendas_unidades_superficie_ano_comuna.download
número_departamentos,unidades,departamento,Metropolitana,Pudahuel,2006,664,minvu_permisos_viviendas_unidades_superficie_ano_comuna.download
número_departamentos,unidades,departamento,Metropolitana,Pudahuel,2007,1090,minvu_permisos_viviendas_unidades_superficie_ano_comuna.download
número_departamentos,unidades,departamento,Metropolitana,Pudahuel,2008,738,minvu_permisos_viviendas_unidades_superficie_ano_comuna.download
número_departamentos,unidades,departamento,Metropolitana,Pudahuel,2009,920,minvu_permisos_viviendas_unidades_superficie_ano_comuna.download
número_departamentos,unidades,departamento,Metropolitana,Pudahuel,2010,101,minvu_permisos_viviendas_unidades_superficie_ano_comuna.download
número_departamentos,unidades,departamento,Metropolitana,Pudahuel,2011,960,minvu_permisos_viviendas_unidades_superficie_ano_comuna.download
número_departamentos,unidades,departamento,Metropolitana,Pudahuel,2012,101,minvu_permisos_viviendas_unidades_superficie_ano_comuna.download
número_departamentos,unidades,departamento,Metropolitana,Pudahuel,2013,300,minvu_permisos_viviendas_unidades_superficie_ano_comuna.download
número_departamentos,unidades,departamento,Metropolitana,Pudahuel,2014,471,minvu_permisos_viviendas_unidades_superficie_ano_comuna.download
número_departamentos,unidades,departamento,Metropolitana,Pudahuel,2015,671,minvu_permisos_viviendas_unidades_superficie_ano_comuna.download
número_departamentos,unidades,departamento,Metropolitana,Pudahuel,2016,344,minvu_permisos_viviendas_unidades_superficie_ano_comuna.download
número_departamentos,unidades,departamento,Metropolitana,Pudahuel,2017,767,minvu_permisos_viviendas_unidades_superficie_ano_comuna.download
número_departamentos,unidades,departamento,Metropolitana,Pudahuel,2019,210,minvu_permisos_viviendas_unidades_superficie_ano_comuna.download
número_departamentos,unidades,departamento,Metropolitana,Pudahuel,2020,220,minvu_permisos_viviendas_unidades_superficie_ano_comuna.download
número_departamentos,unidades,departamento,Metropolitana,Pudahuel,2021,0,minvu_permisos_viviendas_unidades_superficie_ano_comuna.download
número_departamentos,unidades,departamento,Metropolitana,Pudahuel,2022,399,minvu_permisos_viviendas_unidades_superficie_ano_comuna.download
número_departamentos,unidades,departamento,Metropolitana,Pudahuel,2023,596,minvu_permisos_viviendas_unidades_superficie_ano_comuna.download
número_departamentos,unidades,departamento,Metropolitana,Pudahuel,2026,0,minvu_permisos_viviendas_unidades_superficie_ano_comuna.download
número_departamentos,unidades,departamento,Metropolitana,Quilicura,2002,0,minvu_permisos_viviendas_unidades_superficie_ano_comuna.download
número_departamentos,unidades,departamento,Metropolitana,Quilicura,2003,0,minvu_permisos_viviendas_unidades_superficie_ano_comuna.download
número_departamentos,unidades,departamento,Metropolitana,Quilicura,2004,0,minvu_permisos_viviendas_unidades_superficie_ano_comuna.download
número_departamentos,unidades,departamento,Metropolitana,Quilicura,2005,0,minvu_permisos_viviendas_unidades_superficie_ano_comuna.download
número_departamentos,unidades,departamento,Metropolitana,Quilicura,2006,0,minvu_permisos_viviendas_unidades_superficie_ano_comuna.download
número_departamentos,unidades,departamento,Metropolitana,Quilicura,2007,0,minvu_permisos_viviendas_unidades_superficie_ano_comuna.download
número_departamentos,unidades,departamento,Metropolitana,Quilicura,2008,344,minvu_permisos_viviendas_unidades_superficie_ano_comuna.download
número_departamentos,unidades,departamento,Metropolitana,Quilicura,2009,576,minvu_permisos_viviendas_unidades_superficie_ano_comuna.download
número_departamentos,unidades,departamento,Metropolitana,Quilicura,2010,724,minvu_permisos_viviendas_unidades_superficie_ano_comuna.download
número_departamentos,unidades,departamento,Metropolitana,Quilicura,2011,880,minvu_permisos_viviendas_unidades_superficie_ano_comuna.download
número_departamentos,unidades,departamento,Metropolitana,Quilicura,2012,1360,minvu_permisos_viviendas_unidades_superficie_ano_comuna.download
número_departamentos,unidades,departamento,Metropolitana,Quilicura,2013,288,minvu_permisos_viviendas_unidades_superficie_ano_comuna.download
número_departamentos,unidades,departamento,Metropolitana,Quilicura,2014,29,minvu_permisos_viviendas_unidades_superficie_ano_comuna.download
número_departamentos,unidades,departamento,Metropolitana,Quilicura,2015,0,minvu_permisos_viviendas_unidades_superficie_ano_comuna.download
número_departamentos,unidades,departamento,Metropolitana,Quilicura,2016,1700,minvu_permisos_viviendas_unidades_superficie_ano_comuna.download
número_departamentos,unidades,departamento,Metropolitana,Quilicura,2017,120,minvu_permisos_viviendas_unidades_superficie_ano_comuna.download
número_departamentos,unidades,departamento,Metropolitana,Quilicura,2019,120,minvu_permisos_viviendas_unidades_superficie_ano_comuna.download
número_departamentos,unidades,departamento,Metropolitana,Quilicura,2020,1604,minvu_permisos_viviendas_unidades_superficie_ano_comuna.download
número_departamentos,unidades,departamento,Metropolitana,Quilicura,2021,276,minvu_permisos_viviendas_unidades_superficie_ano_comuna.download
número_departamentos,unidades,departamento,Metropolitana,Quilicura,2022,144,minvu_permisos_viviendas_unidades_superficie_ano_comuna.download
número_departamentos,unidades,departamento,Metropolitana,Quilicura,2023,2318,minvu_permisos_viviendas_unidades_superficie_ano_comuna.download
número_departamentos,unidades,departamento,Metropolitana,Quilicura,2026,0,minvu_permisos_viviendas_unidades_superficie_ano_comuna.download
número_departamentos,unidades,departamento,Metropolitana,Quinta Normal,2002,351,minvu_permisos_viviendas_unidades_superficie_ano_comuna.download
número_departamentos,unidades,departamento,Metropolitana,Quinta Normal,2003,361,minvu_permisos_viviendas_unidades_superficie_ano_comuna.download
número_departamentos,unidades,departamento,Metropolitana,Quinta Normal,2004,0,minvu_permisos_viviendas_unidades_superficie_ano_comuna.download
número_departamentos,unidades,departamento,Metropolitana,Quinta Normal,2005,864,minvu_permisos_viviendas_unidades_superficie_ano_comuna.download
número_departamentos,unidades,departamento,Metropolitana,Quinta Normal,2006,841,minvu_permisos_viviendas_unidades_superficie_ano_comuna.download
número_departamentos,unidades,departamento,Metropolitana,Quinta Normal,2007,2065,minvu_permisos_viviendas_unidades_superficie_ano_comuna.download
número_departamentos,unidades,departamento,Metropolitana,Quinta Normal,2008,602,minvu_permisos_viviendas_unidades_superficie_ano_comuna.download
número_departamentos,unidades,departamento,Metropolitana,Quinta Normal,2009,1286,minvu_permisos_viviendas_unidades_superficie_ano_comuna.download
número_departamentos,unidades,departamento,Metropolitana,Quinta Normal,2010,361,minvu_permisos_viviendas_unidades_superficie_ano_comuna.download
número_departamentos,unidades,departamento,Metropolitana,Quinta Normal,2011,1761,minvu_permisos_viviendas_unidades_superficie_ano_comuna.download
número_departamentos,unidades,departamento,Metropolitana,Quinta Normal,2012,210,minvu_permisos_viviendas_unidades_superficie_ano_comuna.download
número_departamentos,unidades,departamento,Metropolitana,Quinta Normal,2013,1664,minvu_permisos_viviendas_unidades_superficie_ano_comuna.download
número_departamentos,unidades,departamento,Metropolitana,Quinta Normal,2014,316,minvu_permisos_viviendas_unidades_superficie_ano_comuna.download
número_departamentos,unidades,departamento,Metropolitana,Quinta Normal,2015,4282,minvu_permisos_viviendas_unidades_superficie_ano_comuna.download
número_departamentos,unidades,departamento,Metropolitana,Quinta Normal,2016,3480,minvu_permisos_viviendas_unidades_superficie_ano_comuna.download
número_departamentos,unidades,departamento,Metropolitana,Quinta Normal,2017,197,minvu_permisos_viviendas_unidades_superficie_ano_comuna.download
número_departamentos,unidades,departamento,Metropolitana,Quinta Normal,2019,171,minvu_permisos_viviendas_unidades_superficie_ano_comuna.download
número_departamentos,unidades,departamento,Metropolitana,Quinta Normal,2020,0,minvu_permisos_viviendas_unidades_superficie_ano_comuna.download
número_departamentos,unidades,departamento,Metropolitana,Quinta Normal,2021,130,minvu_permisos_viviendas_unidades_superficie_ano_comuna.download
número_departamentos,unidades,departamento,Metropolitana,Quinta Normal,2022,2268,minvu_permisos_viviendas_unidades_superficie_ano_comuna.download
número_departamentos,unidades,departamento,Metropolitana,Quinta Normal,2023,1755,minvu_permisos_viviendas_unidades_superficie_ano_comuna.download
número_departamentos,unidades,departamento,Metropolitana,Quinta Normal,2026,0,minvu_permisos_viviendas_unidades_superficie_ano_comuna.download
número_departamentos,unidades,departamento,Metropolitana,Recoleta,2002,273,minvu_permisos_viviendas_unidades_superficie_ano_comuna.download
número_departamentos,unidades,departamento,Metropolitana,Recoleta,2003,1411,minvu_permisos_viviendas_unidades_superficie_ano_comuna.download
número_departamentos,unidades,departamento,Metropolitana,Recoleta,2004,611,minvu_permisos_viviendas_unidades_superficie_ano_comuna.download
número_departamentos,unidades,departamento,Metropolitana,Recoleta,2005,1723,minvu_permisos_viviendas_unidades_superficie_ano_comuna.download
número_departamentos,unidades,departamento,Metropolitana,Recoleta,2006,1387,minvu_permisos_viviendas_unidades_superficie_ano_comuna.download
número_departamentos,unidades,departamento,Metropolitana,Recoleta,2007,2125,minvu_permisos_viviendas_unidades_superficie_ano_comuna.download
número_departamentos,unidades,departamento,Metropolitana,Recoleta,2008,348,minvu_permisos_viviendas_unidades_superficie_ano_comuna.download
número_departamentos,unidades,departamento,Metropolitana,Recoleta,2009,0,minvu_permisos_viviendas_unidades_superficie_ano_comuna.download
número_departamentos,unidades,departamento,Metropolitana,Recoleta,2010,277,minvu_permisos_viviendas_unidades_superficie_ano_comuna.download
número_departamentos,unidades,departamento,Metropolitana,Recoleta,2011,146,minvu_permisos_viviendas_unidades_superficie_ano_comuna.download
número_departamentos,unidades,departamento,Metropolitana,Recoleta,2012,163,minvu_permisos_viviendas_unidades_superficie_ano_comuna.download
número_departamentos,unidades,departamento,Metropolitana,Recoleta,2013,0,minvu_permisos_viviendas_unidades_superficie_ano_comuna.download
número_departamentos,unidades,departamento,Metropolitana,Recoleta,2014,230,minvu_permisos_viviendas_unidades_superficie_ano_comuna.download
número_departamentos,unidades,departamento,Metropolitana,Recoleta,2015,458,minvu_permisos_viviendas_unidades_superficie_ano_comuna.download
número_departamentos,unidades,departamento,Metropolitana,Recoleta,2016,368,minvu_permisos_viviendas_unidades_superficie_ano_comuna.download
número_departamentos,unidades,departamento,Metropolitana,Recoleta,2017,366,minvu_permisos_viviendas_unidades_superficie_ano_comuna.download
número_departamentos,unidades,departamento,Metropolitana,Recoleta,2019,671,minvu_permisos_viviendas_unidades_superficie_ano_comuna.download
número_departamentos,unidades,departamento,Metropolitana,Recoleta,2020,354,minvu_permisos_viviendas_unidades_superficie_ano_comuna.download
número_departamentos,unidades,departamento,Metropolitana,Recoleta,2021,437,minvu_permisos_viviendas_unidades_superficie_ano_comuna.download
número_departamentos,unidades,departamento,Metropolitana,Recoleta,2022,1121,minvu_permisos_viviendas_unidades_superficie_ano_comuna.download
número_departamentos,unidades,departamento,Metropolitana,Recoleta,2023,0,minvu_permisos_viviendas_unidades_superficie_ano_comuna.download
número_departamentos,unidades,departamento,Metropolitana,Recoleta,2026,0,minvu_permisos_viviendas_unidades_superficie_ano_comuna.download
número_departamentos,unidades,departamento,Metropolitana,Renca,2002,0,minvu_permisos_viviendas_unidades_superficie_ano_comuna.download
número_departamentos,unidades,departamento,Metropolitana,Renca,2003,66,minvu_permisos_viviendas_unidades_superficie_ano_comuna.download
número_departamentos,unidades,departamento,Metropolitana,Renca,2004,220,minvu_permisos_viviendas_unidades_superficie_ano_comuna.download
número_departamentos,unidades,departamento,Metropolitana,Renca,2005,0,minvu_permisos_viviendas_unidades_superficie_ano_comuna.download
número_departamentos,unidades,departamento,Metropolitana,Renca,2006,76,minvu_permisos_viviendas_unidades_superficie_ano_comuna.download
número_departamentos,unidades,departamento,Metropolitana,Renca,2007,0,minvu_permisos_viviendas_unidades_superficie_ano_comuna.download
número_departamentos,unidades,departamento,Metropolitana,Renca,2008,516,minvu_permisos_viviendas_unidades_superficie_ano_comuna.download
número_departamentos,unidades,departamento,Metropolitana,Renca,2009,889,minvu_permisos_viviendas_unidades_superficie_ano_comuna.download
número_departamentos,unidades,departamento,Metropolitana,Renca,2010,168,minvu_permisos_viviendas_unidades_superficie_ano_comuna.download
número_departamentos,unidades,departamento,Metropolitana,Renca,2011,808,minvu_permisos_viviendas_unidades_superficie_ano_comuna.download
número_departamentos,unidades,departamento,Metropolitana,Renca,2012,320,minvu_permisos_viviendas_unidades_superficie_ano_comuna.download
número_departamentos,unidades,departamento,Metropolitana,Renca,2013,146,minvu_permisos_viviendas_unidades_superficie_ano_comuna.download
número_departamentos,unidades,departamento,Metropolitana,Renca,2014,0,minvu_permisos_viviendas_unidades_superficie_ano_comuna.download
número_departamentos,unidades,departamento,Metropolitana,Renca,2015,1082,minvu_permisos_viviendas_unidades_superficie_ano_comuna.download
número_departamentos,unidades,departamento,Metropolitana,Renca,2016,140,minvu_permisos_viviendas_unidades_superficie_ano_comuna.download
número_departamentos,unidades,departamento,Metropolitana,Renca,2017,182,minvu_permisos_viviendas_unidades_superficie_ano_comuna.download
número_departamentos,unidades,departamento,Metropolitana,Renca,2019,1087,minvu_permisos_viviendas_unidades_superficie_ano_comuna.download
número_departamentos,unidades,departamento,Metropolitana,Renca,2020,778,minvu_permisos_viviendas_unidades_superficie_ano_comuna.download
número_departamentos,unidades,departamento,Metropolitana,Renca,2021,587,minvu_permisos_viviendas_unidades_superficie_ano_comuna.download
número_departamentos,unidades,departamento,Metropolitana,Renca,2022,1062,minvu_permisos_viviendas_unidades_superficie_ano_comuna.download
número_departamentos,unidades,departamento,Metropolitana,Renca,2023,727,minvu_permisos_viviendas_unidades_superficie_ano_comuna.download
número_departamentos,unidades,departamento,Metropolitana,Renca,2026,0,minvu_permisos_viviendas_unidades_superficie_ano_comuna.download
número_departamentos,unidades,departamento,Metropolitana,San Joaquín,2002,0,minvu_permisos_viviendas_unidades_superficie_ano_comuna.download
número_departamentos,unidades,departamento,Metropolitana,San Joaquín,2003,0,minvu_permisos_viviendas_unidades_superficie_ano_comuna.download
número_departamentos,unidades,departamento,Metropolitana,San Joaquín,2004,190,minvu_permisos_viviendas_unidades_superficie_ano_comuna.download
número_departamentos,unidades,departamento,Metropolitana,San Joaquín,2005,138,minvu_permisos_viviendas_unidades_superficie_ano_comuna.download
número_departamentos,unidades,departamento,Metropolitana,San Joaquín,2006,112,minvu_permisos_viviendas_unidades_superficie_ano_comuna.download
número_departamentos,unidades,departamento,Metropolitana,San Joaquín,2007,783,minvu_permisos_viviendas_unidades_superficie_ano_comuna.download
número_departamentos,unidades,departamento,Metropolitana,San Joaquín,2008,438,minvu_permisos_viviendas_unidades_superficie_ano_comuna.download
número_departamentos,unidades,departamento,Metropolitana,San Joaquín,2009,0,minvu_permisos_viviendas_unidades_superficie_ano_comuna.download
número_departamentos,unidades,departamento,Metropolitana,San Joaquín,2010,285,minvu_permisos_viviendas_unidades_superficie_ano_comuna.download
número_departamentos,unidades,departamento,Metropolitana,San Joaquín,2011,359,minvu_permisos_viviendas_unidades_superficie_ano_comuna.download
número_departamentos,unidades,departamento,Metropolitana,San Joaquín,2012,0,minvu_permisos_viviendas_unidades_superficie_ano_comuna.download
número_departamentos,unidades,departamento,Metropolitana,San Joaquín,2013,411,minvu_permisos_viviendas_unidades_superficie_ano_comuna.download
número_departamentos,unidades,departamento,Metropolitana,San Joaquín,2014,0,minvu_permisos_viviendas_unidades_superficie_ano_comuna.download
número_departamentos,unidades,departamento,Metropolitana,San Joaquín,2015,1252,minvu_permisos_viviendas_unidades_superficie_ano_comuna.download
número_departamentos,unidades,departamento,Metropolitana,San Joaquín,2016,517,minvu_permisos_viviendas_unidades_superficie_ano_comuna.download
número_departamentos,unidades,departamento,Metropolitana,San Joaquín,2017,0,minvu_permisos_viviendas_unidades_superficie_ano_comuna.download
número_departamentos,unidades,departamento,Metropolitana,San Joaquín,2019,1847,minvu_permisos_viviendas_unidades_superficie_ano_comuna.download
número_departamentos,unidades,departamento,Metropolitana,San Joaquín,2020,488,minvu_permisos_viviendas_unidades_superficie_ano_comuna.download
número_departamentos,unidades,departamento,Metropolitana,San Joaquín,2021,2176,minvu_permisos_viviendas_unidades_superficie_ano_comuna.download
número_departamentos,unidades,departamento,Metropolitana,San Joaquín,2022,1478,minvu_permisos_viviendas_unidades_superficie_ano_comuna.download
número_departamentos,unidades,departamento,Metropolitana,San Joaquín,2023,1237,minvu_permisos_viviendas_unidades_superficie_ano_comuna.download
número_departamentos,unidades,departamento,Metropolitana,San Joaquín,2026,269,minvu_permisos_viviendas_unidades_superficie_ano_comuna.download
número_departamentos,unidades,departamento,Metropolitana,San Miguel,2002,445,minvu_permisos_viviendas_unidades_superficie_ano_comuna.download
número_departamentos,unidades,departamento,Metropolitana,San Miguel,2003,1106,minvu_permisos_viviendas_unidades_superficie_ano_comuna.download
número_departamentos,unidades,departamento,Metropolitana,San Miguel,2004,1703,minvu_permisos_viviendas_unidades_superficie_ano_comuna.download
número_departamentos,unidades,departamento,Metropolitana,San Miguel,2005,1236,minvu_permisos_viviendas_unidades_superficie_ano_comuna.download
número_departamentos,unidades,departamento,Metropolitana,San Miguel,2006,1474,minvu_permisos_viviendas_unidades_superficie_ano_comuna.download
número_departamentos,unidades,departamento,Metropolitana,San Miguel,2007,2219,minvu_permisos_viviendas_unidades_superficie_ano_comuna.download
número_departamentos,unidades,departamento,Metropolitana,San Miguel,2008,2654,minvu_permisos_viviendas_unidades_superficie_ano_comuna.download
número_departamentos,unidades,departamento,Metropolitana,San Miguel,2009,952,minvu_permisos_viviendas_unidades_superficie_ano_comuna.download
número_departamentos,unidades,departamento,Metropolitana,San Miguel,2010,964,minvu_permisos_viviendas_unidades_superficie_ano_comuna.download
número_departamentos,unidades,departamento,Metropolitana,San Miguel,2011,558,minvu_permisos_viviendas_unidades_superficie_ano_comuna.download
número_departamentos,unidades,departamento,Metropolitana,San Miguel,2012,1064,minvu_permisos_viviendas_unidades_superficie_ano_comuna.download
número_departamentos,unidades,departamento,Metropolitana,San Miguel,2013,1424,minvu_permisos_viviendas_unidades_superficie_ano_comuna.download
número_departamentos,unidades,departamento,Metropolitana,San Miguel,2014,3942,minvu_permisos_viviendas_unidades_superficie_ano_comuna.download
número_departamentos,unidades,departamento,Metropolitana,San Miguel,2015,4932,minvu_permisos_viviendas_unidades_superficie_ano_comuna.download
número_departamentos,unidades,departamento,Metropolitana,San Miguel,2016,6650,minvu_permisos_viviendas_unidades_superficie_ano_comuna.download
número_departamentos,unidades,departamento,Metropolitana,San Miguel,2017,5251,minvu_permisos_viviendas_unidades_superficie_ano_comuna.download
número_departamentos,unidades,departamento,Metropolitana,San Miguel,2019,3351,minvu_permisos_viviendas_unidades_superficie_ano_comuna.download
número_departamentos,unidades,departamento,Metropolitana,San Miguel,2020,1096,minvu_permisos_viviendas_unidades_superficie_ano_comuna.download
número_departamentos,unidades,departamento,Metropolitana,San Miguel,2021,129,minvu_permisos_viviendas_unidades_superficie_ano_comuna.download
número_departamentos,unidades,departamento,Metropolitana,San Miguel,2022,712,minvu_permisos_viviendas_unidades_superficie_ano_comuna.download
número_departamentos,unidades,departamento,Metropolitana,San Miguel,2023,102,minvu_permisos_viviendas_unidades_superficie_ano_comuna.download
número_departamentos,unidades,departamento,Metropolitana,San Miguel,2026,0,minvu_permisos_viviendas_unidades_superficie_ano_comuna.download
número_departamentos,unidades,departamento,Metropolitana,San Ramón,2002,0,minvu_permisos_viviendas_unidades_superficie_ano_comuna.download
número_departamentos,unidades,departamento,Metropolitana,San Ramón,2003,0,minvu_permisos_viviendas_unidades_superficie_ano_comuna.download
número_departamentos,unidades,departamento,Metropolitana,San Ramón,2004,0,minvu_permisos_viviendas_unidades_superficie_ano_comuna.download
número_departamentos,unidades,departamento,Metropolitana,San Ramón,2005,0,minvu_permisos_viviendas_unidades_superficie_ano_comuna.download
número_departamentos,unidades,departamento,Metropolitana,San Ramón,2006,0,minvu_permisos_viviendas_unidades_superficie_ano_comuna.download
número_departamentos,unidades,departamento,Metropolitana,San Ramón,2007,0,minvu_permisos_viviendas_unidades_superficie_ano_comuna.download
número_departamentos,unidades,departamento,Metropolitana,San Ramón,2008,214,minvu_permisos_viviendas_unidades_superficie_ano_comuna.download
número_departamentos,unidades,departamento,Metropolitana,San Ramón,2009,70,minvu_permisos_viviendas_unidades_superficie_ano_comuna.download
número_departamentos,unidades,departamento,Metropolitana,San Ramón,2010,0,minvu_permisos_viviendas_unidades_superficie_ano_comuna.download
número_departamentos,unidades,departamento,Metropolitana,San Ramón,2011,0,minvu_permisos_viviendas_unidades_superficie_ano_comuna.download
número_departamentos,unidades,departamento,Metropolitana,San Ramón,2012,0,minvu_permisos_viviendas_unidades_superficie_ano_comuna.download
número_departamentos,unidades,departamento,Metropolitana,San Ramón,2013,0,minvu_permisos_viviendas_unidades_superficie_ano_comuna.download
número_departamentos,unidades,departamento,Metropolitana,San Ramón,2014,0,minvu_permisos_viviendas_unidades_superficie_ano_comuna.download
número_departamentos,unidades,departamento,Metropolitana,San Ramón,2015,0,minvu_permisos_viviendas_unidades_superficie_ano_comuna.download
número_departamentos,unidades,departamento,Metropolitana,San Ramón,2016,0,minvu_permisos_viviendas_unidades_superficie_ano_comuna.download
número_departamentos,unidades,departamento,Metropolitana,San Ramón,2017,0,minvu_permisos_viviendas_unidades_superficie_ano_comuna.download
número_departamentos,unidades,departamento,Metropolitana,San Ramón,2019,0,minvu_permisos_viviendas_unidades_superficie_ano_comuna.download
número_departamentos,unidades,departamento,Metropolitana,San Ramón,2020,794,minvu_permisos_viviendas_unidades_superficie_ano_comuna.download
número_departamentos,unidades,departamento,Metropolitana,San Ramón,2021,0,minvu_permisos_viviendas_unidades_superficie_ano_comuna.download
número_departamentos,unidades,departamento,Metropolitana,San Ramón,2022,0,minvu_permisos_viviendas_unidades_superficie_ano_comuna.download
número_departamentos,unidades,departamento,Metropolitana,San Ramón,2023,282,minvu_permisos_viviendas_unidades_superficie_ano_comuna.download
número_departamentos,unidades,departamento,Metropolitana,San Ramón,2026,0,minvu_permisos_viviendas_unidades_superficie_ano_comuna.download
número_departamentos,unidades,departamento,Metropolitana,Vitacura,2002,214,minvu_permisos_viviendas_unidades_superficie_ano_comuna.download
número_departamentos,unidades,departamento,Metropolitana,Vitacura,2003,419,minvu_permisos_viviendas_unidades_superficie_ano_comuna.download
número_departamentos,unidades,departamento,Metropolitana,Vitacura,2004,227,minvu_permisos_viviendas_unidades_superficie_ano_comuna.download
número_departamentos,unidades,departamento,Metropolitana,Vitacura,2005,696,minvu_permisos_viviendas_unidades_superficie_ano_comuna.download
número_departamentos,unidades,departamento,Metropolitana,Vitacura,2006,674,minvu_permisos_viviendas_unidades_superficie_ano_comuna.download
número_departamentos,unidades,departamento,Metropolitana,Vitacura,2007,1699,minvu_permisos_viviendas_unidades_superficie_ano_comuna.download
número_departamentos,unidades,departamento,Metropolitana,Vitacura,2008,447,minvu_permisos_viviendas_unidades_superficie_ano_comuna.download
número_departamentos,unidades,departamento,Metropolitana,Vitacura,2009,384,minvu_permisos_viviendas_unidades_superficie_ano_comuna.download
número_departamentos,unidades,departamento,Metropolitana,Vitacura,2010,126,minvu_permisos_viviendas_unidades_superficie_ano_comuna.download
número_departamentos,unidades,departamento,Metropolitana,Vitacura,2011,241,minvu_permisos_viviendas_unidades_superficie_ano_comuna.download
número_departamentos,unidades,departamento,Metropolitana,Vitacura,2012,475,minvu_permisos_viviendas_unidades_superficie_ano_comuna.download
número_departamentos,unidades,departamento,Metropolitana,Vitacura,2013,1827,minvu_permisos_viviendas_unidades_superficie_ano_comuna.download
número_departamentos,unidades,departamento,Metropolitana,Vitacura,2014,921,minvu_permisos_viviendas_unidades_superficie_ano_comuna.download
número_departamentos,unidades,departamento,Metropolitana,Vitacura,2015,596,minvu_permisos_viviendas_unidades_superficie_ano_comuna.download
número_departamentos,unidades,departamento,Metropolitana,Vitacura,2016,552,minvu_permisos_viviendas_unidades_superficie_ano_comuna.download
número_departamentos,unidades,departamento,Metropolitana,Vitacura,2017,480,minvu_permisos_viviendas_unidades_superficie_ano_comuna.download
número_departamentos,unidades,departamento,Metropolitana,Vitacura,2019,1853,minvu_permisos_viviendas_unidades_superficie_ano_comuna.download
número_departamentos,unidades,departamento,Metropolitana,Vitacura,2020,630,minvu_permisos_viviendas_unidades_superficie_ano_comuna.download
número_departamentos,unidades,departamento,Metropolitana,Vitacura,2021,528,minvu_permisos_viviendas_unidades_superficie_ano_comuna.download
número_departamentos,unidades,departamento,Metropolitana,Vitacura,2022,92,minvu_permisos_viviendas_unidades_superficie_ano_comuna.download
número_departamentos,unidades,departamento,Metropolitana,Vitacura,2023,354,minvu_permisos_viviendas_unidades_superficie_ano_comuna.download
número_departamentos,unidades,departamento,Metropolitana,Vitacura,2026,0,minvu_permisos_viviendas_unidades_superficie_ano_comuna.download
m2_departamentos,m2,departamento,Metropolitana,Santiago,2002,173706,minvu_permisos_viviendas_unidades_superficie_ano_comuna.download
m2_departamentos,m2,departamento,Metropolitana,Santiago,2003,252977,minvu_permisos_viviendas_unidades_superficie_ano_comuna.download
m2_departamentos,m2,departamento,Metropolitana,Santiago,2004,455824,minvu_permisos_viviendas_unidades_superficie_ano_comuna.download
m2_departamentos,m2,departamento,Metropolitana,Santiago,2005,601169,minvu_permisos_viviendas_unidades_superficie_ano_comuna.download
m2_departamentos,m2,departamento,Metropolitana,Santiago,2006,869501,minvu_permisos_viviendas_unidades_superficie_ano_comuna.download
m2_departamentos,m2,departamento,Metropolitana,Santiago,2007,608683,minvu_permisos_viviendas_unidades_superficie_ano_comuna.download
m2_departamentos,m2,departamento,Metropolitana,Santiago,2008,898294,minvu_permisos_viviendas_unidades_superficie_ano_comuna.download
m2_departamentos,m2,departamento,Metropolitana,Santiago,2009,759181,minvu_permisos_viviendas_unidades_superficie_ano_comuna.download
m2_departamentos,m2,departamento,Metropolitana,Santiago,2010,92382,minvu_permisos_viviendas_unidades_superficie_ano_comuna.download
m2_departamentos,m2,departamento,Metropolitana,Santiago,2011,314254,minvu_permisos_viviendas_unidades_superficie_ano_comuna.download
m2_departamentos,m2,departamento,Metropolitana,Santiago,2012,127592,minvu_permisos_viviendas_unidades_superficie_ano_comuna.download
m2_departamentos,m2,departamento,Metropolitana,Santiago,2013,390390,minvu_permisos_viviendas_unidades_superficie_ano_comuna.download
m2_departamentos,m2,departamento,Metropolitana,Santiago,2014,701606,minvu_permisos_viviendas_unidades_superficie_ano_comuna.download
m2_departamentos,m2,departamento,Metropolitana,Santiago,2015,312463,minvu_permisos_viviendas_unidades_superficie_ano_comuna.download
m2_departamentos,m2,departamento,Metropolitana,Santiago,2016,432811,minvu_permisos_viviendas_unidades_superficie_ano_comuna.download
m2_departamentos,m2,departamento,Metropolitana,Santiago,2017,417452,minvu_permisos_viviendas_unidades_superficie_ano_comuna.download
m2_departamentos,m2,departamento,Metropolitana,Santiago,2019,624332,minvu_permisos_viviendas_unidades_superficie_ano_comuna.download
m2_departamentos,m2,departamento,Metropolitana,Santiago,2020,516313,minvu_permisos_viviendas_unidades_superficie_ano_comuna.download
m2_departamentos,m2,departamento,Metropolitana,Santiago,2021,653310,minvu_permisos_viviendas_unidades_superficie_ano_comuna.download
m2_departamentos,m2,departamento,Metropolitana,Santiago,2022,347926,minvu_permisos_viviendas_unidades_superficie_ano_comuna.download
m2_departamentos,m2,departamento,Metropolitana,Santiago,2023,318397,minvu_permisos_viviendas_unidades_superficie_ano_comuna.download
m2_departamentos,m2,departamento,Metropolitana,Santiago,2026,0,minvu_permisos_viviendas_unidades_superficie_ano_comuna.download
m2_departamentos,m2,departamento,Metropolitana,Cerrillos,2002,0,minvu_permisos_viviendas_unidades_superficie_ano_comuna.download
m2_departamentos,m2,departamento,Metropolitana,Cerrillos,2003,0,minvu_permisos_viviendas_unidades_superficie_ano_comuna.download
m2_departamentos,m2,departamento,Metropolitana,Cerrillos,2004,0,minvu_permisos_viviendas_unidades_superficie_ano_comuna.download
m2_departamentos,m2,departamento,Metropolitana,Cerrillos,2005,0,minvu_permisos_viviendas_unidades_superficie_ano_comuna.download
m2_departamentos,m2,departamento,Metropolitana,Cerrillos,2006,0,minvu_permisos_viviendas_unidades_superficie_ano_comuna.download
m2_departamentos,m2,departamento,Metropolitana,Cerrillos,2007,0,minvu_permisos_viviendas_unidades_superficie_ano_comuna.download
m2_departamentos,m2,departamento,Metropolitana,Cerrillos,2008,8518,minvu_permisos_viviendas_unidades_superficie_ano_comuna.download
m2_departamentos,m2,departamento,Metropolitana,Cerrillos,2009,0,minvu_permisos_viviendas_unidades_superficie_ano_comuna.download
m2_departamentos,m2,departamento,Metropolitana,Cerrillos,2010,18096,minvu_permisos_viviendas_unidades_superficie_ano_comuna.download
m2_departamentos,m2,departamento,Metropolitana,Cerrillos,2011,0,minvu_permisos_viviendas_unidades_superficie_ano_comuna.download
m2_departamentos,m2,departamento,Metropolitana,Cerrillos,2012,71319,minvu_permisos_viviendas_unidades_superficie_ano_comuna.download
m2_departamentos,m2,departamento,Metropolitana,Cerrillos,2013,0,minvu_permisos_viviendas_unidades_superficie_ano_comuna.download
m2_departamentos,m2,departamento,Metropolitana,Cerrillos,2014,24139,minvu_permisos_viviendas_unidades_superficie_ano_comuna.download
m2_departamentos,m2,departamento,Metropolitana,Cerrillos,2015,86495,minvu_permisos_viviendas_unidades_superficie_ano_comuna.download
m2_departamentos,m2,departamento,Metropolitana,Cerrillos,2016,0,minvu_permisos_viviendas_unidades_superficie_ano_comuna.download
m2_departamentos,m2,departamento,Metropolitana,Cerrillos,2017,8499,minvu_permisos_viviendas_unidades_superficie_ano_comuna.download
m2_departamentos,m2,departamento,Metropolitana,Cerrillos,2019,193545,minvu_permisos_viviendas_unidades_superficie_ano_comuna.download
m2_departamentos,m2,departamento,Metropolitana,Cerrillos,2020,107559,minvu_permisos_viviendas_unidades_superficie_ano_comuna.download
m2_departamentos,m2,departamento,Metropolitana,Cerrillos,2021,227422,minvu_permisos_viviendas_unidades_superficie_ano_comuna.download
m2_departamentos,m2,departamento,Metropolitana,Cerrillos,2022,191080,minvu_permisos_viviendas_unidades_superficie_ano_comuna.download
m2_departamentos,m2,departamento,Metropolitana,Cerrillos,2023,49013,minvu_permisos_viviendas_unidades_superficie_ano_comuna.download
m2_departamentos,m2,departamento,Metropolitana,Cerrillos,2026,0,minvu_permisos_viviendas_unidades_superficie_ano_comuna.download
m2_departamentos,m2,departamento,Metropolitana,Cerro Navia,2002,0,minvu_permisos_viviendas_unidades_superficie_ano_comuna.download
m2_departamentos,m2,departamento,Metropolitana,Cerro Navia,2003,0,minvu_permisos_viviendas_unidades_superficie_ano_comuna.download
m2_departamentos,m2,departamento,Metropolitana,Cerro Navia,2004,0,minvu_permisos_viviendas_unidades_superficie_ano_comuna.download
m2_departamentos,m2,departamento,Metropolitana,Cerro Navia,2005,0,minvu_permisos_viviendas_unidades_superficie_ano_comuna.download
m2_departamentos,m2,departamento,Metropolitana,Cerro Navia,2006,0,minvu_permisos_viviendas_unidades_superficie_ano_comuna.download
m2_departamentos,m2,departamento,Metropolitana,Cerro Navia,2007,0,minvu_permisos_viviendas_unidades_superficie_ano_comuna.download
m2_departamentos,m2,departamento,Metropolitana,Cerro Navia,2008,0,minvu_permisos_viviendas_unidades_superficie_ano_comuna.download
m2_departamentos,m2,departamento,Metropolitana,Cerro Navia,2009,0,minvu_permisos_viviendas_unidades_superficie_ano_comuna.download
m2_departamentos,m2,departamento,Metropolitana,Cerro Navia,2010,0,minvu_permisos_viviendas_unidades_superficie_ano_comuna.download
m2_departamentos,m2,departamento,Metropolitana,Cerro Navia,2011,0,minvu_permisos_viviendas_unidades_superficie_ano_comuna.download
m2_departamentos,m2,departamento,Metropolitana,Cerro Navia,2012,0,minvu_permisos_viviendas_unidades_superficie_ano_comuna.download
m2_departamentos,m2,departamento,Metropolitana,Cerro Navia,2013,0,minvu_permisos_viviendas_unidades_superficie_ano_comuna.download
m2_departamentos,m2,departamento,Metropolitana,Cerro Navia,2014,36544,minvu_permisos_viviendas_unidades_superficie_ano_comuna.download
m2_departamentos,m2,departamento,Metropolitana,Cerro Navia,2015,0,minvu_permisos_viviendas_unidades_superficie_ano_comuna.download
m2_departamentos,m2,departamento,Metropolitana,Cerro Navia,2016,0,minvu_permisos_viviendas_unidades_superficie_ano_comuna.download
m2_departamentos,m2,departamento,Metropolitana,Cerro Navia,2017,14336,minvu_permisos_viviendas_unidades_superficie_ano_comuna.download
m2_departamentos,m2,departamento,Metropolitana,Cerro Navia,2019,0,minvu_permisos_viviendas_unidades_superficie_ano_comuna.download
m2_departamentos,m2,departamento,Metropolitana,Cerro Navia,2020,0,minvu_permisos_viviendas_unidades_superficie_ano_comuna.download
m2_departamentos,m2,departamento,Metropolitana,Cerro Navia,2021,98879,minvu_permisos_viviendas_unidades_superficie_ano_comuna.download
m2_departamentos,m2,departamento,Metropolitana,Cerro Navia,2022,0,minvu_permisos_viviendas_unidades_superficie_ano_comuna.download
m2_departamentos,m2,departamento,Metropolitana,Cerro Navia,2023,0,minvu_permisos_viviendas_unidades_superficie_ano_comuna.download
m2_departamentos,m2,departamento,Metropolitana,Cerro Navia,2026,0,minvu_permisos_viviendas_unidades_superficie_ano_comuna.download
m2_departamentos,m2,departamento,Metropolitana,Conchalí,2002,0,minvu_permisos_viviendas_unidades_superficie_ano_comuna.download
m2_departamentos,m2,departamento,Metropolitana,Conchalí,2003,0,minvu_permisos_viviendas_unidades_superficie_ano_comuna.download
m2_departamentos,m2,departamento,Metropolitana,Conchalí,2004,0,minvu_permisos_viviendas_unidades_superficie_ano_comuna.download
m2_departamentos,m2,departamento,Metropolitana,Conchalí,2005,16117,minvu_permisos_viviendas_unidades_superficie_ano_comuna.download
m2_departamentos,m2,departamento,Metropolitana,Conchalí,2006,25474,minvu_permisos_viviendas_unidades_superficie_ano_comuna.download
m2_departamentos,m2,departamento,Metropolitana,Conchalí,2007,27408,minvu_permisos_viviendas_unidades_superficie_ano_comuna.download
m2_departamentos,m2,departamento,Metropolitana,Conchalí,2008,10457,minvu_permisos_viviendas_unidades_superficie_ano_comuna.download
m2_departamentos,m2,departamento,Metropolitana,Conchalí,2009,34439,minvu_permisos_viviendas_unidades_superficie_ano_comuna.download
m2_departamentos,m2,departamento,Metropolitana,Conchalí,2010,2754,minvu_permisos_viviendas_unidades_superficie_ano_comuna.download
m2_departamentos,m2,departamento,Metropolitana,Conchalí,2011,15261,minvu_permisos_viviendas_unidades_superficie_ano_comuna.download
m2_departamentos,m2,departamento,Metropolitana,Conchalí,2012,0,minvu_permisos_viviendas_unidades_superficie_ano_comuna.download
m2_departamentos,m2,departamento,Metropolitana,Conchalí,2013,0,minvu_permisos_viviendas_unidades_superficie_ano_comuna.download
m2_departamentos,m2,departamento,Metropolitana,Conchalí,2014,56814,minvu_permisos_viviendas_unidades_superficie_ano_comuna.download
m2_departamentos,m2,departamento,Metropolitana,Conchalí,2015,0,minvu_permisos_viviendas_unidades_superficie_ano_comuna.download
m2_departamentos,m2,departamento,Metropolitana,Conchalí,2016,415,minvu_permisos_viviendas_unidades_superficie_ano_comuna.download
m2_departamentos,m2,departamento,Metropolitana,Conchalí,2017,0,minvu_permisos_viviendas_unidades_superficie_ano_comuna.download
m2_departamentos,m2,departamento,Metropolitana,Conchalí,2019,15964,minvu_permisos_viviendas_unidades_superficie_ano_comuna.download
m2_departamentos,m2,departamento,Metropolitana,Conchalí,2020,34594,minvu_permisos_viviendas_unidades_superficie_ano_comuna.download
m2_departamentos,m2,departamento,Metropolitana,Conchalí,2021,28897,minvu_permisos_viviendas_unidades_superficie_ano_comuna.download
m2_departamentos,m2,departamento,Metropolitana,Conchalí,2022,65825,minvu_permisos_viviendas_unidades_superficie_ano_comuna.download
m2_departamentos,m2,departamento,Metropolitana,Conchalí,2023,12957,minvu_permisos_viviendas_unidades_superficie_ano_comuna.download
m2_departamentos,m2,departamento,Metropolitana,Conchalí,2026,0,minvu_permisos_viviendas_unidades_superficie_ano_comuna.download
m2_departamentos,m2,departamento,Metropolitana,El Bosque,2002,0,minvu_permisos_viviendas_unidades_superficie_ano_comuna.download
m2_departamentos,m2,departamento,Metropolitana,El Bosque,2003,0,minvu_permisos_viviendas_unidades_superficie_ano_comuna.download
m2_departamentos,m2,departamento,Metropolitana,El Bosque,2004,0,minvu_permisos_viviendas_unidades_superficie_ano_comuna.download
m2_departamentos,m2,departamento,Metropolitana,El Bosque,2005,0,minvu_permisos_viviendas_unidades_superficie_ano_comuna.download
m2_departamentos,m2,departamento,Metropolitana,El Bosque,2006,10000,minvu_permisos_viviendas_unidades_superficie_ano_comuna.download
m2_departamentos,m2,departamento,Metropolitana,El Bosque,2007,0,minvu_permisos_viviendas_unidades_superficie_ano_comuna.download
m2_departamentos,m2,departamento,Metropolitana,El Bosque,2008,0,minvu_permisos_viviendas_unidades_superficie_ano_comuna.download
m2_departamentos,m2,departamento,Metropolitana,El Bosque,2009,4758,minvu_permisos_viviendas_unidades_superficie_ano_comuna.download
m2_departamentos,m2,departamento,Metropolitana,El Bosque,2010,28639,minvu_permisos_viviendas_unidades_superficie_ano_comuna.download
m2_departamentos,m2,departamento,Metropolitana,El Bosque,2011,30900,minvu_permisos_viviendas_unidades_superficie_ano_comuna.download
m2_departamentos,m2,departamento,Metropolitana,El Bosque,2012,0,minvu_permisos_viviendas_unidades_superficie_ano_comuna.download
m2_departamentos,m2,departamento,Metropolitana,El Bosque,2013,0,minvu_permisos_viviendas_unidades_superficie_ano_comuna.download
m2_departamentos,m2,departamento,Metropolitana,El Bosque,2014,15152,minvu_permisos_viviendas_unidades_superficie_ano_comuna.download
m2_departamentos,m2,departamento,Metropolitana,El Bosque,2015,9760,minvu_permisos_viviendas_unidades_superficie_ano_comuna.download
m2_departamentos,m2,departamento,Metropolitana,El Bosque,2016,64507,minvu_permisos_viviendas_unidades_superficie_ano_comuna.download
m2_departamentos,m2,departamento,Metropolitana,El Bosque,2017,4875,minvu_permisos_viviendas_unidades_superficie_ano_comuna.download
m2_departamentos,m2,departamento,Metropolitana,El Bosque,2019,0,minvu_permisos_viviendas_unidades_superficie_ano_comuna.download
m2_departamentos,m2,departamento,Metropolitana,El Bosque,2020,9999,minvu_permisos_viviendas_unidades_superficie_ano_comuna.download
m2_departamentos,m2,departamento,Metropolitana,El Bosque,2021,31616,minvu_permisos_viviendas_unidades_superficie_ano_comuna.download
m2_departamentos,m2,departamento,Metropolitana,El Bosque,2022,0,minvu_permisos_viviendas_unidades_superficie_ano_comuna.download
m2_departamentos,m2,departamento,Metropolitana,El Bosque,2023,36394,minvu_permisos_viviendas_unidades_superficie_ano_comuna.download
m2_departamentos,m2,departamento,Metropolitana,El Bosque,2026,0,minvu_permisos_viviendas_unidades_superficie_ano_comuna.download
m2_departamentos,m2,departamento,Metropolitana,Estación Central,2002,0,minvu_permisos_viviendas_unidades_superficie_ano_comuna.download
m2_departamentos,m2,departamento,Metropolitana,Estación Central,2003,5764,minvu_permisos_viviendas_unidades_superficie_ano_comuna.download
m2_departamentos,m2,departamento,Metropolitana,Estación Central,2004,5764,minvu_permisos_viviendas_unidades_superficie_ano_comuna.download
m2_departamentos,m2,departamento,Metropolitana,Estación Central,2005,5035,minvu_permisos_viviendas_unidades_superficie_ano_comuna.download
m2_departamentos,m2,departamento,Metropolitana,Estación Central,2006,48327,minvu_permisos_viviendas_unidades_superficie_ano_comuna.download
m2_departamentos,m2,departamento,Metropolitana,Estación Central,2007,24453,minvu_permisos_viviendas_unidades_superficie_ano_comuna.download
m2_departamentos,m2,departamento,Metropolitana,Estación Central,2008,151077,minvu_permisos_viviendas_unidades_superficie_ano_comuna.download
m2_departamentos,m2,departamento,Metropolitana,Estación Central,2009,68747,minvu_permisos_viviendas_unidades_superficie_ano_comuna.download
m2_departamentos,m2,departamento,Metropolitana,Estación Central,2010,11372,minvu_permisos_viviendas_unidades_superficie_ano_comuna.download
m2_departamentos,m2,departamento,Metropolitana,Estación Central,2011,64723,minvu_permisos_viviendas_unidades_superficie_ano_comuna.download
m2_departamentos,m2,departamento,Metropolitana,Estación Central,2012,115545,minvu_permisos_viviendas_unidades_superficie_ano_comuna.download
m2_departamentos,m2,departamento,Metropolitana,Estación Central,2013,100119,minvu_permisos_viviendas_unidades_superficie_ano_comuna.download
m2_departamentos,m2,departamento,Metropolitana,Estación Central,2014,364159,minvu_permisos_viviendas_unidades_superficie_ano_comuna.download
m2_departamentos,m2,departamento,Metropolitana,Estación Central,2015,609988,minvu_permisos_viviendas_unidades_superficie_ano_comuna.download
m2_departamentos,m2,departamento,Metropolitana,Estación Central,2016,593645,minvu_permisos_viviendas_unidades_superficie_ano_comuna.download
m2_departamentos,m2,departamento,Metropolitana,Estación Central,2017,238421,minvu_permisos_viviendas_unidades_superficie_ano_comuna.download
m2_departamentos,m2,departamento,Metropolitana,Estación Central,2019,117980,minvu_permisos_viviendas_unidades_superficie_ano_comuna.download
m2_departamentos,m2,departamento,Metropolitana,Estación Central,2020,34179,minvu_permisos_viviendas_unidades_superficie_ano_comuna.download
m2_departamentos,m2,departamento,Metropolitana,Estación Central,2021,103778,minvu_permisos_viviendas_unidades_superficie_ano_comuna.download
m2_departamentos,m2,departamento,Metropolitana,Estación Central,2022,74195,minvu_permisos_viviendas_unidades_superficie_ano_comuna.download
m2_departamentos,m2,departamento,Metropolitana,Estación Central,2023,4540,minvu_permisos_viviendas_unidades_superficie_ano_comuna.download
m2_departamentos,m2,departamento,Metropolitana,Estación Central,2026,2197,minvu_permisos_viviendas_unidades_superficie_ano_comuna.download
m2_departamentos,m2,departamento,Metropolitana,Huechuraba,2002,0,minvu_permisos_viviendas_unidades_superficie_ano_comuna.download
m2_departamentos,m2,departamento,Metropolitana,Huechuraba,2003,59711,minvu_permisos_viviendas_unidades_superficie_ano_comuna.download
m2_departamentos,m2,departamento,Metropolitana,Huechuraba,2004,57164,minvu_permisos_viviendas_unidades_superficie_ano_comuna.download
m2_departamentos,m2,departamento,Metropolitana,Huechuraba,2005,29058,minvu_permisos_viviendas_unidades_superficie_ano_comuna.download
m2_departamentos,m2,departamento,Metropolitana,Huechuraba,2006,32473,minvu_permisos_viviendas_unidades_superficie_ano_comuna.download
m2_departamentos,m2,departamento,Metropolitana,Huechuraba,2007,29547,minvu_permisos_viviendas_unidades_superficie_ano_comuna.download
m2_departamentos,m2,departamento,Metropolitana,Huechuraba,2008,7020,minvu_permisos_viviendas_unidades_superficie_ano_comuna.download
m2_departamentos,m2,departamento,Metropolitana,Huechuraba,2009,0,minvu_permisos_viviendas_unidades_superficie_ano_comuna.download
m2_departamentos,m2,departamento,Metropolitana,Huechuraba,2010,29656,minvu_permisos_viviendas_unidades_superficie_ano_comuna.download
m2_departamentos,m2,departamento,Metropolitana,Huechuraba,2011,21450,minvu_permisos_viviendas_unidades_superficie_ano_comuna.download
m2_departamentos,m2,departamento,Metropolitana,Huechuraba,2012,48406,minvu_permisos_viviendas_unidades_superficie_ano_comuna.download
m2_departamentos,m2,departamento,Metropolitana,Huechuraba,2013,22867,minvu_permisos_viviendas_unidades_superficie_ano_comuna.download
m2_departamentos,m2,departamento,Metropolitana,Huechuraba,2014,20670,minvu_permisos_viviendas_unidades_superficie_ano_comuna.download
m2_departamentos,m2,departamento,Metropolitana,Huechuraba,2015,204544,minvu_permisos_viviendas_unidades_superficie_ano_comuna.download
m2_departamentos,m2,departamento,Metropolitana,Huechuraba,2016,0,minvu_permisos_viviendas_unidades_superficie_ano_comuna.download
m2_departamentos,m2,departamento,Metropolitana,Huechuraba,2017,0,minvu_permisos_viviendas_unidades_superficie_ano_comuna.download
m2_departamentos,m2,departamento,Metropolitana,Huechuraba,2019,25585,minvu_permisos_viviendas_unidades_superficie_ano_comuna.download
m2_departamentos,m2,departamento,Metropolitana,Huechuraba,2020,163608,minvu_permisos_viviendas_unidades_superficie_ano_comuna.download
m2_departamentos,m2,departamento,Metropolitana,Huechuraba,2021,61633,minvu_permisos_viviendas_unidades_superficie_ano_comuna.download
m2_departamentos,m2,departamento,Metropolitana,Huechuraba,2022,141291,minvu_permisos_viviendas_unidades_superficie_ano_comuna.download
m2_departamentos,m2,departamento,Metropolitana,Huechuraba,2023,57730,minvu_permisos_viviendas_unidades_superficie_ano_comuna.download
m2_departamentos,m2,departamento,Metropolitana,Huechuraba,2026,22134,minvu_permisos_viviendas_unidades_superficie_ano_comuna.download
m2_departamentos,m2,departamento,Metropolitana,Independencia,2002,13191,minvu_permisos_viviendas_unidades_superficie_ano_comuna.download
m2_departamentos,m2,departamento,Metropolitana,Independencia,2003,29829,minvu_permisos_viviendas_unidades_superficie_ano_comuna.download
m2_departamentos,m2,departamento,Metropolitana,Independencia,2004,25876,minvu_permisos_viviendas_unidades_superficie_ano_comuna.download
m2_departamentos,m2,departamento,Metropolitana,Independencia,2005,42582,minvu_permisos_viviendas_unidades_superficie_ano_comuna.download
m2_departamentos,m2,departamento,Metropolitana,Independencia,2006,58436,minvu_permisos_viviendas_unidades_superficie_ano_comuna.download
m2_departamentos,m2,departamento,Metropolitana,Independencia,2007,50154,minvu_permisos_viviendas_unidades_superficie_ano_comuna.download
m2_departamentos,m2,departamento,Metropolitana,Independencia,2008,38112,minvu_permisos_viviendas_unidades_superficie_ano_comuna.download
m2_departamentos,m2,departamento,Metropolitana,Independencia,2009,1686,minvu_permisos_viviendas_unidades_superficie_ano_comuna.download
m2_departamentos,m2,departamento,Metropolitana,Independencia,2010,35870,minvu_permisos_viviendas_unidades_superficie_ano_comuna.download
m2_departamentos,m2,departamento,Metropolitana,Independencia,2011,31711,minvu_permisos_viviendas_unidades_superficie_ano_comuna.download
m2_departamentos,m2,departamento,Metropolitana,Independencia,2012,131497,minvu_permisos_viviendas_unidades_superficie_ano_comuna.download
m2_departamentos,m2,departamento,Metropolitana,Independencia,2013,111323,minvu_permisos_viviendas_unidades_superficie_ano_comuna.download
m2_departamentos,m2,departamento,Metropolitana,Independencia,2014,216913,minvu_permisos_viviendas_unidades_superficie_ano_comuna.download
m2_departamentos,m2,departamento,Metropolitana,Independencia,2015,280621,minvu_permisos_viviendas_unidades_superficie_ano_comuna.download
m2_departamentos,m2,departamento,Metropolitana,Independencia,2016,217099,minvu_permisos_viviendas_unidades_superficie_ano_comuna.download
m2_departamentos,m2,departamento,Metropolitana,Independencia,2017,0,minvu_permisos_viviendas_unidades_superficie_ano_comuna.download
m2_departamentos,m2,departamento,Metropolitana,Independencia,2019,172594,minvu_permisos_viviendas_unidades_superficie_ano_comuna.download
m2_departamentos,m2,departamento,Metropolitana,Independencia,2020,75606,minvu_permisos_viviendas_unidades_superficie_ano_comuna.download
m2_departamentos,m2,departamento,Metropolitana,Independencia,2021,51795,minvu_permisos_viviendas_unidades_superficie_ano_comuna.download
m2_departamentos,m2,departamento,Metropolitana,Independencia,2022,69585,minvu_permisos_viviendas_unidades_superficie_ano_comuna.download
m2_departamentos,m2,departamento,Metropolitana,Independencia,2023,13581,minvu_permisos_viviendas_unidades_superficie_ano_comuna.download
m2_departamentos,m2,departamento,Metropolitana,Independencia,2026,3139,minvu_permisos_viviendas_unidades_superficie_ano_comuna.download
m2_departamentos,m2,departamento,Metropolitana,La Cisterna,2002,0,minvu_permisos_viviendas_unidades_superficie_ano_comuna.download
m2_departamentos,m2,departamento,Metropolitana,La Cisterna,2003,35707,minvu_permisos_viviendas_unidades_superficie_ano_comuna.download
m2_departamentos,m2,departamento,Metropolitana,La Cisterna,2004,13947,minvu_permisos_viviendas_unidades_superficie_ano_comuna.download
m2_departamentos,m2,departamento,Metropolitana,La Cisterna,2005,7856,minvu_permisos_viviendas_unidades_superficie_ano_comuna.download
m2_departamentos,m2,departamento,Metropolitana,La Cisterna,2006,29235,minvu_permisos_viviendas_unidades_superficie_ano_comuna.download
m2_departamentos,m2,departamento,Metropolitana,La Cisterna,2007,21585,minvu_permisos_viviendas_unidades_superficie_ano_comuna.download
m2_departamentos,m2,departamento,Metropolitana,La Cisterna,2008,55763,minvu_permisos_viviendas_unidades_superficie_ano_comuna.download
m2_departamentos,m2,departamento,Metropolitana,La Cisterna,2009,12388,minvu_permisos_viviendas_unidades_superficie_ano_comuna.download
m2_departamentos,m2,departamento,Metropolitana,La Cisterna,2010,61292,minvu_permisos_viviendas_unidades_superficie_ano_comuna.download
m2_departamentos,m2,departamento,Metropolitana,La Cisterna,2011,40512,minvu_permisos_viviendas_unidades_superficie_ano_comuna.download
m2_departamentos,m2,departamento,Metropolitana,La Cisterna,2012,20424,minvu_permisos_viviendas_unidades_superficie_ano_comuna.download
m2_departamentos,m2,departamento,Metropolitana,La Cisterna,2013,20774,minvu_permisos_viviendas_unidades_superficie_ano_comuna.download
m2_departamentos,m2,departamento,Metropolitana,La Cisterna,2014,52147,minvu_permisos_viviendas_unidades_superficie_ano_comuna.download
m2_departamentos,m2,departamento,Metropolitana,La Cisterna,2015,46039,minvu_permisos_viviendas_unidades_superficie_ano_comuna.download
m2_departamentos,m2,departamento,Metropolitana,La Cisterna,2016,15759,minvu_permisos_viviendas_unidades_superficie_ano_comuna.download
m2_departamentos,m2,departamento,Metropolitana,La Cisterna,2017,122993,minvu_permisos_viviendas_unidades_superficie_ano_comuna.download
m2_departamentos,m2,departamento,Metropolitana,La Cisterna,2019,465970,minvu_permisos_viviendas_unidades_superficie_ano_comuna.download
m2_departamentos,m2,departamento,Metropolitana,La Cisterna,2020,83207,minvu_permisos_viviendas_unidades_superficie_ano_comuna.download
m2_departamentos,m2,departamento,Metropolitana,La Cisterna,2021,100047,minvu_permisos_viviendas_unidades_superficie_ano_comuna.download
m2_departamentos,m2,departamento,Metropolitana,La Cisterna,2022,23837,minvu_permisos_viviendas_unidades_superficie_ano_comuna.download
m2_departamentos,m2,departamento,Metropolitana,La Cisterna,2023,0,minvu_permisos_viviendas_unidades_superficie_ano_comuna.download
m2_departamentos,m2,departamento,Metropolitana,La Cisterna,2026,0,minvu_permisos_viviendas_unidades_superficie_ano_comuna.download
m2_departamentos,m2,departamento,Metropolitana,La Florida,2002,170737,minvu_permisos_viviendas_unidades_superficie_ano_comuna.download
m2_departamentos,m2,departamento,Metropolitana,La Florida,2003,5872,minvu_permisos_viviendas_unidades_superficie_ano_comuna.download
m2_departamentos,m2,departamento,Metropolitana,La Florida,2004,11358,minvu_permisos_viviendas_unidades_superficie_ano_comuna.download
m2_departamentos,m2,departamento,Metropolitana,La Florida,2005,32749,minvu_permisos_viviendas_unidades_superficie_ano_comuna.download
m2_departamentos,m2,departamento,Metropolitana,La Florida,2006,62592,minvu_permisos_viviendas_unidades_superficie_ano_comuna.download
m2_departamentos,m2,departamento,Metropolitana,La Florida,2007,58842,minvu_permisos_viviendas_unidades_superficie_ano_comuna.download
m2_departamentos,m2,departamento,Metropolitana,La Florida,2008,121703,minvu_permisos_viviendas_unidades_superficie_ano_comuna.download
m2_departamentos,m2,departamento,Metropolitana,La Florida,2009,43905,minvu_permisos_viviendas_unidades_superficie_ano_comuna.download
m2_departamentos,m2,departamento,Metropolitana,La Florida,2010,35018,minvu_permisos_viviendas_unidades_superficie_ano_comuna.download
m2_departamentos,m2,departamento,Metropolitana,La Florida,2011,36147,minvu_permisos_viviendas_unidades_superficie_ano_comuna.download
m2_departamentos,m2,departamento,Metropolitana,La Florida,2012,75032,minvu_permisos_viviendas_unidades_superficie_ano_comuna.download
m2_departamentos,m2,departamento,Metropolitana,La Florida,2013,65993,minvu_permisos_viviendas_unidades_superficie_ano_comuna.download
m2_departamentos,m2,departamento,Metropolitana,La Florida,2014,166103,minvu_permisos_viviendas_unidades_superficie_ano_comuna.download
m2_departamentos,m2,departamento,Metropolitana,La Florida,2015,192556,minvu_permisos_viviendas_unidades_superficie_ano_comuna.download
m2_departamentos,m2,departamento,Metropolitana,La Florida,2016,158100,minvu_permisos_viviendas_unidades_superficie_ano_comuna.download
m2_departamentos,m2,departamento,Metropolitana,La Florida,2017,191399,minvu_permisos_viviendas_unidades_superficie_ano_comuna.download
m2_departamentos,m2,departamento,Metropolitana,La Florida,2019,381125,minvu_permisos_viviendas_unidades_superficie_ano_comuna.download
m2_departamentos,m2,departamento,Metropolitana,La Florida,2020,362013,minvu_permisos_viviendas_unidades_superficie_ano_comuna.download
m2_departamentos,m2,departamento,Metropolitana,La Florida,2021,745667,minvu_permisos_viviendas_unidades_superficie_ano_comuna.download
m2_departamentos,m2,departamento,Metropolitana,La Florida,2022,540631,minvu_permisos_viviendas_unidades_superficie_ano_comuna.download
m2_departamentos,m2,departamento,Metropolitana,La Florida,2023,142750,minvu_permisos_viviendas_unidades_superficie_ano_comuna.download
m2_departamentos,m2,departamento,Metropolitana,La Florida,2026,3534,minvu_permisos_viviendas_unidades_superficie_ano_comuna.download
m2_departamentos,m2,departamento,Metropolitana,La Granja,2002,0,minvu_permisos_viviendas_unidades_superficie_ano_comuna.download
m2_departamentos,m2,departamento,Metropolitana,La Granja,2003,6804,minvu_permisos_viviendas_unidades_superficie_ano_comuna.download
m2_departamentos,m2,departamento,Metropolitana,La Granja,2004,0,minvu_permisos_viviendas_unidades_superficie_ano_comuna.download
m2_departamentos,m2,departamento,Metropolitana,La Granja,2005,0,minvu_permisos_viviendas_unidades_superficie_ano_comuna.download
m2_departamentos,m2,departamento,Metropolitana,La Granja,2006,0,minvu_permisos_viviendas_unidades_superficie_ano_comuna.download
m2_departamentos,m2,departamento,Metropolitana,La Granja,2007,0,minvu_permisos_viviendas_unidades_superficie_ano_comuna.download
m2_departamentos,m2,departamento,Metropolitana,La Granja,2008,0,minvu_permisos_viviendas_unidades_superficie_ano_comuna.download
m2_departamentos,m2,departamento,Metropolitana,La Granja,2009,13507,minvu_permisos_viviendas_unidades_superficie_ano_comuna.download
m2_departamentos,m2,departamento,Metropolitana,La Granja,2010,0,minvu_permisos_viviendas_unidades_superficie_ano_comuna.download
m2_departamentos,m2,departamento,Metropolitana,La Granja,2011,26639,minvu_permisos_viviendas_unidades_superficie_ano_comuna.download
m2_departamentos,m2,departamento,Metropolitana,La Granja,2012,0,minvu_permisos_viviendas_unidades_superficie_ano_comuna.download
m2_departamentos,m2,departamento,Metropolitana,La Granja,2013,0,minvu_permisos_viviendas_unidades_superficie_ano_comuna.download
m2_departamentos,m2,departamento,Metropolitana,La Granja,2014,0,minvu_permisos_viviendas_unidades_superficie_ano_comuna.download
m2_departamentos,m2,departamento,Metropolitana,La Granja,2015,16355,minvu_permisos_viviendas_unidades_superficie_ano_comuna.download
m2_departamentos,m2,departamento,Metropolitana,La Granja,2016,31333,minvu_permisos_viviendas_unidades_superficie_ano_comuna.download
m2_departamentos,m2,departamento,Metropolitana,La Granja,2017,20414,minvu_permisos_viviendas_unidades_superficie_ano_comuna.download
m2_departamentos,m2,departamento,Metropolitana,La Granja,2019,0,minvu_permisos_viviendas_unidades_superficie_ano_comuna.download
m2_departamentos,m2,departamento,Metropolitana,La Granja,2020,12045,minvu_permisos_viviendas_unidades_superficie_ano_comuna.download
m2_departamentos,m2,departamento,Metropolitana,La Granja,2021,0,minvu_permisos_viviendas_unidades_superficie_ano_comuna.download
m2_departamentos,m2,departamento,Metropolitana,La Granja,2022,42070,minvu_permisos_viviendas_unidades_superficie_ano_comuna.download
m2_departamentos,m2,departamento,Metropolitana,La Granja,2023,14186,minvu_permisos_viviendas_unidades_superficie_ano_comuna.download
m2_departamentos,m2,departamento,Metropolitana,La Granja,2026,0,minvu_permisos_viviendas_unidades_superficie_ano_comuna.download
m2_departamentos,m2,departamento,Metropolitana,La Pintana,2002,0,minvu_permisos_viviendas_unidades_superficie_ano_comuna.download
m2_departamentos,m2,departamento,Metropolitana,La Pintana,2003,0,minvu_permisos_viviendas_unidades_superficie_ano_comuna.download
m2_departamentos,m2,departamento,Metropolitana,La Pintana,2004,0,minvu_permisos_viviendas_unidades_superficie_ano_comuna.download
m2_departamentos,m2,departamento,Metropolitana,La Pintana,2005,0,minvu_permisos_viviendas_unidades_superficie_ano_comuna.download
m2_departamentos,m2,departamento,Metropolitana,La Pintana,2006,0,minvu_permisos_viviendas_unidades_superficie_ano_comuna.download
m2_departamentos,m2,departamento,Metropolitana,La Pintana,2007,0,minvu_permisos_viviendas_unidades_superficie_ano_comuna.download
m2_departamentos,m2,departamento,Metropolitana,La Pintana,2008,0,minvu_permisos_viviendas_unidades_superficie_ano_comuna.download
m2_departamentos,m2,departamento,Metropolitana,La Pintana,2009,18778,minvu_permisos_viviendas_unidades_superficie_ano_comuna.download
m2_departamentos,m2,departamento,Metropolitana,La Pintana,2010,3859,minvu_permisos_viviendas_unidades_superficie_ano_comuna.download
m2_departamentos,m2,departamento,Metropolitana,La Pintana,2011,0,minvu_permisos_viviendas_unidades_superficie_ano_comuna.download
m2_departamentos,m2,departamento,Metropolitana,La Pintana,2012,4439,minvu_permisos_viviendas_unidades_superficie_ano_comuna.download
m2_departamentos,m2,departamento,Metropolitana,La Pintana,2013,0,minvu_permisos_viviendas_unidades_superficie_ano_comuna.download
m2_departamentos,m2,departamento,Metropolitana,La Pintana,2014,11214,minvu_permisos_viviendas_unidades_superficie_ano_comuna.download
m2_departamentos,m2,departamento,Metropolitana,La Pintana,2015,22057,minvu_permisos_viviendas_unidades_superficie_ano_comuna.download
m2_departamentos,m2,departamento,Metropolitana,La Pintana,2016,0,minvu_permisos_viviendas_unidades_superficie_ano_comuna.download
m2_departamentos,m2,departamento,Metropolitana,La Pintana,2017,0,minvu_permisos_viviendas_unidades_superficie_ano_comuna.download
m2_departamentos,m2,departamento,Metropolitana,La Pintana,2019,49419,minvu_permisos_viviendas_unidades_superficie_ano_comuna.download
m2_departamentos,m2,departamento,Metropolitana,La Pintana,2020,0,minvu_permisos_viviendas_unidades_superficie_ano_comuna.download
m2_departamentos,m2,departamento,Metropolitana,La Pintana,2021,27354,minvu_permisos_viviendas_unidades_superficie_ano_comuna.download
m2_departamentos,m2,departamento,Metropolitana,La Pintana,2022,16131,minvu_permisos_viviendas_unidades_superficie_ano_comuna.download
m2_departamentos,m2,departamento,Metropolitana,La Pintana,2023,20920,minvu_permisos_viviendas_unidades_superficie_ano_comuna.download
m2_departamentos,m2,departamento,Metropolitana,La Pintana,2026,0,minvu_permisos_viviendas_unidades_superficie_ano_comuna.download
m2_departamentos,m2,departamento,Metropolitana,La Reina,2002,3926,minvu_permisos_viviendas_unidades_superficie_ano_comuna.download
m2_departamentos,m2,departamento,Metropolitana,La Reina,2003,1722,minvu_permisos_viviendas_unidades_superficie_ano_comuna.download
m2_departamentos,m2,departamento,Metropolitana,La Reina,2004,4461,minvu_permisos_viviendas_unidades_superficie_ano_comuna.download
m2_departamentos,m2,departamento,Metropolitana,La Reina,2005,0,minvu_permisos_viviendas_unidades_superficie_ano_comuna.download
m2_departamentos,m2,departamento,Metropolitana,La Reina,2006,0,minvu_permisos_viviendas_unidades_superficie_ano_comuna.download
m2_departamentos,m2,departamento,Metropolitana,La Reina,2007,0,minvu_permisos_viviendas_unidades_superficie_ano_comuna.download
m2_departamentos,m2,departamento,Metropolitana,La Reina,2008,2348,minvu_permisos_viviendas_unidades_superficie_ano_comuna.download
m2_departamentos,m2,departamento,Metropolitana,La Reina,2009,28843,minvu_permisos_viviendas_unidades_superficie_ano_comuna.download
m2_departamentos,m2,departamento,Metropolitana,La Reina,2010,8611,minvu_permisos_viviendas_unidades_superficie_ano_comuna.download
m2_departamentos,m2,departamento,Metropolitana,La Reina,2011,3984,minvu_permisos_viviendas_unidades_superficie_ano_comuna.download
m2_departamentos,m2,departamento,Metropolitana,La Reina,2012,16654,minvu_permisos_viviendas_unidades_superficie_ano_comuna.download
m2_departamentos,m2,departamento,Metropolitana,La Reina,2013,24817,minvu_permisos_viviendas_unidades_superficie_ano_comuna.download
m2_departamentos,m2,departamento,Metropolitana,La Reina,2014,0,minvu_permisos_viviendas_unidades_superficie_ano_comuna.download
m2_departamentos,m2,departamento,Metropolitana,La Reina,2015,109136,minvu_permisos_viviendas_unidades_superficie_ano_comuna.download
m2_departamentos,m2,departamento,Metropolitana,La Reina,2016,57981,minvu_permisos_viviendas_unidades_superficie_ano_comuna.download
m2_departamentos,m2,departamento,Metropolitana,La Reina,2017,41670,minvu_permisos_viviendas_unidades_superficie_ano_comuna.download
m2_departamentos,m2,departamento,Metropolitana,La Reina,2019,22343,minvu_permisos_viviendas_unidades_superficie_ano_comuna.download
m2_departamentos,m2,departamento,Metropolitana,La Reina,2020,0,minvu_permisos_viviendas_unidades_superficie_ano_comuna.download
m2_departamentos,m2,departamento,Metropolitana,La Reina,2021,0,minvu_permisos_viviendas_unidades_superficie_ano_comuna.download
m2_departamentos,m2,departamento,Metropolitana,La Reina,2022,18916,minvu_permisos_viviendas_unidades_superficie_ano_comuna.download
m2_departamentos,m2,departamento,Metropolitana,La Reina,2023,0,minvu_permisos_viviendas_unidades_superficie_ano_comuna.download
m2_departamentos,m2,departamento,Metropolitana,La Reina,2026,0,minvu_permisos_viviendas_unidades_superficie_ano_comuna.download
m2_departamentos,m2,departamento,Metropolitana,Las Condes,2002,231261,minvu_permisos_viviendas_unidades_superficie_ano_comuna.download
m2_departamentos,m2,departamento,Metropolitana,Las Condes,2003,279732,minvu_permisos_viviendas_unidades_superficie_ano_comuna.download
m2_departamentos,m2,departamento,Metropolitana,Las Condes,2004,499195,minvu_permisos_viviendas_unidades_superficie_ano_comuna.download
m2_departamentos,m2,departamento,Metropolitana,Las Condes,2005,412413,minvu_permisos_viviendas_unidades_superficie_ano_comuna.download
m2_departamentos,m2,departamento,Metropolitana,Las Condes,2006,320114,minvu_permisos_viviendas_unidades_superficie_ano_comuna.download
m2_departamentos,m2,departamento,Metropolitana,Las Condes,2007,174836,minvu_permisos_viviendas_unidades_superficie_ano_comuna.download
m2_departamentos,m2,departamento,Metropolitana,Las Condes,2008,243914,minvu_permisos_viviendas_unidades_superficie_ano_comuna.download
m2_departamentos,m2,departamento,Metropolitana,Las Condes,2009,273546,minvu_permisos_viviendas_unidades_superficie_ano_comuna.download
m2_departamentos,m2,departamento,Metropolitana,Las Condes,2010,105895,minvu_permisos_viviendas_unidades_superficie_ano_comuna.download
m2_departamentos,m2,departamento,Metropolitana,Las Condes,2011,231408,minvu_permisos_viviendas_unidades_superficie_ano_comuna.download
m2_departamentos,m2,departamento,Metropolitana,Las Condes,2012,296779,minvu_permisos_viviendas_unidades_superficie_ano_comuna.download
m2_departamentos,m2,departamento,Metropolitana,Las Condes,2013,136330,minvu_permisos_viviendas_unidades_superficie_ano_comuna.download
m2_departamentos,m2,departamento,Metropolitana,Las Condes,2014,523987,minvu_permisos_viviendas_unidades_superficie_ano_comuna.download
m2_departamentos,m2,departamento,Metropolitana,Las Condes,2015,466255,minvu_permisos_viviendas_unidades_superficie_ano_comuna.download
m2_departamentos,m2,departamento,Metropolitana,Las Condes,2016,191312,minvu_permisos_viviendas_unidades_superficie_ano_comuna.download
m2_departamentos,m2,departamento,Metropolitana,Las Condes,2017,177666,minvu_permisos_viviendas_unidades_superficie_ano_comuna.download
m2_departamentos,m2,departamento,Metropolitana,Las Condes,2019,255187,minvu_permisos_viviendas_unidades_superficie_ano_comuna.download
m2_departamentos,m2,departamento,Metropolitana,Las Condes,2020,199002,minvu_permisos_viviendas_unidades_superficie_ano_comuna.download
m2_departamentos,m2,departamento,Metropolitana,Las Condes,2021,221383,minvu_permisos_viviendas_unidades_superficie_ano_comuna.download
m2_departamentos,m2,departamento,Metropolitana,Las Condes,2022,278627,minvu_permisos_viviendas_unidades_superficie_ano_comuna.download
m2_departamentos,m2,departamento,Metropolitana,Las Condes,2023,50921,minvu_permisos_viviendas_unidades_superficie_ano_comuna.download
m2_departamentos,m2,departamento,Metropolitana,Las Condes,2026,9023,minvu_permisos_viviendas_unidades_superficie_ano_comuna.download
m2_departamentos,m2,departamento,Metropolitana,Lo Barnechea,2002,111172,minvu_permisos_viviendas_unidades_superficie_ano_comuna.download
m2_departamentos,m2,departamento,Metropolitana,Lo Barnechea,2003,231017,minvu_permisos_viviendas_unidades_superficie_ano_comuna.download
m2_departamentos,m2,departamento,Metropolitana,Lo Barnechea,2004,53060,minvu_permisos_viviendas_unidades_superficie_ano_comuna.download
m2_departamentos,m2,departamento,Metropolitana,Lo Barnechea,2005,21097,minvu_permisos_viviendas_unidades_superficie_ano_comuna.download
m2_departamentos,m2,departamento,Metropolitana,Lo Barnechea,2006,13840,minvu_permisos_viviendas_unidades_superficie_ano_comuna.download
m2_departamentos,m2,departamento,Metropolitana,Lo Barnechea,2007,78995,minvu_permisos_viviendas_unidades_superficie_ano_comuna.download
m2_departamentos,m2,departamento,Metropolitana,Lo Barnechea,2008,33661,minvu_permisos_viviendas_unidades_superficie_ano_comuna.download
m2_departamentos,m2,departamento,Metropolitana,Lo Barnechea,2009,64917,minvu_permisos_viviendas_unidades_superficie_ano_comuna.download
m2_departamentos,m2,departamento,Metropolitana,Lo Barnechea,2010,52041,minvu_permisos_viviendas_unidades_superficie_ano_comuna.download
m2_departamentos,m2,departamento,Metropolitana,Lo Barnechea,2011,76876,minvu_permisos_viviendas_unidades_superficie_ano_comuna.download
m2_departamentos,m2,departamento,Metropolitana,Lo Barnechea,2012,37958,minvu_permisos_viviendas_unidades_superficie_ano_comuna.download
m2_departamentos,m2,departamento,Metropolitana,Lo Barnechea,2013,115570,minvu_permisos_viviendas_unidades_superficie_ano_comuna.download
m2_departamentos,m2,departamento,Metropolitana,Lo Barnechea,2014,274850,minvu_permisos_viviendas_unidades_superficie_ano_comuna.download
m2_departamentos,m2,departamento,Metropolitana,Lo Barnechea,2015,461491,minvu_permisos_viviendas_unidades_superficie_ano_comuna.download
m2_departamentos,m2,departamento,Metropolitana,Lo Barnechea,2016,151620,minvu_permisos_viviendas_unidades_superficie_ano_comuna.download
m2_departamentos,m2,departamento,Metropolitana,Lo Barnechea,2017,284586,minvu_permisos_viviendas_unidades_superficie_ano_comuna.download
m2_departamentos,m2,departamento,Metropolitana,Lo Barnechea,2019,26069,minvu_permisos_viviendas_unidades_superficie_ano_comuna.download
m2_departamentos,m2,departamento,Metropolitana,Lo Barnechea,2020,18844,minvu_permisos_viviendas_unidades_superficie_ano_comuna.download
m2_departamentos,m2,departamento,Metropolitana,Lo Barnechea,2021,93023,minvu_permisos_viviendas_unidades_superficie_ano_comuna.download
m2_departamentos,m2,departamento,Metropolitana,Lo Barnechea,2022,9151,minvu_permisos_viviendas_unidades_superficie_ano_comuna.download
m2_departamentos,m2,departamento,Metropolitana,Lo Barnechea,2023,82906,minvu_permisos_viviendas_unidades_superficie_ano_comuna.download
m2_departamentos,m2,departamento,Metropolitana,Lo Barnechea,2026,0,minvu_permisos_viviendas_unidades_superficie_ano_comuna.download
m2_departamentos,m2,departamento,Metropolitana,Lo Espejo,2002,0,minvu_permisos_viviendas_unidades_superficie_ano_comuna.download
m2_departamentos,m2,departamento,Metropolitana,Lo Espejo,2003,0,minvu_permisos_viviendas_unidades_superficie_ano_comuna.download
m2_departamentos,m2,departamento,Metropolitana,Lo Espejo,2004,0,minvu_permisos_viviendas_unidades_superficie_ano_comuna.download
m2_departamentos,m2,departamento,Metropolitana,Lo Espejo,2005,0,minvu_permisos_viviendas_unidades_superficie_ano_comuna.download
m2_departamentos,m2,departamento,Metropolitana,Lo Espejo,2006,0,minvu_permisos_viviendas_unidades_superficie_ano_comuna.download
m2_departamentos,m2,departamento,Metropolitana,Lo Espejo,2007,0,minvu_permisos_viviendas_unidades_superficie_ano_comuna.download
m2_departamentos,m2,departamento,Metropolitana,Lo Espejo,2008,0,minvu_permisos_viviendas_unidades_superficie_ano_comuna.download
m2_departamentos,m2,departamento,Metropolitana,Lo Espejo,2009,0,minvu_permisos_viviendas_unidades_superficie_ano_comuna.download
m2_departamentos,m2,departamento,Metropolitana,Lo Espejo,2010,0,minvu_permisos_viviendas_unidades_superficie_ano_comuna.download
m2_departamentos,m2,departamento,Metropolitana,Lo Espejo,2011,0,minvu_permisos_viviendas_unidades_superficie_ano_comuna.download
m2_departamentos,m2,departamento,Metropolitana,Lo Espejo,2012,0,minvu_permisos_viviendas_unidades_superficie_ano_comuna.download
m2_departamentos,m2,departamento,Metropolitana,Lo Espejo,2013,0,minvu_permisos_viviendas_unidades_superficie_ano_comuna.download
m2_departamentos,m2,departamento,Metropolitana,Lo Espejo,2014,0,minvu_permisos_viviendas_unidades_superficie_ano_comuna.download
m2_departamentos,m2,departamento,Metropolitana,Lo Espejo,2015,0,minvu_permisos_viviendas_unidades_superficie_ano_comuna.download
m2_departamentos,m2,departamento,Metropolitana,Lo Espejo,2016,14719,minvu_permisos_viviendas_unidades_superficie_ano_comuna.download
m2_departamentos,m2,departamento,Metropolitana,Lo Espejo,2017,0,minvu_permisos_viviendas_unidades_superficie_ano_comuna.download
m2_departamentos,m2,departamento,Metropolitana,Lo Espejo,2019,0,minvu_permisos_viviendas_unidades_superficie_ano_comuna.download
m2_departamentos,m2,departamento,Metropolitana,Lo Espejo,2020,0,minvu_permisos_viviendas_unidades_superficie_ano_comuna.download
m2_departamentos,m2,departamento,Metropolitana,Lo Espejo,2021,0,minvu_permisos_viviendas_unidades_superficie_ano_comuna.download
m2_departamentos,m2,departamento,Metropolitana,Lo Espejo,2022,0,minvu_permisos_viviendas_unidades_superficie_ano_comuna.download
m2_departamentos,m2,departamento,Metropolitana,Lo Espejo,2023,0,minvu_permisos_viviendas_unidades_superficie_ano_comuna.download
m2_departamentos,m2,departamento,Metropolitana,Lo Espejo,2026,0,minvu_permisos_viviendas_unidades_superficie_ano_comuna.download
m2_departamentos,m2,departamento,Metropolitana,Lo Prado,2002,0,minvu_permisos_viviendas_unidades_superficie_ano_comuna.download
m2_departamentos,m2,departamento,Metropolitana,Lo Prado,2003,0,minvu_permisos_viviendas_unidades_superficie_ano_comuna.download
m2_departamentos,m2,departamento,Metropolitana,Lo Prado,2004,15643,minvu_permisos_viviendas_unidades_superficie_ano_comuna.download
m2_departamentos,m2,departamento,Metropolitana,Lo Prado,2005,0,minvu_permisos_viviendas_unidades_superficie_ano_comuna.download
m2_departamentos,m2,departamento,Metropolitana,Lo Prado,2006,0,minvu_permisos_viviendas_unidades_superficie_ano_comuna.download
m2_departamentos,m2,departamento,Metropolitana,Lo Prado,2007,0,minvu_permisos_viviendas_unidades_superficie_ano_comuna.download
m2_departamentos,m2,departamento,Metropolitana,Lo Prado,2008,0,minvu_permisos_viviendas_unidades_superficie_ano_comuna.download
m2_departamentos,m2,departamento,Metropolitana,Lo Prado,2009,0,minvu_permisos_viviendas_unidades_superficie_ano_comuna.download
m2_departamentos,m2,departamento,Metropolitana,Lo Prado,2010,8315,minvu_permisos_viviendas_unidades_superficie_ano_comuna.download
m2_departamentos,m2,departamento,Metropolitana,Lo Prado,2011,0,minvu_permisos_viviendas_unidades_superficie_ano_comuna.download
m2_departamentos,m2,departamento,Metropolitana,Lo Prado,2012,0,minvu_permisos_viviendas_unidades_superficie_ano_comuna.download
m2_departamentos,m2,departamento,Metropolitana,Lo Prado,2013,0,minvu_permisos_viviendas_unidades_superficie_ano_comuna.download
m2_departamentos,m2,departamento,Metropolitana,Lo Prado,2014,0,minvu_permisos_viviendas_unidades_superficie_ano_comuna.download
m2_departamentos,m2,departamento,Metropolitana,Lo Prado,2015,22501,minvu_permisos_viviendas_unidades_superficie_ano_comuna.download
m2_departamentos,m2,departamento,Metropolitana,Lo Prado,2016,0,minvu_permisos_viviendas_unidades_superficie_ano_comuna.download
m2_departamentos,m2,departamento,Metropolitana,Lo Prado,2017,0,minvu_permisos_viviendas_unidades_superficie_ano_comuna.download
m2_departamentos,m2,departamento,Metropolitana,Lo Prado,2019,0,minvu_permisos_viviendas_unidades_superficie_ano_comuna.download
m2_departamentos,m2,departamento,Metropolitana,Lo Prado,2020,3000,minvu_permisos_viviendas_unidades_superficie_ano_comuna.download
m2_departamentos,m2,departamento,Metropolitana,Lo Prado,2021,0,minvu_permisos_viviendas_unidades_superficie_ano_comuna.download
m2_departamentos,m2,departamento,Metropolitana,Lo Prado,2022,0,minvu_permisos_viviendas_unidades_superficie_ano_comuna.download
m2_departamentos,m2,departamento,Metropolitana,Lo Prado,2023,0,minvu_permisos_viviendas_unidades_superficie_ano_comuna.download
m2_departamentos,m2,departamento,Metropolitana,Lo Prado,2026,0,minvu_permisos_viviendas_unidades_superficie_ano_comuna.download
m2_departamentos,m2,departamento,Metropolitana,Macul,2002,8135,minvu_permisos_viviendas_unidades_superficie_ano_comuna.download
m2_departamentos,m2,departamento,Metropolitana,Macul,2003,3917,minvu_permisos_viviendas_unidades_superficie_ano_comuna.download
m2_departamentos,m2,departamento,Metropolitana,Macul,2004,42576,minvu_permisos_viviendas_unidades_superficie_ano_comuna.download
m2_departamentos,m2,departamento,Metropolitana,Macul,2005,68824,minvu_permisos_viviendas_unidades_superficie_ano_comuna.download
m2_departamentos,m2,departamento,Metropolitana,Macul,2006,97592,minvu_permisos_viviendas_unidades_superficie_ano_comuna.download
m2_departamentos,m2,departamento,Metropolitana,Macul,2007,114482,minvu_permisos_viviendas_unidades_superficie_ano_comuna.download
m2_departamentos,m2,departamento,Metropolitana,Macul,2008,140404,minvu_permisos_viviendas_unidades_superficie_ano_comuna.download
m2_departamentos,m2,departamento,Metropolitana,Macul,2009,12547,minvu_permisos_viviendas_unidades_superficie_ano_comuna.download
m2_departamentos,m2,departamento,Metropolitana,Macul,2010,8853,minvu_permisos_viviendas_unidades_superficie_ano_comuna.download
m2_departamentos,m2,departamento,Metropolitana,Macul,2011,10875,minvu_permisos_viviendas_unidades_superficie_ano_comuna.download
m2_departamentos,m2,departamento,Metropolitana,Macul,2012,28452,minvu_permisos_viviendas_unidades_superficie_ano_comuna.download
m2_departamentos,m2,departamento,Metropolitana,Macul,2013,18939,minvu_permisos_viviendas_unidades_superficie_ano_comuna.download
m2_departamentos,m2,departamento,Metropolitana,Macul,2014,213430,minvu_permisos_viviendas_unidades_superficie_ano_comuna.download
m2_departamentos,m2,departamento,Metropolitana,Macul,2015,123714,minvu_permisos_viviendas_unidades_superficie_ano_comuna.download
m2_departamentos,m2,departamento,Metropolitana,Macul,2016,140978,minvu_permisos_viviendas_unidades_superficie_ano_comuna.download
m2_departamentos,m2,departamento,Metropolitana,Macul,2017,96076,minvu_permisos_viviendas_unidades_superficie_ano_comuna.download
m2_departamentos,m2,departamento,Metropolitana,Macul,2019,309056,minvu_permisos_viviendas_unidades_superficie_ano_comuna.download
m2_departamentos,m2,departamento,Metropolitana,Macul,2020,269571,minvu_permisos_viviendas_unidades_superficie_ano_comuna.download
m2_departamentos,m2,departamento,Metropolitana,Macul,2021,149881,minvu_permisos_viviendas_unidades_superficie_ano_comuna.download
m2_departamentos,m2,departamento,Metropolitana,Macul,2022,88302,minvu_permisos_viviendas_unidades_superficie_ano_comuna.download
m2_departamentos,m2,departamento,Metropolitana,Macul,2023,0,minvu_permisos_viviendas_unidades_superficie_ano_comuna.download
m2_departamentos,m2,departamento,Metropolitana,Macul,2026,0,minvu_permisos_viviendas_unidades_superficie_ano_comuna.download
m2_departamentos,m2,departamento,Metropolitana,Maipú,2002,18137,minvu_permisos_viviendas_unidades_superficie_ano_comuna.download
m2_departamentos,m2,departamento,Metropolitana,Maipú,2003,0,minvu_permisos_viviendas_unidades_superficie_ano_comuna.download
m2_departamentos,m2,departamento,Metropolitana,Maipú,2004,52506,minvu_permisos_viviendas_unidades_superficie_ano_comuna.download
m2_departamentos,m2,departamento,Metropolitana,Maipú,2005,37004,minvu_permisos_viviendas_unidades_superficie_ano_comuna.download
m2_departamentos,m2,departamento,Metropolitana,Maipú,2006,14638,minvu_permisos_viviendas_unidades_superficie_ano_comuna.download
m2_departamentos,m2,departamento,Metropolitana,Maipú,2007,59776,minvu_permisos_viviendas_unidades_superficie_ano_comuna.download
m2_departamentos,m2,departamento,Metropolitana,Maipú,2008,37443,minvu_permisos_viviendas_unidades_superficie_ano_comuna.download
m2_departamentos,m2,departamento,Metropolitana,Maipú,2009,48381,minvu_permisos_viviendas_unidades_superficie_ano_comuna.download
m2_departamentos,m2,departamento,Metropolitana,Maipú,2010,0,minvu_permisos_viviendas_unidades_superficie_ano_comuna.download
m2_departamentos,m2,departamento,Metropolitana,Maipú,2011,0,minvu_permisos_viviendas_unidades_superficie_ano_comuna.download
m2_departamentos,m2,departamento,Metropolitana,Maipú,2012,25226,minvu_permisos_viviendas_unidades_superficie_ano_comuna.download
m2_departamentos,m2,departamento,Metropolitana,Maipú,2013,9994,minvu_permisos_viviendas_unidades_superficie_ano_comuna.download
m2_departamentos,m2,departamento,Metropolitana,Maipú,2014,19378,minvu_permisos_viviendas_unidades_superficie_ano_comuna.download
m2_departamentos,m2,departamento,Metropolitana,Maipú,2015,36273,minvu_permisos_viviendas_unidades_superficie_ano_comuna.download
m2_departamentos,m2,departamento,Metropolitana,Maipú,2016,25157,minvu_permisos_viviendas_unidades_superficie_ano_comuna.download
m2_departamentos,m2,departamento,Metropolitana,Maipú,2017,50900,minvu_permisos_viviendas_unidades_superficie_ano_comuna.download
m2_departamentos,m2,departamento,Metropolitana,Maipú,2019,33359,minvu_permisos_viviendas_unidades_superficie_ano_comuna.download
m2_departamentos,m2,departamento,Metropolitana,Maipú,2020,13480,minvu_permisos_viviendas_unidades_superficie_ano_comuna.download
m2_departamentos,m2,departamento,Metropolitana,Maipú,2021,105732,minvu_permisos_viviendas_unidades_superficie_ano_comuna.download
m2_departamentos,m2,departamento,Metropolitana,Maipú,2022,35805,minvu_permisos_viviendas_unidades_superficie_ano_comuna.download
m2_departamentos,m2,departamento,Metropolitana,Maipú,2023,14773,minvu_permisos_viviendas_unidades_superficie_ano_comuna.download
m2_departamentos,m2,departamento,Metropolitana,Maipú,2026,0,minvu_permisos_viviendas_unidades_superficie_ano_comuna.download
m2_departamentos,m2,departamento,Metropolitana,Ñuñoa,2002,111391,minvu_permisos_viviendas_unidades_superficie_ano_comuna.download
m2_departamentos,m2,departamento,Metropolitana,Ñuñoa,2003,116562,minvu_permisos_viviendas_unidades_superficie_ano_comuna.download
m2_departamentos,m2,departamento,Metropolitana,Ñuñoa,2004,141596,minvu_permisos_viviendas_unidades_superficie_ano_comuna.download
m2_departamentos,m2,departamento,Metropolitana,Ñuñoa,2005,310559,minvu_permisos_viviendas_unidades_superficie_ano_comuna.download
m2_departamentos,m2,departamento,Metropolitana,Ñuñoa,2006,405371,minvu_permisos_viviendas_unidades_superficie_ano_comuna.download
m2_departamentos,m2,departamento,Metropolitana,Ñuñoa,2007,395984,minvu_permisos_viviendas_unidades_superficie_ano_comuna.download
m2_departamentos,m2,departamento,Metropolitana,Ñuñoa,2008,229012,minvu_permisos_viviendas_unidades_superficie_ano_comuna.download
m2_departamentos,m2,departamento,Metropolitana,Ñuñoa,2009,59099,minvu_permisos_viviendas_unidades_superficie_ano_comuna.download
m2_departamentos,m2,departamento,Metropolitana,Ñuñoa,2010,61886,minvu_permisos_viviendas_unidades_superficie_ano_comuna.download
m2_departamentos,m2,departamento,Metropolitana,Ñuñoa,2011,180818,minvu_permisos_viviendas_unidades_superficie_ano_comuna.download
m2_departamentos,m2,departamento,Metropolitana,Ñuñoa,2012,193899,minvu_permisos_viviendas_unidades_superficie_ano_comuna.download
m2_departamentos,m2,departamento,Metropolitana,Ñuñoa,2013,260913,minvu_permisos_viviendas_unidades_superficie_ano_comuna.download
m2_departamentos,m2,departamento,Metropolitana,Ñuñoa,2014,327966,minvu_permisos_viviendas_unidades_superficie_ano_comuna.download
m2_departamentos,m2,departamento,Metropolitana,Ñuñoa,2015,621507,minvu_permisos_viviendas_unidades_superficie_ano_comuna.download
m2_departamentos,m2,departamento,Metropolitana,Ñuñoa,2016,291034,minvu_permisos_viviendas_unidades_superficie_ano_comuna.download
m2_departamentos,m2,departamento,Metropolitana,Ñuñoa,2017,663353,minvu_permisos_viviendas_unidades_superficie_ano_comuna.download
m2_departamentos,m2,departamento,Metropolitana,Ñuñoa,2019,627760,minvu_permisos_viviendas_unidades_superficie_ano_comuna.download
m2_departamentos,m2,departamento,Metropolitana,Ñuñoa,2020,800404,minvu_permisos_viviendas_unidades_superficie_ano_comuna.download
m2_departamentos,m2,departamento,Metropolitana,Ñuñoa,2021,1167727,minvu_permisos_viviendas_unidades_superficie_ano_comuna.download
m2_departamentos,m2,departamento,Metropolitana,Ñuñoa,2022,157655,minvu_permisos_viviendas_unidades_superficie_ano_comuna.download
m2_departamentos,m2,departamento,Metropolitana,Ñuñoa,2023,6156,minvu_permisos_viviendas_unidades_superficie_ano_comuna.download
m2_departamentos,m2,departamento,Metropolitana,Ñuñoa,2026,0,minvu_permisos_viviendas_unidades_superficie_ano_comuna.download
m2_departamentos,m2,departamento,Metropolitana,Pedro Aguirre Cerda,2002,0,minvu_permisos_viviendas_unidades_superficie_ano_comuna.download
m2_departamentos,m2,departamento,Metropolitana,Pedro Aguirre Cerda,2003,0,minvu_permisos_viviendas_unidades_superficie_ano_comuna.download
m2_departamentos,m2,departamento,Metropolitana,Pedro Aguirre Cerda,2004,0,minvu_permisos_viviendas_unidades_superficie_ano_comuna.download
m2_departamentos,m2,departamento,Metropolitana,Pedro Aguirre Cerda,2005,0,minvu_permisos_viviendas_unidades_superficie_ano_comuna.download
m2_departamentos,m2,departamento,Metropolitana,Pedro Aguirre Cerda,2006,0,minvu_permisos_viviendas_unidades_superficie_ano_comuna.download
m2_departamentos,m2,departamento,Metropolitana,Pedro Aguirre Cerda,2007,0,minvu_permisos_viviendas_unidades_superficie_ano_comuna.download
m2_departamentos,m2,departamento,Metropolitana,Pedro Aguirre Cerda,2008,25903,minvu_permisos_viviendas_unidades_superficie_ano_comuna.download
m2_departamentos,m2,departamento,Metropolitana,Pedro Aguirre Cerda,2009,0,minvu_permisos_viviendas_unidades_superficie_ano_comuna.download
m2_departamentos,m2,departamento,Metropolitana,Pedro Aguirre Cerda,2010,0,minvu_permisos_viviendas_unidades_superficie_ano_comuna.download
m2_departamentos,m2,departamento,Metropolitana,Pedro Aguirre Cerda,2011,0,minvu_permisos_viviendas_unidades_superficie_ano_comuna.download
m2_departamentos,m2,departamento,Metropolitana,Pedro Aguirre Cerda,2012,0,minvu_permisos_viviendas_unidades_superficie_ano_comuna.download
m2_departamentos,m2,departamento,Metropolitana,Pedro Aguirre Cerda,2013,0,minvu_permisos_viviendas_unidades_superficie_ano_comuna.download
m2_departamentos,m2,departamento,Metropolitana,Pedro Aguirre Cerda,2014,11122,minvu_permisos_viviendas_unidades_superficie_ano_comuna.download
m2_departamentos,m2,departamento,Metropolitana,Pedro Aguirre Cerda,2015,0,minvu_permisos_viviendas_unidades_superficie_ano_comuna.download
m2_departamentos,m2,departamento,Metropolitana,Pedro Aguirre Cerda,2016,0,minvu_permisos_viviendas_unidades_superficie_ano_comuna.download
m2_departamentos,m2,departamento,Metropolitana,Pedro Aguirre Cerda,2017,0,minvu_permisos_viviendas_unidades_superficie_ano_comuna.download
m2_departamentos,m2,departamento,Metropolitana,Pedro Aguirre Cerda,2019,0,minvu_permisos_viviendas_unidades_superficie_ano_comuna.download
m2_departamentos,m2,departamento,Metropolitana,Pedro Aguirre Cerda,2020,14524,minvu_permisos_viviendas_unidades_superficie_ano_comuna.download
m2_departamentos,m2,departamento,Metropolitana,Pedro Aguirre Cerda,2021,10783,minvu_permisos_viviendas_unidades_superficie_ano_comuna.download
m2_departamentos,m2,departamento,Metropolitana,Pedro Aguirre Cerda,2022,0,minvu_permisos_viviendas_unidades_superficie_ano_comuna.download
m2_departamentos,m2,departamento,Metropolitana,Pedro Aguirre Cerda,2023,0,minvu_permisos_viviendas_unidades_superficie_ano_comuna.download
m2_departamentos,m2,departamento,Metropolitana,Pedro Aguirre Cerda,2026,0,minvu_permisos_viviendas_unidades_superficie_ano_comuna.download
m2_departamentos,m2,departamento,Metropolitana,Peñalolén,2002,0,minvu_permisos_viviendas_unidades_superficie_ano_comuna.download
m2_departamentos,m2,departamento,Metropolitana,Peñalolén,2003,48918,minvu_permisos_viviendas_unidades_superficie_ano_comuna.download
m2_departamentos,m2,departamento,Metropolitana,Peñalolén,2004,14004,minvu_permisos_viviendas_unidades_superficie_ano_comuna.download
m2_departamentos,m2,departamento,Metropolitana,Peñalolén,2005,0,minvu_permisos_viviendas_unidades_superficie_ano_comuna.download
m2_departamentos,m2,departamento,Metropolitana,Peñalolén,2006,28363,minvu_permisos_viviendas_unidades_superficie_ano_comuna.download
m2_departamentos,m2,departamento,Metropolitana,Peñalolén,2007,51563,minvu_permisos_viviendas_unidades_superficie_ano_comuna.download
m2_departamentos,m2,departamento,Metropolitana,Peñalolén,2008,51366,minvu_permisos_viviendas_unidades_superficie_ano_comuna.download
m2_departamentos,m2,departamento,Metropolitana,Peñalolén,2009,17433,minvu_permisos_viviendas_unidades_superficie_ano_comuna.download
m2_departamentos,m2,departamento,Metropolitana,Peñalolén,2010,18958,minvu_permisos_viviendas_unidades_superficie_ano_comuna.download
m2_departamentos,m2,departamento,Metropolitana,Peñalolén,2011,16198,minvu_permisos_viviendas_unidades_superficie_ano_comuna.download
m2_departamentos,m2,departamento,Metropolitana,Peñalolén,2012,0,minvu_permisos_viviendas_unidades_superficie_ano_comuna.download
m2_departamentos,m2,departamento,Metropolitana,Peñalolén,2013,9918,minvu_permisos_viviendas_unidades_superficie_ano_comuna.download
m2_departamentos,m2,departamento,Metropolitana,Peñalolén,2014,49150,minvu_permisos_viviendas_unidades_superficie_ano_comuna.download
m2_departamentos,m2,departamento,Metropolitana,Peñalolén,2015,47111,minvu_permisos_viviendas_unidades_superficie_ano_comuna.download
m2_departamentos,m2,departamento,Metropolitana,Peñalolén,2016,61157,minvu_permisos_viviendas_unidades_superficie_ano_comuna.download
m2_departamentos,m2,departamento,Metropolitana,Peñalolén,2017,29346,minvu_permisos_viviendas_unidades_superficie_ano_comuna.download
m2_departamentos,m2,departamento,Metropolitana,Peñalolén,2019,17738,minvu_permisos_viviendas_unidades_superficie_ano_comuna.download
m2_departamentos,m2,departamento,Metropolitana,Peñalolén,2020,2358,minvu_permisos_viviendas_unidades_superficie_ano_comuna.download
m2_departamentos,m2,departamento,Metropolitana,Peñalolén,2021,43363,minvu_permisos_viviendas_unidades_superficie_ano_comuna.download
m2_departamentos,m2,departamento,Metropolitana,Peñalolén,2022,153432,minvu_permisos_viviendas_unidades_superficie_ano_comuna.download
m2_departamentos,m2,departamento,Metropolitana,Peñalolén,2023,33450,minvu_permisos_viviendas_unidades_superficie_ano_comuna.download
m2_departamentos,m2,departamento,Metropolitana,Peñalolén,2026,374,minvu_permisos_viviendas_unidades_superficie_ano_comuna.download
m2_departamentos,m2,departamento,Metropolitana,Providencia,2002,71416,minvu_permisos_viviendas_unidades_superficie_ano_comuna.download
m2_departamentos,m2,departamento,Metropolitana,Providencia,2003,110014,minvu_permisos_viviendas_unidades_superficie_ano_comuna.download
m2_departamentos,m2,departamento,Metropolitana,Providencia,2004,149329,minvu_permisos_viviendas_unidades_superficie_ano_comuna.download
m2_departamentos,m2,departamento,Metropolitana,Providencia,2005,216765,minvu_permisos_viviendas_unidades_superficie_ano_comuna.download
m2_departamentos,m2,departamento,Metropolitana,Providencia,2006,272738,minvu_permisos_viviendas_unidades_superficie_ano_comuna.download
m2_departamentos,m2,departamento,Metropolitana,Providencia,2007,142180,minvu_permisos_viviendas_unidades_superficie_ano_comuna.download
m2_departamentos,m2,departamento,Metropolitana,Providencia,2008,128046,minvu_permisos_viviendas_unidades_superficie_ano_comuna.download
m2_departamentos,m2,departamento,Metropolitana,Providencia,2009,26823,minvu_permisos_viviendas_unidades_superficie_ano_comuna.download
m2_departamentos,m2,departamento,Metropolitana,Providencia,2010,34292,minvu_permisos_viviendas_unidades_superficie_ano_comuna.download
m2_departamentos,m2,departamento,Metropolitana,Providencia,2011,54922,minvu_permisos_viviendas_unidades_superficie_ano_comuna.download
m2_departamentos,m2,departamento,Metropolitana,Providencia,2012,97666,minvu_permisos_viviendas_unidades_superficie_ano_comuna.download
m2_departamentos,m2,departamento,Metropolitana,Providencia,2013,115315,minvu_permisos_viviendas_unidades_superficie_ano_comuna.download
m2_departamentos,m2,departamento,Metropolitana,Providencia,2014,211676,minvu_permisos_viviendas_unidades_superficie_ano_comuna.download
m2_departamentos,m2,departamento,Metropolitana,Providencia,2015,268676,minvu_permisos_viviendas_unidades_superficie_ano_comuna.download
m2_departamentos,m2,departamento,Metropolitana,Providencia,2016,145338,minvu_permisos_viviendas_unidades_superficie_ano_comuna.download
m2_departamentos,m2,departamento,Metropolitana,Providencia,2017,84076,minvu_permisos_viviendas_unidades_superficie_ano_comuna.download
m2_departamentos,m2,departamento,Metropolitana,Providencia,2019,287837,minvu_permisos_viviendas_unidades_superficie_ano_comuna.download
m2_departamentos,m2,departamento,Metropolitana,Providencia,2020,164425,minvu_permisos_viviendas_unidades_superficie_ano_comuna.download
m2_departamentos,m2,departamento,Metropolitana,Providencia,2021,221893,minvu_permisos_viviendas_unidades_superficie_ano_comuna.download
m2_departamentos,m2,departamento,Metropolitana,Providencia,2022,123891,minvu_permisos_viviendas_unidades_superficie_ano_comuna.download
m2_departamentos,m2,departamento,Metropolitana,Providencia,2023,18535,minvu_permisos_viviendas_unidades_superficie_ano_comuna.download
m2_departamentos,m2,departamento,Metropolitana,Providencia,2026,7090,minvu_permisos_viviendas_unidades_superficie_ano_comuna.download
m2_departamentos,m2,departamento,Metropolitana,Pudahuel,2002,3401,minvu_permisos_viviendas_unidades_superficie_ano_comuna.download
m2_departamentos,m2,departamento,Metropolitana,Pudahuel,2003,47442,minvu_permisos_viviendas_unidades_superficie_ano_comuna.download
m2_departamentos,m2,departamento,Metropolitana,Pudahuel,2004,1708,minvu_permisos_viviendas_unidades_superficie_ano_comuna.download
m2_departamentos,m2,departamento,Metropolitana,Pudahuel,2005,4751,minvu_permisos_viviendas_unidades_superficie_ano_comuna.download
m2_departamentos,m2,departamento,Metropolitana,Pudahuel,2006,36778,minvu_permisos_viviendas_unidades_superficie_ano_comuna.download
m2_departamentos,m2,departamento,Metropolitana,Pudahuel,2007,67329,minvu_permisos_viviendas_unidades_superficie_ano_comuna.download
m2_departamentos,m2,departamento,Metropolitana,Pudahuel,2008,51242,minvu_permisos_viviendas_unidades_superficie_ano_comuna.download
m2_departamentos,m2,departamento,Metropolitana,Pudahuel,2009,45929,minvu_permisos_viviendas_unidades_superficie_ano_comuna.download
m2_departamentos,m2,departamento,Metropolitana,Pudahuel,2010,7847,minvu_permisos_viviendas_unidades_superficie_ano_comuna.download
m2_departamentos,m2,departamento,Metropolitana,Pudahuel,2011,60729,minvu_permisos_viviendas_unidades_superficie_ano_comuna.download
m2_departamentos,m2,departamento,Metropolitana,Pudahuel,2012,6937,minvu_permisos_viviendas_unidades_superficie_ano_comuna.download
m2_departamentos,m2,departamento,Metropolitana,Pudahuel,2013,19504,minvu_permisos_viviendas_unidades_superficie_ano_comuna.download
m2_departamentos,m2,departamento,Metropolitana,Pudahuel,2014,32234,minvu_permisos_viviendas_unidades_superficie_ano_comuna.download
m2_departamentos,m2,departamento,Metropolitana,Pudahuel,2015,50378,minvu_permisos_viviendas_unidades_superficie_ano_comuna.download
m2_departamentos,m2,departamento,Metropolitana,Pudahuel,2016,20216,minvu_permisos_viviendas_unidades_superficie_ano_comuna.download
m2_departamentos,m2,departamento,Metropolitana,Pudahuel,2017,54922,minvu_permisos_viviendas_unidades_superficie_ano_comuna.download
m2_departamentos,m2,departamento,Metropolitana,Pudahuel,2019,11765,minvu_permisos_viviendas_unidades_superficie_ano_comuna.download
m2_departamentos,m2,departamento,Metropolitana,Pudahuel,2020,14738,minvu_permisos_viviendas_unidades_superficie_ano_comuna.download
m2_departamentos,m2,departamento,Metropolitana,Pudahuel,2021,0,minvu_permisos_viviendas_unidades_superficie_ano_comuna.download
m2_departamentos,m2,departamento,Metropolitana,Pudahuel,2022,28015,minvu_permisos_viviendas_unidades_superficie_ano_comuna.download
m2_departamentos,m2,departamento,Metropolitana,Pudahuel,2023,43720,minvu_permisos_viviendas_unidades_superficie_ano_comuna.download
m2_departamentos,m2,departamento,Metropolitana,Pudahuel,2026,0,minvu_permisos_viviendas_unidades_superficie_ano_comuna.download
m2_departamentos,m2,departamento,Metropolitana,Quilicura,2002,0,minvu_permisos_viviendas_unidades_superficie_ano_comuna.download
m2_departamentos,m2,departamento,Metropolitana,Quilicura,2003,0,minvu_permisos_viviendas_unidades_superficie_ano_comuna.download
m2_departamentos,m2,departamento,Metropolitana,Quilicura,2004,0,minvu_permisos_viviendas_unidades_superficie_ano_comuna.download
m2_departamentos,m2,departamento,Metropolitana,Quilicura,2005,0,minvu_permisos_viviendas_unidades_superficie_ano_comuna.download
m2_departamentos,m2,departamento,Metropolitana,Quilicura,2006,0,minvu_permisos_viviendas_unidades_superficie_ano_comuna.download
m2_departamentos,m2,departamento,Metropolitana,Quilicura,2007,0,minvu_permisos_viviendas_unidades_superficie_ano_comuna.download
m2_departamentos,m2,departamento,Metropolitana,Quilicura,2008,20226,minvu_permisos_viviendas_unidades_superficie_ano_comuna.download
m2_departamentos,m2,departamento,Metropolitana,Quilicura,2009,31322,minvu_permisos_viviendas_unidades_superficie_ano_comuna.download
m2_departamentos,m2,departamento,Metropolitana,Quilicura,2010,41321,minvu_permisos_viviendas_unidades_superficie_ano_comuna.download
m2_departamentos,m2,departamento,Metropolitana,Quilicura,2011,51312,minvu_permisos_viviendas_unidades_superficie_ano_comuna.download
m2_departamentos,m2,departamento,Metropolitana,Quilicura,2012,81474,minvu_permisos_viviendas_unidades_superficie_ano_comuna.download
m2_departamentos,m2,departamento,Metropolitana,Quilicura,2013,16506,minvu_permisos_viviendas_unidades_superficie_ano_comuna.download
m2_departamentos,m2,departamento,Metropolitana,Quilicura,2014,3274,minvu_permisos_viviendas_unidades_superficie_ano_comuna.download
m2_departamentos,m2,departamento,Metropolitana,Quilicura,2015,0,minvu_permisos_viviendas_unidades_superficie_ano_comuna.download
m2_departamentos,m2,departamento,Metropolitana,Quilicura,2016,252980,minvu_permisos_viviendas_unidades_superficie_ano_comuna.download
m2_departamentos,m2,departamento,Metropolitana,Quilicura,2017,7217,minvu_permisos_viviendas_unidades_superficie_ano_comuna.download
m2_departamentos,m2,departamento,Metropolitana,Quilicura,2019,8351,minvu_permisos_viviendas_unidades_superficie_ano_comuna.download
m2_departamentos,m2,departamento,Metropolitana,Quilicura,2020,95310,minvu_permisos_viviendas_unidades_superficie_ano_comuna.download
m2_departamentos,m2,departamento,Metropolitana,Quilicura,2021,34910,minvu_permisos_viviendas_unidades_superficie_ano_comuna.download
m2_departamentos,m2,departamento,Metropolitana,Quilicura,2022,8865,minvu_permisos_viviendas_unidades_superficie_ano_comuna.download
m2_departamentos,m2,departamento,Metropolitana,Quilicura,2023,192919,minvu_permisos_viviendas_unidades_superficie_ano_comuna.download
m2_departamentos,m2,departamento,Metropolitana,Quilicura,2026,0,minvu_permisos_viviendas_unidades_superficie_ano_comuna.download
m2_departamentos,m2,departamento,Metropolitana,Quinta Normal,2002,19505,minvu_permisos_viviendas_unidades_superficie_ano_comuna.download
m2_departamentos,m2,departamento,Metropolitana,Quinta Normal,2003,22212,minvu_permisos_viviendas_unidades_superficie_ano_comuna.download
m2_departamentos,m2,departamento,Metropolitana,Quinta Normal,2004,0,minvu_permisos_viviendas_unidades_superficie_ano_comuna.download
m2_departamentos,m2,departamento,Metropolitana,Quinta Normal,2005,47130,minvu_permisos_viviendas_unidades_superficie_ano_comuna.download
m2_departamentos,m2,departamento,Metropolitana,Quinta Normal,2006,44311,minvu_permisos_viviendas_unidades_superficie_ano_comuna.download
m2_departamentos,m2,departamento,Metropolitana,Quinta Normal,2007,113693,minvu_permisos_viviendas_unidades_superficie_ano_comuna.download
m2_departamentos,m2,departamento,Metropolitana,Quinta Normal,2008,29115,minvu_permisos_viviendas_unidades_superficie_ano_comuna.download
m2_departamentos,m2,departamento,Metropolitana,Quinta Normal,2009,66867,minvu_permisos_viviendas_unidades_superficie_ano_comuna.download
m2_departamentos,m2,departamento,Metropolitana,Quinta Normal,2010,18853,minvu_permisos_viviendas_unidades_superficie_ano_comuna.download
m2_departamentos,m2,departamento,Metropolitana,Quinta Normal,2011,92394,minvu_permisos_viviendas_unidades_superficie_ano_comuna.download
m2_departamentos,m2,departamento,Metropolitana,Quinta Normal,2012,10835,minvu_permisos_viviendas_unidades_superficie_ano_comuna.download
m2_departamentos,m2,departamento,Metropolitana,Quinta Normal,2013,93993,minvu_permisos_viviendas_unidades_superficie_ano_comuna.download
m2_departamentos,m2,departamento,Metropolitana,Quinta Normal,2014,17235,minvu_permisos_viviendas_unidades_superficie_ano_comuna.download
m2_departamentos,m2,departamento,Metropolitana,Quinta Normal,2015,249425,minvu_permisos_viviendas_unidades_superficie_ano_comuna.download
m2_departamentos,m2,departamento,Metropolitana,Quinta Normal,2016,186544,minvu_permisos_viviendas_unidades_superficie_ano_comuna.download
m2_departamentos,m2,departamento,Metropolitana,Quinta Normal,2017,11490,minvu_permisos_viviendas_unidades_superficie_ano_comuna.download
m2_departamentos,m2,departamento,Metropolitana,Quinta Normal,2019,10577,minvu_permisos_viviendas_unidades_superficie_ano_comuna.download
m2_departamentos,m2,departamento,Metropolitana,Quinta Normal,2020,0,minvu_permisos_viviendas_unidades_superficie_ano_comuna.download
m2_departamentos,m2,departamento,Metropolitana,Quinta Normal,2021,7606,minvu_permisos_viviendas_unidades_superficie_ano_comuna.download
m2_departamentos,m2,departamento,Metropolitana,Quinta Normal,2022,186442,minvu_permisos_viviendas_unidades_superficie_ano_comuna.download
m2_departamentos,m2,departamento,Metropolitana,Quinta Normal,2023,138003,minvu_permisos_viviendas_unidades_superficie_ano_comuna.download
m2_departamentos,m2,departamento,Metropolitana,Quinta Normal,2026,0,minvu_permisos_viviendas_unidades_superficie_ano_comuna.download
m2_departamentos,m2,departamento,Metropolitana,Recoleta,2002,20027,minvu_permisos_viviendas_unidades_superficie_ano_comuna.download
m2_departamentos,m2,departamento,Metropolitana,Recoleta,2003,90283,minvu_permisos_viviendas_unidades_superficie_ano_comuna.download
m2_departamentos,m2,departamento,Metropolitana,Recoleta,2004,42166,minvu_permisos_viviendas_unidades_superficie_ano_comuna.download
m2_departamentos,m2,departamento,Metropolitana,Recoleta,2005,100351,minvu_permisos_viviendas_unidades_superficie_ano_comuna.download
m2_departamentos,m2,departamento,Metropolitana,Recoleta,2006,97616,minvu_permisos_viviendas_unidades_superficie_ano_comuna.download
m2_departamentos,m2,departamento,Metropolitana,Recoleta,2007,109234,minvu_permisos_viviendas_unidades_superficie_ano_comuna.download
m2_departamentos,m2,departamento,Metropolitana,Recoleta,2008,18280,minvu_permisos_viviendas_unidades_superficie_ano_comuna.download
m2_departamentos,m2,departamento,Metropolitana,Recoleta,2009,0,minvu_permisos_viviendas_unidades_superficie_ano_comuna.download
m2_departamentos,m2,departamento,Metropolitana,Recoleta,2010,14929,minvu_permisos_viviendas_unidades_superficie_ano_comuna.download
m2_departamentos,m2,departamento,Metropolitana,Recoleta,2011,8461,minvu_permisos_viviendas_unidades_superficie_ano_comuna.download
m2_departamentos,m2,departamento,Metropolitana,Recoleta,2012,8811,minvu_permisos_viviendas_unidades_superficie_ano_comuna.download
m2_departamentos,m2,departamento,Metropolitana,Recoleta,2013,0,minvu_permisos_viviendas_unidades_superficie_ano_comuna.download
m2_departamentos,m2,departamento,Metropolitana,Recoleta,2014,18524,minvu_permisos_viviendas_unidades_superficie_ano_comuna.download
m2_departamentos,m2,departamento,Metropolitana,Recoleta,2015,25805,minvu_permisos_viviendas_unidades_superficie_ano_comuna.download
m2_departamentos,m2,departamento,Metropolitana,Recoleta,2016,42285,minvu_permisos_viviendas_unidades_superficie_ano_comuna.download
m2_departamentos,m2,departamento,Metropolitana,Recoleta,2017,29212,minvu_permisos_viviendas_unidades_superficie_ano_comuna.download
m2_departamentos,m2,departamento,Metropolitana,Recoleta,2019,60351,minvu_permisos_viviendas_unidades_superficie_ano_comuna.download
m2_departamentos,m2,departamento,Metropolitana,Recoleta,2020,27413,minvu_permisos_viviendas_unidades_superficie_ano_comuna.download
m2_departamentos,m2,departamento,Metropolitana,Recoleta,2021,34215,minvu_permisos_viviendas_unidades_superficie_ano_comuna.download
m2_departamentos,m2,departamento,Metropolitana,Recoleta,2022,85313,minvu_permisos_viviendas_unidades_superficie_ano_comuna.download
m2_departamentos,m2,departamento,Metropolitana,Recoleta,2023,0,minvu_permisos_viviendas_unidades_superficie_ano_comuna.download
m2_departamentos,m2,departamento,Metropolitana,Recoleta,2026,0,minvu_permisos_viviendas_unidades_superficie_ano_comuna.download
m2_departamentos,m2,departamento,Metropolitana,Renca,2002,0,minvu_permisos_viviendas_unidades_superficie_ano_comuna.download
m2_departamentos,m2,departamento,Metropolitana,Renca,2003,3744,minvu_permisos_viviendas_unidades_superficie_ano_comuna.download
m2_departamentos,m2,departamento,Metropolitana,Renca,2004,10279,minvu_permisos_viviendas_unidades_superficie_ano_comuna.download
m2_departamentos,m2,departamento,Metropolitana,Renca,2005,0,minvu_permisos_viviendas_unidades_superficie_ano_comuna.download
m2_departamentos,m2,departamento,Metropolitana,Renca,2006,3660,minvu_permisos_viviendas_unidades_superficie_ano_comuna.download
m2_departamentos,m2,departamento,Metropolitana,Renca,2007,0,minvu_permisos_viviendas_unidades_superficie_ano_comuna.download
m2_departamentos,m2,departamento,Metropolitana,Renca,2008,31012,minvu_permisos_viviendas_unidades_superficie_ano_comuna.download
m2_departamentos,m2,departamento,Metropolitana,Renca,2009,52662,minvu_permisos_viviendas_unidades_superficie_ano_comuna.download
m2_departamentos,m2,departamento,Metropolitana,Renca,2010,10494,minvu_permisos_viviendas_unidades_superficie_ano_comuna.download
m2_departamentos,m2,departamento,Metropolitana,Renca,2011,47673,minvu_permisos_viviendas_unidades_superficie_ano_comuna.download
m2_departamentos,m2,departamento,Metropolitana,Renca,2012,22243,minvu_permisos_viviendas_unidades_superficie_ano_comuna.download
m2_departamentos,m2,departamento,Metropolitana,Renca,2013,7985,minvu_permisos_viviendas_unidades_superficie_ano_comuna.download
m2_departamentos,m2,departamento,Metropolitana,Renca,2014,0,minvu_permisos_viviendas_unidades_superficie_ano_comuna.download
m2_departamentos,m2,departamento,Metropolitana,Renca,2015,64102,minvu_permisos_viviendas_unidades_superficie_ano_comuna.download
m2_departamentos,m2,departamento,Metropolitana,Renca,2016,9170,minvu_permisos_viviendas_unidades_superficie_ano_comuna.download
m2_departamentos,m2,departamento,Metropolitana,Renca,2017,11704,minvu_permisos_viviendas_unidades_superficie_ano_comuna.download
m2_departamentos,m2,departamento,Metropolitana,Renca,2019,73067,minvu_permisos_viviendas_unidades_superficie_ano_comuna.download
m2_departamentos,m2,departamento,Metropolitana,Renca,2020,48163,minvu_permisos_viviendas_unidades_superficie_ano_comuna.download
m2_departamentos,m2,departamento,Metropolitana,Renca,2021,35031,minvu_permisos_viviendas_unidades_superficie_ano_comuna.download
m2_departamentos,m2,departamento,Metropolitana,Renca,2022,69951,minvu_permisos_viviendas_unidades_superficie_ano_comuna.download
m2_departamentos,m2,departamento,Metropolitana,Renca,2023,50484,minvu_permisos_viviendas_unidades_superficie_ano_comuna.download
m2_departamentos,m2,departamento,Metropolitana,Renca,2026,0,minvu_permisos_viviendas_unidades_superficie_ano_comuna.download
m2_departamentos,m2,departamento,Metropolitana,San Joaquín,2002,0,minvu_permisos_viviendas_unidades_superficie_ano_comuna.download
m2_departamentos,m2,departamento,Metropolitana,San Joaquín,2003,0,minvu_permisos_viviendas_unidades_superficie_ano_comuna.download
m2_departamentos,m2,departamento,Metropolitana,San Joaquín,2004,9367,minvu_permisos_viviendas_unidades_superficie_ano_comuna.download
m2_departamentos,m2,departamento,Metropolitana,San Joaquín,2005,7779,minvu_permisos_viviendas_unidades_superficie_ano_comuna.download
m2_departamentos,m2,departamento,Metropolitana,San Joaquín,2006,5396,minvu_permisos_viviendas_unidades_superficie_ano_comuna.download
m2_departamentos,m2,departamento,Metropolitana,San Joaquín,2007,52697,minvu_permisos_viviendas_unidades_superficie_ano_comuna.download
m2_departamentos,m2,departamento,Metropolitana,San Joaquín,2008,24039,minvu_permisos_viviendas_unidades_superficie_ano_comuna.download
m2_departamentos,m2,departamento,Metropolitana,San Joaquín,2009,0,minvu_permisos_viviendas_unidades_superficie_ano_comuna.download
m2_departamentos,m2,departamento,Metropolitana,San Joaquín,2010,20935,minvu_permisos_viviendas_unidades_superficie_ano_comuna.download
m2_departamentos,m2,departamento,Metropolitana,San Joaquín,2011,19326,minvu_permisos_viviendas_unidades_superficie_ano_comuna.download
m2_departamentos,m2,departamento,Metropolitana,San Joaquín,2012,0,minvu_permisos_viviendas_unidades_superficie_ano_comuna.download
m2_departamentos,m2,departamento,Metropolitana,San Joaquín,2013,23743,minvu_permisos_viviendas_unidades_superficie_ano_comuna.download
m2_departamentos,m2,departamento,Metropolitana,San Joaquín,2014,0,minvu_permisos_viviendas_unidades_superficie_ano_comuna.download
m2_departamentos,m2,departamento,Metropolitana,San Joaquín,2015,84623,minvu_permisos_viviendas_unidades_superficie_ano_comuna.download
m2_departamentos,m2,departamento,Metropolitana,San Joaquín,2016,33945,minvu_permisos_viviendas_unidades_superficie_ano_comuna.download
m2_departamentos,m2,departamento,Metropolitana,San Joaquín,2017,0,minvu_permisos_viviendas_unidades_superficie_ano_comuna.download
m2_departamentos,m2,departamento,Metropolitana,San Joaquín,2019,125754,minvu_permisos_viviendas_unidades_superficie_ano_comuna.download
m2_departamentos,m2,departamento,Metropolitana,San Joaquín,2020,33868,minvu_permisos_viviendas_unidades_superficie_ano_comuna.download
m2_departamentos,m2,departamento,Metropolitana,San Joaquín,2021,139383,minvu_permisos_viviendas_unidades_superficie_ano_comuna.download
m2_departamentos,m2,departamento,Metropolitana,San Joaquín,2022,105643,minvu_permisos_viviendas_unidades_superficie_ano_comuna.download
m2_departamentos,m2,departamento,Metropolitana,San Joaquín,2023,79639,minvu_permisos_viviendas_unidades_superficie_ano_comuna.download
m2_departamentos,m2,departamento,Metropolitana,San Joaquín,2026,17151,minvu_permisos_viviendas_unidades_superficie_ano_comuna.download
m2_departamentos,m2,departamento,Metropolitana,San Miguel,2002,27594,minvu_permisos_viviendas_unidades_superficie_ano_comuna.download
m2_departamentos,m2,departamento,Metropolitana,San Miguel,2003,75362,minvu_permisos_viviendas_unidades_superficie_ano_comuna.download
m2_departamentos,m2,departamento,Metropolitana,San Miguel,2004,118088,minvu_permisos_viviendas_unidades_superficie_ano_comuna.download
m2_departamentos,m2,departamento,Metropolitana,San Miguel,2005,100838,minvu_permisos_viviendas_unidades_superficie_ano_comuna.download
m2_departamentos,m2,departamento,Metropolitana,San Miguel,2006,111414,minvu_permisos_viviendas_unidades_superficie_ano_comuna.download
m2_departamentos,m2,departamento,Metropolitana,San Miguel,2007,169084,minvu_permisos_viviendas_unidades_superficie_ano_comuna.download
m2_departamentos,m2,departamento,Metropolitana,San Miguel,2008,166444,minvu_permisos_viviendas_unidades_superficie_ano_comuna.download
m2_departamentos,m2,departamento,Metropolitana,San Miguel,2009,66844,minvu_permisos_viviendas_unidades_superficie_ano_comuna.download
m2_departamentos,m2,departamento,Metropolitana,San Miguel,2010,64791,minvu_permisos_viviendas_unidades_superficie_ano_comuna.download
m2_departamentos,m2,departamento,Metropolitana,San Miguel,2011,37704,minvu_permisos_viviendas_unidades_superficie_ano_comuna.download
m2_departamentos,m2,departamento,Metropolitana,San Miguel,2012,65067,minvu_permisos_viviendas_unidades_superficie_ano_comuna.download
m2_departamentos,m2,departamento,Metropolitana,San Miguel,2013,121820,minvu_permisos_viviendas_unidades_superficie_ano_comuna.download
m2_departamentos,m2,departamento,Metropolitana,San Miguel,2014,329233,minvu_permisos_viviendas_unidades_superficie_ano_comuna.download
m2_departamentos,m2,departamento,Metropolitana,San Miguel,2015,387832,minvu_permisos_viviendas_unidades_superficie_ano_comuna.download
m2_departamentos,m2,departamento,Metropolitana,San Miguel,2016,454222,minvu_permisos_viviendas_unidades_superficie_ano_comuna.download
m2_departamentos,m2,departamento,Metropolitana,San Miguel,2017,402152,minvu_permisos_viviendas_unidades_superficie_ano_comuna.download
m2_departamentos,m2,departamento,Metropolitana,San Miguel,2019,231701,minvu_permisos_viviendas_unidades_superficie_ano_comuna.download
m2_departamentos,m2,departamento,Metropolitana,San Miguel,2020,86181,minvu_permisos_viviendas_unidades_superficie_ano_comuna.download
m2_departamentos,m2,departamento,Metropolitana,San Miguel,2021,8033,minvu_permisos_viviendas_unidades_superficie_ano_comuna.download
m2_departamentos,m2,departamento,Metropolitana,San Miguel,2022,55149,minvu_permisos_viviendas_unidades_superficie_ano_comuna.download
m2_departamentos,m2,departamento,Metropolitana,San Miguel,2023,14460,minvu_permisos_viviendas_unidades_superficie_ano_comuna.download
m2_departamentos,m2,departamento,Metropolitana,San Miguel,2026,0,minvu_permisos_viviendas_unidades_superficie_ano_comuna.download
m2_departamentos,m2,departamento,Metropolitana,San Ramón,2002,0,minvu_permisos_viviendas_unidades_superficie_ano_comuna.download
m2_departamentos,m2,departamento,Metropolitana,San Ramón,2003,0,minvu_permisos_viviendas_unidades_superficie_ano_comuna.download
m2_departamentos,m2,departamento,Metropolitana,San Ramón,2004,0,minvu_permisos_viviendas_unidades_superficie_ano_comuna.download
m2_departamentos,m2,departamento,Metropolitana,San Ramón,2005,0,minvu_permisos_viviendas_unidades_superficie_ano_comuna.download
m2_departamentos,m2,departamento,Metropolitana,San Ramón,2006,0,minvu_permisos_viviendas_unidades_superficie_ano_comuna.download
m2_departamentos,m2,departamento,Metropolitana,San Ramón,2007,0,minvu_permisos_viviendas_unidades_superficie_ano_comuna.download
m2_departamentos,m2,departamento,Metropolitana,San Ramón,2008,13012,minvu_permisos_viviendas_unidades_superficie_ano_comuna.download
m2_departamentos,m2,departamento,Metropolitana,San Ramón,2009,5016,minvu_permisos_viviendas_unidades_superficie_ano_comuna.download
m2_departamentos,m2,departamento,Metropolitana,San Ramón,2010,0,minvu_permisos_viviendas_unidades_superficie_ano_comuna.download
m2_departamentos,m2,departamento,Metropolitana,San Ramón,2011,0,minvu_permisos_viviendas_unidades_superficie_ano_comuna.download
m2_departamentos,m2,departamento,Metropolitana,San Ramón,2012,0,minvu_permisos_viviendas_unidades_superficie_ano_comuna.download
m2_departamentos,m2,departamento,Metropolitana,San Ramón,2013,0,minvu_permisos_viviendas_unidades_superficie_ano_comuna.download
m2_departamentos,m2,departamento,Metropolitana,San Ramón,2014,0,minvu_permisos_viviendas_unidades_superficie_ano_comuna.download
m2_departamentos,m2,departamento,Metropolitana,San Ramón,2015,0,minvu_permisos_viviendas_unidades_superficie_ano_comuna.download
m2_departamentos,m2,departamento,Metropolitana,San Ramón,2016,0,minvu_permisos_viviendas_unidades_superficie_ano_comuna.download
m2_departamentos,m2,departamento,Metropolitana,San Ramón,2017,0,minvu_permisos_viviendas_unidades_superficie_ano_comuna.download
m2_departamentos,m2,departamento,Metropolitana,San Ramón,2019,0,minvu_permisos_viviendas_unidades_superficie_ano_comuna.download
m2_departamentos,m2,departamento,Metropolitana,San Ramón,2020,46930,minvu_permisos_viviendas_unidades_superficie_ano_comuna.download
m2_departamentos,m2,departamento,Metropolitana,San Ramón,2021,0,minvu_permisos_viviendas_unidades_superficie_ano_comuna.download
m2_departamentos,m2,departamento,Metropolitana,San Ramón,2022,0,minvu_permisos_viviendas_unidades_superficie_ano_comuna.download
m2_departamentos,m2,departamento,Metropolitana,San Ramón,2023,19203,minvu_permisos_viviendas_unidades_superficie_ano_comuna.download
m2_departamentos,m2,departamento,Metropolitana,San Ramón,2026,0,minvu_permisos_viviendas_unidades_superficie_ano_comuna.download
m2_departamentos,m2,departamento,Metropolitana,Vitacura,2002,39613,minvu_permisos_viviendas_unidades_superficie_ano_comuna.download
m2_departamentos,m2,departamento,Metropolitana,Vitacura,2003,52653,minvu_permisos_viviendas_unidades_superficie_ano_comuna.download
m2_departamentos,m2,departamento,Metropolitana,Vitacura,2004,29802,minvu_permisos_viviendas_unidades_superficie_ano_comuna.download
m2_departamentos,m2,departamento,Metropolitana,Vitacura,2005,110065,minvu_permisos_viviendas_unidades_superficie_ano_comuna.download
m2_departamentos,m2,departamento,Metropolitana,Vitacura,2006,99268,minvu_permisos_viviendas_unidades_superficie_ano_comuna.download
m2_departamentos,m2,departamento,Metropolitana,Vitacura,2007,273578,minvu_permisos_viviendas_unidades_superficie_ano_comuna.download
m2_departamentos,m2,departamento,Metropolitana,Vitacura,2008,69182,minvu_permisos_viviendas_unidades_superficie_ano_comuna.download
m2_departamentos,m2,departamento,Metropolitana,Vitacura,2009,42276,minvu_permisos_viviendas_unidades_superficie_ano_comuna.download
m2_departamentos,m2,departamento,Metropolitana,Vitacura,2010,12837,minvu_permisos_viviendas_unidades_superficie_ano_comuna.download
m2_departamentos,m2,departamento,Metropolitana,Vitacura,2011,47847,minvu_permisos_viviendas_unidades_superficie_ano_comuna.download
m2_departamentos,m2,departamento,Metropolitana,Vitacura,2012,63455,minvu_permisos_viviendas_unidades_superficie_ano_comuna.download
m2_departamentos,m2,departamento,Metropolitana,Vitacura,2013,292356,minvu_permisos_viviendas_unidades_superficie_ano_comuna.download
m2_departamentos,m2,departamento,Metropolitana,Vitacura,2014,217887,minvu_permisos_viviendas_unidades_superficie_ano_comuna.download
m2_departamentos,m2,departamento,Metropolitana,Vitacura,2015,144685,minvu_permisos_viviendas_unidades_superficie_ano_comuna.download
m2_departamentos,m2,departamento,Metropolitana,Vitacura,2016,165938,minvu_permisos_viviendas_unidades_superficie_ano_comuna.download
m2_departamentos,m2,departamento,Metropolitana,Vitacura,2017,103312,minvu_permisos_viviendas_unidades_superficie_ano_comuna.download
m2_departamentos,m2,departamento,Metropolitana,Vitacura,2019,457874,minvu_permisos_viviendas_unidades_superficie_ano_comuna.download
m2_departamentos,m2,departamento,Metropolitana,Vitacura,2020,111789,minvu_permisos_viviendas_unidades_superficie_ano_comuna.download
m2_departamentos,m2,departamento,Metropolitana,Vitacura,2021,143203,minvu_permisos_viviendas_unidades_superficie_ano_comuna.download
m2_departamentos,m2,departamento,Metropolitana,Vitacura,2022,21712,minvu_permisos_viviendas_unidades_superficie_ano_comuna.download
m2_departamentos,m2,departamento,Metropolitana,Vitacura,2023,60904,minvu_permisos_viviendas_unidades_superficie_ano_comuna.download
m2_departamentos,m2,departamento,Metropolitana,Vitacura,2026,0,minvu_permisos_viviendas_unidades_superficie_ano_comuna.download
número_casas,unidades,casa,Metropolitana,Santiago,2002,11,minvu_permisos_viviendas_unidades_superficie_ano_comuna.download
número_casas,unidades,casa,Metropolitana,Santiago,2003,119,minvu_permisos_viviendas_unidades_superficie_ano_comuna.download
número_casas,unidades,casa,Metropolitana,Santiago,2004,52,minvu_permisos_viviendas_unidades_superficie_ano_comuna.download
número_casas,unidades,casa,Metropolitana,Santiago,2005,37,minvu_permisos_viviendas_unidades_superficie_ano_comuna.download
número_casas,unidades,casa,Metropolitana,Santiago,2006,14,minvu_permisos_viviendas_unidades_superficie_ano_comuna.download
número_casas,unidades,casa,Metropolitana,Santiago,2007,16,minvu_permisos_viviendas_unidades_superficie_ano_comuna.download
número_casas,unidades,casa,Metropolitana,Santiago,2008,20,minvu_permisos_viviendas_unidades_superficie_ano_comuna.download
número_casas,unidades,casa,Metropolitana,Santiago,2009,20,minvu_permisos_viviendas_unidades_superficie_ano_comuna.download
número_casas,unidades,casa,Metropolitana,Santiago,2010,17,minvu_permisos_viviendas_unidades_superficie_ano_comuna.download
número_casas,unidades,casa,Metropolitana,Santiago,2011,27,minvu_permisos_viviendas_unidades_superficie_ano_comuna.download
número_casas,unidades,casa,Metropolitana,Santiago,2012,32,minvu_permisos_viviendas_unidades_superficie_ano_comuna.download
número_casas,unidades,casa,Metropolitana,Santiago,2013,60,minvu_permisos_viviendas_unidades_superficie_ano_comuna.download
número_casas,unidades,casa,Metropolitana,Santiago,2014,368,minvu_permisos_viviendas_unidades_superficie_ano_comuna.download
número_casas,unidades,casa,Metropolitana,Santiago,2015,52,minvu_permisos_viviendas_unidades_superficie_ano_comuna.download
número_casas,unidades,casa,Metropolitana,Santiago,2016,35,minvu_permisos_viviendas_unidades_superficie_ano_comuna.download
número_casas,unidades,casa,Metropolitana,Santiago,2017,23,minvu_permisos_viviendas_unidades_superficie_ano_comuna.download
número_casas,unidades,casa,Metropolitana,Santiago,2019,14,minvu_permisos_viviendas_unidades_superficie_ano_comuna.download
número_casas,unidades,casa,Metropolitana,Santiago,2020,2,minvu_permisos_viviendas_unidades_superficie_ano_comuna.download
número_casas,unidades,casa,Metropolitana,Santiago,2021,1,minvu_permisos_viviendas_unidades_superficie_ano_comuna.download
número_casas,unidades,casa,Metropolitana,Santiago,2022,12,minvu_permisos_viviendas_unidades_superficie_ano_comuna.download
número_casas,unidades,casa,Metropolitana,Santiago,2023,3,minvu_permisos_viviendas_unidades_superficie_ano_comuna.download
número_casas,unidades,casa,Metropolitana,Santiago,2026,1,minvu_permisos_viviendas_unidades_superficie_ano_comuna.download
número_casas,unidades,casa,Metropolitana,Cerrillos,2002,270,minvu_permisos_viviendas_unidades_superficie_ano_comuna.download
número_casas,unidades,casa,Metropolitana,Cerrillos,2003,149,minvu_permisos_viviendas_unidades_superficie_ano_comuna.download
número_casas,unidades,casa,Metropolitana,Cerrillos,2004,1020,minvu_permisos_viviendas_unidades_superficie_ano_comuna.download
número_casas,unidades,casa,Metropolitana,Cerrillos,2005,852,minvu_permisos_viviendas_unidades_superficie_ano_comuna.download
número_casas,unidades,casa,Metropolitana,Cerrillos,2006,392,minvu_permisos_viviendas_unidades_superficie_ano_comuna.download
número_casas,unidades,casa,Metropolitana,Cerrillos,2007,522,minvu_permisos_viviendas_unidades_superficie_ano_comuna.download
número_casas,unidades,casa,Metropolitana,Cerrillos,2008,1001,minvu_permisos_viviendas_unidades_superficie_ano_comuna.download
número_casas,unidades,casa,Metropolitana,Cerrillos,2009,322,minvu_permisos_viviendas_unidades_superficie_ano_comuna.download
número_casas,unidades,casa,Metropolitana,Cerrillos,2010,50,minvu_permisos_viviendas_unidades_superficie_ano_comuna.download
número_casas,unidades,casa,Metropolitana,Cerrillos,2011,262,minvu_permisos_viviendas_unidades_superficie_ano_comuna.download
número_casas,unidades,casa,Metropolitana,Cerrillos,2012,235,minvu_permisos_viviendas_unidades_superficie_ano_comuna.download
número_casas,unidades,casa,Metropolitana,Cerrillos,2013,6,minvu_permisos_viviendas_unidades_superficie_ano_comuna.download
número_casas,unidades,casa,Metropolitana,Cerrillos,2014,329,minvu_permisos_viviendas_unidades_superficie_ano_comuna.download
número_casas,unidades,casa,Metropolitana,Cerrillos,2015,376,minvu_permisos_viviendas_unidades_superficie_ano_comuna.download
número_casas,unidades,casa,Metropolitana,Cerrillos,2016,16,minvu_permisos_viviendas_unidades_superficie_ano_comuna.download
número_casas,unidades,casa,Metropolitana,Cerrillos,2017,15,minvu_permisos_viviendas_unidades_superficie_ano_comuna.download
número_casas,unidades,casa,Metropolitana,Cerrillos,2019,25,minvu_permisos_viviendas_unidades_superficie_ano_comuna.download
número_casas,unidades,casa,Metropolitana,Cerrillos,2020,15,minvu_permisos_viviendas_unidades_superficie_ano_comuna.download
número_casas,unidades,casa,Metropolitana,Cerrillos,2021,11,minvu_permisos_viviendas_unidades_superficie_ano_comuna.download
número_casas,unidades,casa,Metropolitana,Cerrillos,2022,27,minvu_permisos_viviendas_unidades_superficie_ano_comuna.download
número_casas,unidades,casa,Metropolitana,Cerrillos,2023,29,minvu_permisos_viviendas_unidades_superficie_ano_comuna.download
número_casas,unidades,casa,Metropolitana,Cerrillos,2026,2,minvu_permisos_viviendas_unidades_superficie_ano_comuna.download
número_casas,unidades,casa,Metropolitana,Cerro Navia,2002,105,minvu_permisos_viviendas_unidades_superficie_ano_comuna.download
número_casas,unidades,casa,Metropolitana,Cerro Navia,2003,133,minvu_permisos_viviendas_unidades_superficie_ano_comuna.download
número_casas,unidades,casa,Metropolitana,Cerro Navia,2004,182,minvu_permisos_viviendas_unidades_superficie_ano_comuna.download
número_casas,unidades,casa,Metropolitana,Cerro Navia,2005,114,minvu_permisos_viviendas_unidades_superficie_ano_comuna.download
número_casas,unidades,casa,Metropolitana,Cerro Navia,2006,100,minvu_permisos_viviendas_unidades_superficie_ano_comuna.download
número_casas,unidades,casa,Metropolitana,Cerro Navia,2007,195,minvu_permisos_viviendas_unidades_superficie_ano_comuna.download
número_casas,unidades,casa,Metropolitana,Cerro Navia,2008,114,minvu_permisos_viviendas_unidades_superficie_ano_comuna.download
número_casas,unidades,casa,Metropolitana,Cerro Navia,2009,644,minvu_permisos_viviendas_unidades_superficie_ano_comuna.download
número_casas,unidades,casa,Metropolitana,Cerro Navia,2010,1412,minvu_permisos_viviendas_unidades_superficie_ano_comuna.download
número_casas,unidades,casa,Metropolitana,Cerro Navia,2011,33,minvu_permisos_viviendas_unidades_superficie_ano_comuna.download
número_casas,unidades,casa,Metropolitana,Cerro Navia,2012,49,minvu_permisos_viviendas_unidades_superficie_ano_comuna.download
número_casas,unidades,casa,Metropolitana,Cerro Navia,2013,101,minvu_permisos_viviendas_unidades_superficie_ano_comuna.download
número_casas,unidades,casa,Metropolitana,Cerro Navia,2014,200,minvu_permisos_viviendas_unidades_superficie_ano_comuna.download
número_casas,unidades,casa,Metropolitana,Cerro Navia,2015,100,minvu_permisos_viviendas_unidades_superficie_ano_comuna.download
número_casas,unidades,casa,Metropolitana,Cerro Navia,2016,182,minvu_permisos_viviendas_unidades_superficie_ano_comuna.download
número_casas,unidades,casa,Metropolitana,Cerro Navia,2017,100,minvu_permisos_viviendas_unidades_superficie_ano_comuna.download
número_casas,unidades,casa,Metropolitana,Cerro Navia,2019,65,minvu_permisos_viviendas_unidades_superficie_ano_comuna.download
número_casas,unidades,casa,Metropolitana,Cerro Navia,2020,94,minvu_permisos_viviendas_unidades_superficie_ano_comuna.download
número_casas,unidades,casa,Metropolitana,Cerro Navia,2021,54,minvu_permisos_viviendas_unidades_superficie_ano_comuna.download
número_casas,unidades,casa,Metropolitana,Cerro Navia,2022,112,minvu_permisos_viviendas_unidades_superficie_ano_comuna.download
número_casas,unidades,casa,Metropolitana,Cerro Navia,2023,72,minvu_permisos_viviendas_unidades_superficie_ano_comuna.download
número_casas,unidades,casa,Metropolitana,Cerro Navia,2026,4,minvu_permisos_viviendas_unidades_superficie_ano_comuna.download
número_casas,unidades,casa,Metropolitana,Conchalí,2002,15,minvu_permisos_viviendas_unidades_superficie_ano_comuna.download
número_casas,unidades,casa,Metropolitana,Conchalí,2003,18,minvu_permisos_viviendas_unidades_superficie_ano_comuna.download
número_casas,unidades,casa,Metropolitana,Conchalí,2004,33,minvu_permisos_viviendas_unidades_superficie_ano_comuna.download
número_casas,unidades,casa,Metropolitana,Conchalí,2005,30,minvu_permisos_viviendas_unidades_superficie_ano_comuna.download
número_casas,unidades,casa,Metropolitana,Conchalí,2006,14,minvu_permisos_viviendas_unidades_superficie_ano_comuna.download
número_casas,unidades,casa,Metropolitana,Conchalí,2007,30,minvu_permisos_viviendas_unidades_superficie_ano_comuna.download
número_casas,unidades,casa,Metropolitana,Conchalí,2008,12,minvu_permisos_viviendas_unidades_superficie_ano_comuna.download
número_casas,unidades,casa,Metropolitana,Conchalí,2009,8,minvu_permisos_viviendas_unidades_superficie_ano_comuna.download
número_casas,unidades,casa,Metropolitana,Conchalí,2010,61,minvu_permisos_viviendas_unidades_superficie_ano_comuna.download
número_casas,unidades,casa,Metropolitana,Conchalí,2011,23,minvu_permisos_viviendas_unidades_superficie_ano_comuna.download
número_casas,unidades,casa,Metropolitana,Conchalí,2012,88,minvu_permisos_viviendas_unidades_superficie_ano_comuna.download
número_casas,unidades,casa,Metropolitana,Conchalí,2013,32,minvu_permisos_viviendas_unidades_superficie_ano_comuna.download
número_casas,unidades,casa,Metropolitana,Conchalí,2014,104,minvu_permisos_viviendas_unidades_superficie_ano_comuna.download
número_casas,unidades,casa,Metropolitana,Conchalí,2015,137,minvu_permisos_viviendas_unidades_superficie_ano_comuna.download
número_casas,unidades,casa,Metropolitana,Conchalí,2016,66,minvu_permisos_viviendas_unidades_superficie_ano_comuna.download
número_casas,unidades,casa,Metropolitana,Conchalí,2017,97,minvu_permisos_viviendas_unidades_superficie_ano_comuna.download
número_casas,unidades,casa,Metropolitana,Conchalí,2019,48,minvu_permisos_viviendas_unidades_superficie_ano_comuna.download
número_casas,unidades,casa,Metropolitana,Conchalí,2020,14,minvu_permisos_viviendas_unidades_superficie_ano_comuna.download
número_casas,unidades,casa,Metropolitana,Conchalí,2021,6,minvu_permisos_viviendas_unidades_superficie_ano_comuna.download
número_casas,unidades,casa,Metropolitana,Conchalí,2022,10,minvu_permisos_viviendas_unidades_superficie_ano_comuna.download
número_casas,unidades,casa,Metropolitana,Conchalí,2023,13,minvu_permisos_viviendas_unidades_superficie_ano_comuna.download
número_casas,unidades,casa,Metropolitana,Conchalí,2026,0,minvu_permisos_viviendas_unidades_superficie_ano_comuna.download
número_casas,unidades,casa,Metropolitana,El Bosque,2002,396,minvu_permisos_viviendas_unidades_superficie_ano_comuna.download
número_casas,unidades,casa,Metropolitana,El Bosque,2003,357,minvu_permisos_viviendas_unidades_superficie_ano_comuna.download
número_casas,unidades,casa,Metropolitana,El Bosque,2004,144,minvu_permisos_viviendas_unidades_superficie_ano_comuna.download
número_casas,unidades,casa,Metropolitana,El Bosque,2005,253,minvu_permisos_viviendas_unidades_superficie_ano_comuna.download
número_casas,unidades,casa,Metropolitana,El Bosque,2006,123,minvu_permisos_viviendas_unidades_superficie_ano_comuna.download
número_casas,unidades,casa,Metropolitana,El Bosque,2007,237,minvu_permisos_viviendas_unidades_superficie_ano_comuna.download
número_casas,unidades,casa,Metropolitana,El Bosque,2008,153,minvu_permisos_viviendas_unidades_superficie_ano_comuna.download
número_casas,unidades,casa,Metropolitana,El Bosque,2009,231,minvu_permisos_viviendas_unidades_superficie_ano_comuna.download
número_casas,unidades,casa,Metropolitana,El Bosque,2010,159,minvu_permisos_viviendas_unidades_superficie_ano_comuna.download
número_casas,unidades,casa,Metropolitana,El Bosque,2011,134,minvu_permisos_viviendas_unidades_superficie_ano_comuna.download
número_casas,unidades,casa,Metropolitana,El Bosque,2012,18,minvu_permisos_viviendas_unidades_superficie_ano_comuna.download
número_casas,unidades,casa,Metropolitana,El Bosque,2013,59,minvu_permisos_viviendas_unidades_superficie_ano_comuna.download
número_casas,unidades,casa,Metropolitana,El Bosque,2014,93,minvu_permisos_viviendas_unidades_superficie_ano_comuna.download
número_casas,unidades,casa,Metropolitana,El Bosque,2015,44,minvu_permisos_viviendas_unidades_superficie_ano_comuna.download
número_casas,unidades,casa,Metropolitana,El Bosque,2016,92,minvu_permisos_viviendas_unidades_superficie_ano_comuna.download
número_casas,unidades,casa,Metropolitana,El Bosque,2017,96,minvu_permisos_viviendas_unidades_superficie_ano_comuna.download
número_casas,unidades,casa,Metropolitana,El Bosque,2019,58,minvu_permisos_viviendas_unidades_superficie_ano_comuna.download
número_casas,unidades,casa,Metropolitana,El Bosque,2020,2,minvu_permisos_viviendas_unidades_superficie_ano_comuna.download
número_casas,unidades,casa,Metropolitana,El Bosque,2021,10,minvu_permisos_viviendas_unidades_superficie_ano_comuna.download
número_casas,unidades,casa,Metropolitana,El Bosque,2022,19,minvu_permisos_viviendas_unidades_superficie_ano_comuna.download
número_casas,unidades,casa,Metropolitana,El Bosque,2023,47,minvu_permisos_viviendas_unidades_superficie_ano_comuna.download
número_casas,unidades,casa,Metropolitana,El Bosque,2026,1,minvu_permisos_viviendas_unidades_superficie_ano_comuna.download
número_casas,unidades,casa,Metropolitana,Estación Central,2002,24,minvu_permisos_viviendas_unidades_superficie_ano_comuna.download
número_casas,unidades,casa,Metropolitana,Estación Central,2003,64,minvu_permisos_viviendas_unidades_superficie_ano_comuna.download
número_casas,unidades,casa,Metropolitana,Estación Central,2004,98,minvu_permisos_viviendas_unidades_superficie_ano_comuna.download
número_casas,unidades,casa,Metropolitana,Estación Central,2005,98,minvu_permisos_viviendas_unidades_superficie_ano_comuna.download
número_casas,unidades,casa,Metropolitana,Estación Central,2006,36,minvu_permisos_viviendas_unidades_superficie_ano_comuna.download
número_casas,unidades,casa,Metropolitana,Estación Central,2007,59,minvu_permisos_viviendas_unidades_superficie_ano_comuna.download
número_casas,unidades,casa,Metropolitana,Estación Central,2008,41,minvu_permisos_viviendas_unidades_superficie_ano_comuna.download
número_casas,unidades,casa,Metropolitana,Estación Central,2009,13,minvu_permisos_viviendas_unidades_superficie_ano_comuna.download
número_casas,unidades,casa,Metropolitana,Estación Central,2010,152,minvu_permisos_viviendas_unidades_superficie_ano_comuna.download
número_casas,unidades,casa,Metropolitana,Estación Central,2011,58,minvu_permisos_viviendas_unidades_superficie_ano_comuna.download
número_casas,unidades,casa,Metropolitana,Estación Central,2012,18,minvu_permisos_viviendas_unidades_superficie_ano_comuna.download
número_casas,unidades,casa,Metropolitana,Estación Central,2013,25,minvu_permisos_viviendas_unidades_superficie_ano_comuna.download
número_casas,unidades,casa,Metropolitana,Estación Central,2014,55,minvu_permisos_viviendas_unidades_superficie_ano_comuna.download
número_casas,unidades,casa,Metropolitana,Estación Central,2015,72,minvu_permisos_viviendas_unidades_superficie_ano_comuna.download
número_casas,unidades,casa,Metropolitana,Estación Central,2016,114,minvu_permisos_viviendas_unidades_superficie_ano_comuna.download
número_casas,unidades,casa,Metropolitana,Estación Central,2017,44,minvu_permisos_viviendas_unidades_superficie_ano_comuna.download
número_casas,unidades,casa,Metropolitana,Estación Central,2019,36,minvu_permisos_viviendas_unidades_superficie_ano_comuna.download
número_casas,unidades,casa,Metropolitana,Estación Central,2020,15,minvu_permisos_viviendas_unidades_superficie_ano_comuna.download
número_casas,unidades,casa,Metropolitana,Estación Central,2021,19,minvu_permisos_viviendas_unidades_superficie_ano_comuna.download
número_casas,unidades,casa,Metropolitana,Estación Central,2022,10,minvu_permisos_viviendas_unidades_superficie_ano_comuna.download
número_casas,unidades,casa,Metropolitana,Estación Central,2023,14,minvu_permisos_viviendas_unidades_superficie_ano_comuna.download
número_casas,unidades,casa,Metropolitana,Estación Central,2026,1,minvu_permisos_viviendas_unidades_superficie_ano_comuna.download
número_casas,unidades,casa,Metropolitana,Huechuraba,2002,462,minvu_permisos_viviendas_unidades_superficie_ano_comuna.download
número_casas,unidades,casa,Metropolitana,Huechuraba,2003,275,minvu_permisos_viviendas_unidades_superficie_ano_comuna.download
número_casas,unidades,casa,Metropolitana,Huechuraba,2004,509,minvu_permisos_viviendas_unidades_superficie_ano_comuna.download
número_casas,unidades,casa,Metropolitana,Huechuraba,2005,855,minvu_permisos_viviendas_unidades_superficie_ano_comuna.download
número_casas,unidades,casa,Metropolitana,Huechuraba,2006,702,minvu_permisos_viviendas_unidades_superficie_ano_comuna.download
número_casas,unidades,casa,Metropolitana,Huechuraba,2007,401,minvu_permisos_viviendas_unidades_superficie_ano_comuna.download
número_casas,unidades,casa,Metropolitana,Huechuraba,2008,140,minvu_permisos_viviendas_unidades_superficie_ano_comuna.download
número_casas,unidades,casa,Metropolitana,Huechuraba,2009,209,minvu_permisos_viviendas_unidades_superficie_ano_comuna.download
número_casas,unidades,casa,Metropolitana,Huechuraba,2010,332,minvu_permisos_viviendas_unidades_superficie_ano_comuna.download
número_casas,unidades,casa,Metropolitana,Huechuraba,2011,166,minvu_permisos_viviendas_unidades_superficie_ano_comuna.download
número_casas,unidades,casa,Metropolitana,Huechuraba,2012,1001,minvu_permisos_viviendas_unidades_superficie_ano_comuna.download
número_casas,unidades,casa,Metropolitana,Huechuraba,2013,91,minvu_permisos_viviendas_unidades_superficie_ano_comuna.download
número_casas,unidades,casa,Metropolitana,Huechuraba,2014,221,minvu_permisos_viviendas_unidades_superficie_ano_comuna.download
número_casas,unidades,casa,Metropolitana,Huechuraba,2015,254,minvu_permisos_viviendas_unidades_superficie_ano_comuna.download
número_casas,unidades,casa,Metropolitana,Huechuraba,2016,259,minvu_permisos_viviendas_unidades_superficie_ano_comuna.download
número_casas,unidades,casa,Metropolitana,Huechuraba,2017,369,minvu_permisos_viviendas_unidades_superficie_ano_comuna.download
número_casas,unidades,casa,Metropolitana,Huechuraba,2019,10,minvu_permisos_viviendas_unidades_superficie_ano_comuna.download
número_casas,unidades,casa,Metropolitana,Huechuraba,2020,38,minvu_permisos_viviendas_unidades_superficie_ano_comuna.download
número_casas,unidades,casa,Metropolitana,Huechuraba,2021,7,minvu_permisos_viviendas_unidades_superficie_ano_comuna.download
número_casas,unidades,casa,Metropolitana,Huechuraba,2022,2,minvu_permisos_viviendas_unidades_superficie_ano_comuna.download
número_casas,unidades,casa,Metropolitana,Huechuraba,2023,137,minvu_permisos_viviendas_unidades_superficie_ano_comuna.download
número_casas,unidades,casa,Metropolitana,Huechuraba,2026,0,minvu_permisos_viviendas_unidades_superficie_ano_comuna.download
número_casas,unidades,casa,Metropolitana,Independencia,2002,2,minvu_permisos_viviendas_unidades_superficie_ano_comuna.download
número_casas,unidades,casa,Metropolitana,Independencia,2003,32,minvu_permisos_viviendas_unidades_superficie_ano_comuna.download
número_casas,unidades,casa,Metropolitana,Independencia,2004,39,minvu_permisos_viviendas_unidades_superficie_ano_comuna.download
número_casas,unidades,casa,Metropolitana,Independencia,2005,14,minvu_permisos_viviendas_unidades_superficie_ano_comuna.download
número_casas,unidades,casa,Metropolitana,Independencia,2006,13,minvu_permisos_viviendas_unidades_superficie_ano_comuna.download
número_casas,unidades,casa,Metropolitana,Independencia,2007,37,minvu_permisos_viviendas_unidades_superficie_ano_comuna.download
número_casas,unidades,casa,Metropolitana,Independencia,2008,14,minvu_permisos_viviendas_unidades_superficie_ano_comuna.download
número_casas,unidades,casa,Metropolitana,Independencia,2009,9,minvu_permisos_viviendas_unidades_superficie_ano_comuna.download
número_casas,unidades,casa,Metropolitana,Independencia,2010,11,minvu_permisos_viviendas_unidades_superficie_ano_comuna.download
número_casas,unidades,casa,Metropolitana,Independencia,2011,4,minvu_permisos_viviendas_unidades_superficie_ano_comuna.download
número_casas,unidades,casa,Metropolitana,Independencia,2012,4,minvu_permisos_viviendas_unidades_superficie_ano_comuna.download
número_casas,unidades,casa,Metropolitana,Independencia,2013,6,minvu_permisos_viviendas_unidades_superficie_ano_comuna.download
número_casas,unidades,casa,Metropolitana,Independencia,2014,6,minvu_permisos_viviendas_unidades_superficie_ano_comuna.download
número_casas,unidades,casa,Metropolitana,Independencia,2015,20,minvu_permisos_viviendas_unidades_superficie_ano_comuna.download
número_casas,unidades,casa,Metropolitana,Independencia,2016,39,minvu_permisos_viviendas_unidades_superficie_ano_comuna.download
número_casas,unidades,casa,Metropolitana,Independencia,2017,46,minvu_permisos_viviendas_unidades_superficie_ano_comuna.download
número_casas,unidades,casa,Metropolitana,Independencia,2019,38,minvu_permisos_viviendas_unidades_superficie_ano_comuna.download
número_casas,unidades,casa,Metropolitana,Independencia,2020,32,minvu_permisos_viviendas_unidades_superficie_ano_comuna.download
número_casas,unidades,casa,Metropolitana,Independencia,2021,25,minvu_permisos_viviendas_unidades_superficie_ano_comuna.download
número_casas,unidades,casa,Metropolitana,Independencia,2022,14,minvu_permisos_viviendas_unidades_superficie_ano_comuna.download
número_casas,unidades,casa,Metropolitana,Independencia,2023,7,minvu_permisos_viviendas_unidades_superficie_ano_comuna.download
número_casas,unidades,casa,Metropolitana,Independencia,2026,2,minvu_permisos_viviendas_unidades_superficie_ano_comuna.download
número_casas,unidades,casa,Metropolitana,La Cisterna,2002,19,minvu_permisos_viviendas_unidades_superficie_ano_comuna.download
número_casas,unidades,casa,Metropolitana,La Cisterna,2003,39,minvu_permisos_viviendas_unidades_superficie_ano_comuna.download
número_casas,unidades,casa,Metropolitana,La Cisterna,2004,19,minvu_permisos_viviendas_unidades_superficie_ano_comuna.download
número_casas,unidades,casa,Metropolitana,La Cisterna,2005,74,minvu_permisos_viviendas_unidades_superficie_ano_comuna.download
número_casas,unidades,casa,Metropolitana,La Cisterna,2006,45,minvu_permisos_viviendas_unidades_superficie_ano_comuna.download
número_casas,unidades,casa,Metropolitana,La Cisterna,2007,97,minvu_permisos_viviendas_unidades_superficie_ano_comuna.download
número_casas,unidades,casa,Metropolitana,La Cisterna,2008,60,minvu_permisos_viviendas_unidades_superficie_ano_comuna.download
número_casas,unidades,casa,Metropolitana,La Cisterna,2009,42,minvu_permisos_viviendas_unidades_superficie_ano_comuna.download
número_casas,unidades,casa,Metropolitana,La Cisterna,2010,34,minvu_permisos_viviendas_unidades_superficie_ano_comuna.download
número_casas,unidades,casa,Metropolitana,La Cisterna,2011,18,minvu_permisos_viviendas_unidades_superficie_ano_comuna.download
número_casas,unidades,casa,Metropolitana,La Cisterna,2012,18,minvu_permisos_viviendas_unidades_superficie_ano_comuna.download
número_casas,unidades,casa,Metropolitana,La Cisterna,2013,21,minvu_permisos_viviendas_unidades_superficie_ano_comuna.download
número_casas,unidades,casa,Metropolitana,La Cisterna,2014,37,minvu_permisos_viviendas_unidades_superficie_ano_comuna.download
número_casas,unidades,casa,Metropolitana,La Cisterna,2015,106,minvu_permisos_viviendas_unidades_superficie_ano_comuna.download
número_casas,unidades,casa,Metropolitana,La Cisterna,2016,70,minvu_permisos_viviendas_unidades_superficie_ano_comuna.download
número_casas,unidades,casa,Metropolitana,La Cisterna,2017,90,minvu_permisos_viviendas_unidades_superficie_ano_comuna.download
número_casas,unidades,casa,Metropolitana,La Cisterna,2019,46,minvu_permisos_viviendas_unidades_superficie_ano_comuna.download
número_casas,unidades,casa,Metropolitana,La Cisterna,2020,18,minvu_permisos_viviendas_unidades_superficie_ano_comuna.download
número_casas,unidades,casa,Metropolitana,La Cisterna,2021,22,minvu_permisos_viviendas_unidades_superficie_ano_comuna.download
número_casas,unidades,casa,Metropolitana,La Cisterna,2022,38,minvu_permisos_viviendas_unidades_superficie_ano_comuna.download
número_casas,unidades,casa,Metropolitana,La Cisterna,2023,27,minvu_permisos_viviendas_unidades_superficie_ano_comuna.download
número_casas,unidades,casa,Metropolitana,La Cisterna,2026,1,minvu_permisos_viviendas_unidades_superficie_ano_comuna.download
número_casas,unidades,casa,Metropolitana,La Florida,2002,59,minvu_permisos_viviendas_unidades_superficie_ano_comuna.download
número_casas,unidades,casa,Metropolitana,La Florida,2003,902,minvu_permisos_viviendas_unidades_superficie_ano_comuna.download
número_casas,unidades,casa,Metropolitana,La Florida,2004,896,minvu_permisos_viviendas_unidades_superficie_ano_comuna.download
número_casas,unidades,casa,Metropolitana,La Florida,2005,605,minvu_permisos_viviendas_unidades_superficie_ano_comuna.download
número_casas,unidades,casa,Metropolitana,La Florida,2006,220,minvu_permisos_viviendas_unidades_superficie_ano_comuna.download
número_casas,unidades,casa,Metropolitana,La Florida,2007,403,minvu_permisos_viviendas_unidades_superficie_ano_comuna.download
número_casas,unidades,casa,Metropolitana,La Florida,2008,441,minvu_permisos_viviendas_unidades_superficie_ano_comuna.download
número_casas,unidades,casa,Metropolitana,La Florida,2009,152,minvu_permisos_viviendas_unidades_superficie_ano_comuna.download
número_casas,unidades,casa,Metropolitana,La Florida,2010,132,minvu_permisos_viviendas_unidades_superficie_ano_comuna.download
número_casas,unidades,casa,Metropolitana,La Florida,2011,124,minvu_permisos_viviendas_unidades_superficie_ano_comuna.download
número_casas,unidades,casa,Metropolitana,La Florida,2012,423,minvu_permisos_viviendas_unidades_superficie_ano_comuna.download
número_casas,unidades,casa,Metropolitana,La Florida,2013,107,minvu_permisos_viviendas_unidades_superficie_ano_comuna.download
número_casas,unidades,casa,Metropolitana,La Florida,2014,167,minvu_permisos_viviendas_unidades_superficie_ano_comuna.download
número_casas,unidades,casa,Metropolitana,La Florida,2015,159,minvu_permisos_viviendas_unidades_superficie_ano_comuna.download
número_casas,unidades,casa,Metropolitana,La Florida,2016,184,minvu_permisos_viviendas_unidades_superficie_ano_comuna.download
número_casas,unidades,casa,Metropolitana,La Florida,2017,160,minvu_permisos_viviendas_unidades_superficie_ano_comuna.download
número_casas,unidades,casa,Metropolitana,La Florida,2019,178,minvu_permisos_viviendas_unidades_superficie_ano_comuna.download
número_casas,unidades,casa,Metropolitana,La Florida,2020,75,minvu_permisos_viviendas_unidades_superficie_ano_comuna.download
número_casas,unidades,casa,Metropolitana,La Florida,2021,57,minvu_permisos_viviendas_unidades_superficie_ano_comuna.download
número_casas,unidades,casa,Metropolitana,La Florida,2022,22,minvu_permisos_viviendas_unidades_superficie_ano_comuna.download
número_casas,unidades,casa,Metropolitana,La Florida,2023,30,minvu_permisos_viviendas_unidades_superficie_ano_comuna.download
número_casas,unidades,casa,Metropolitana,La Florida,2026,146,minvu_permisos_viviendas_unidades_superficie_ano_comuna.download
número_casas,unidades,casa,Metropolitana,La Granja,2002,15,minvu_permisos_viviendas_unidades_superficie_ano_comuna.download
número_casas,unidades,casa,Metropolitana,La Granja,2003,27,minvu_permisos_viviendas_unidades_superficie_ano_comuna.download
número_casas,unidades,casa,Metropolitana,La Granja,2004,25,minvu_permisos_viviendas_unidades_superficie_ano_comuna.download
número_casas,unidades,casa,Metropolitana,La Granja,2005,13,minvu_permisos_viviendas_unidades_superficie_ano_comuna.download
número_casas,unidades,casa,Metropolitana,La Granja,2006,12,minvu_permisos_viviendas_unidades_superficie_ano_comuna.download
número_casas,unidades,casa,Metropolitana,La Granja,2007,28,minvu_permisos_viviendas_unidades_superficie_ano_comuna.download
número_casas,unidades,casa,Metropolitana,La Granja,2008,24,minvu_permisos_viviendas_unidades_superficie_ano_comuna.download
número_casas,unidades,casa,Metropolitana,La Granja,2009,70,minvu_permisos_viviendas_unidades_superficie_ano_comuna.download
número_casas,unidades,casa,Metropolitana,La Granja,2010,50,minvu_permisos_viviendas_unidades_superficie_ano_comuna.download
número_casas,unidades,casa,Metropolitana,La Granja,2011,44,minvu_permisos_viviendas_unidades_superficie_ano_comuna.download
número_casas,unidades,casa,Metropolitana,La Granja,2012,11,minvu_permisos_viviendas_unidades_superficie_ano_comuna.download
número_casas,unidades,casa,Metropolitana,La Granja,2013,29,minvu_permisos_viviendas_unidades_superficie_ano_comuna.download
número_casas,unidades,casa,Metropolitana,La Granja,2014,12,minvu_permisos_viviendas_unidades_superficie_ano_comuna.download
número_casas,unidades,casa,Metropolitana,La Granja,2015,25,minvu_permisos_viviendas_unidades_superficie_ano_comuna.download
número_casas,unidades,casa,Metropolitana,La Granja,2016,26,minvu_permisos_viviendas_unidades_superficie_ano_comuna.download
número_casas,unidades,casa,Metropolitana,La Granja,2017,38,minvu_permisos_viviendas_unidades_superficie_ano_comuna.download
número_casas,unidades,casa,Metropolitana,La Granja,2019,20,minvu_permisos_viviendas_unidades_superficie_ano_comuna.download
número_casas,unidades,casa,Metropolitana,La Granja,2020,8,minvu_permisos_viviendas_unidades_superficie_ano_comuna.download
número_casas,unidades,casa,Metropolitana,La Granja,2021,13,minvu_permisos_viviendas_unidades_superficie_ano_comuna.download
número_casas,unidades,casa,Metropolitana,La Granja,2022,7,minvu_permisos_viviendas_unidades_superficie_ano_comuna.download
número_casas,unidades,casa,Metropolitana,La Granja,2023,4,minvu_permisos_viviendas_unidades_superficie_ano_comuna.download
número_casas,unidades,casa,Metropolitana,La Granja,2026,2,minvu_permisos_viviendas_unidades_superficie_ano_comuna.download
número_casas,unidades,casa,Metropolitana,La Pintana,2002,284,minvu_permisos_viviendas_unidades_superficie_ano_comuna.download
número_casas,unidades,casa,Metropolitana,La Pintana,2003,50,minvu_permisos_viviendas_unidades_superficie_ano_comuna.download
número_casas,unidades,casa,Metropolitana,La Pintana,2004,426,minvu_permisos_viviendas_unidades_superficie_ano_comuna.download
número_casas,unidades,casa,Metropolitana,La Pintana,2005,605,minvu_permisos_viviendas_unidades_superficie_ano_comuna.download
número_casas,unidades,casa,Metropolitana,La Pintana,2006,884,minvu_permisos_viviendas_unidades_superficie_ano_comuna.download
número_casas,unidades,casa,Metropolitana,La Pintana,2007,688,minvu_permisos_viviendas_unidades_superficie_ano_comuna.download
número_casas,unidades,casa,Metropolitana,La Pintana,2008,186,minvu_permisos_viviendas_unidades_superficie_ano_comuna.download
número_casas,unidades,casa,Metropolitana,La Pintana,2009,289,minvu_permisos_viviendas_unidades_superficie_ano_comuna.download
número_casas,unidades,casa,Metropolitana,La Pintana,2010,1441,minvu_permisos_viviendas_unidades_superficie_ano_comuna.download
número_casas,unidades,casa,Metropolitana,La Pintana,2011,44,minvu_permisos_viviendas_unidades_superficie_ano_comuna.download
número_casas,unidades,casa,Metropolitana,La Pintana,2012,31,minvu_permisos_viviendas_unidades_superficie_ano_comuna.download
número_casas,unidades,casa,Metropolitana,La Pintana,2013,47,minvu_permisos_viviendas_unidades_superficie_ano_comuna.download
número_casas,unidades,casa,Metropolitana,La Pintana,2014,12,minvu_permisos_viviendas_unidades_superficie_ano_comuna.download
número_casas,unidades,casa,Metropolitana,La Pintana,2015,52,minvu_permisos_viviendas_unidades_superficie_ano_comuna.download
número_casas,unidades,casa,Metropolitana,La Pintana,2016,56,minvu_permisos_viviendas_unidades_superficie_ano_comuna.download
número_casas,unidades,casa,Metropolitana,La Pintana,2017,395,minvu_permisos_viviendas_unidades_superficie_ano_comuna.download
número_casas,unidades,casa,Metropolitana,La Pintana,2019,619,minvu_permisos_viviendas_unidades_superficie_ano_comuna.download
número_casas,unidades,casa,Metropolitana,La Pintana,2020,28,minvu_permisos_viviendas_unidades_superficie_ano_comuna.download
número_casas,unidades,casa,Metropolitana,La Pintana,2021,196,minvu_permisos_viviendas_unidades_superficie_ano_comuna.download
número_casas,unidades,casa,Metropolitana,La Pintana,2022,1213,minvu_permisos_viviendas_unidades_superficie_ano_comuna.download
número_casas,unidades,casa,Metropolitana,La Pintana,2023,6,minvu_permisos_viviendas_unidades_superficie_ano_comuna.download
número_casas,unidades,casa,Metropolitana,La Pintana,2026,1171,minvu_permisos_viviendas_unidades_superficie_ano_comuna.download
número_casas,unidades,casa,Metropolitana,La Reina,2002,101,minvu_permisos_viviendas_unidades_superficie_ano_comuna.download
número_casas,unidades,casa,Metropolitana,La Reina,2003,211,minvu_permisos_viviendas_unidades_superficie_ano_comuna.download
número_casas,unidades,casa,Metropolitana,La Reina,2004,241,minvu_permisos_viviendas_unidades_superficie_ano_comuna.download
número_casas,unidades,casa,Metropolitana,La Reina,2005,354,minvu_permisos_viviendas_unidades_superficie_ano_comuna.download
número_casas,unidades,casa,Metropolitana,La Reina,2006,205,minvu_permisos_viviendas_unidades_superficie_ano_comuna.download
número_casas,unidades,casa,Metropolitana,La Reina,2007,157,minvu_permisos_viviendas_unidades_superficie_ano_comuna.download
número_casas,unidades,casa,Metropolitana,La Reina,2008,97,minvu_permisos_viviendas_unidades_superficie_ano_comuna.download
número_casas,unidades,casa,Metropolitana,La Reina,2009,218,minvu_permisos_viviendas_unidades_superficie_ano_comuna.download
número_casas,unidades,casa,Metropolitana,La Reina,2010,104,minvu_permisos_viviendas_unidades_superficie_ano_comuna.download
número_casas,unidades,casa,Metropolitana,La Reina,2011,211,minvu_permisos_viviendas_unidades_superficie_ano_comuna.download
número_casas,unidades,casa,Metropolitana,La Reina,2012,201,minvu_permisos_viviendas_unidades_superficie_ano_comuna.download
número_casas,unidades,casa,Metropolitana,La Reina,2013,134,minvu_permisos_viviendas_unidades_superficie_ano_comuna.download
número_casas,unidades,casa,Metropolitana,La Reina,2014,192,minvu_permisos_viviendas_unidades_superficie_ano_comuna.download
número_casas,unidades,casa,Metropolitana,La Reina,2015,165,minvu_permisos_viviendas_unidades_superficie_ano_comuna.download
número_casas,unidades,casa,Metropolitana,La Reina,2016,160,minvu_permisos_viviendas_unidades_superficie_ano_comuna.download
número_casas,unidades,casa,Metropolitana,La Reina,2017,39,minvu_permisos_viviendas_unidades_superficie_ano_comuna.download
número_casas,unidades,casa,Metropolitana,La Reina,2019,52,minvu_permisos_viviendas_unidades_superficie_ano_comuna.download
número_casas,unidades,casa,Metropolitana,La Reina,2020,30,minvu_permisos_viviendas_unidades_superficie_ano_comuna.download
número_casas,unidades,casa,Metropolitana,La Reina,2021,14,minvu_permisos_viviendas_unidades_superficie_ano_comuna.download
número_casas,unidades,casa,Metropolitana,La Reina,2022,23,minvu_permisos_viviendas_unidades_superficie_ano_comuna.download
número_casas,unidades,casa,Metropolitana,La Reina,2023,40,minvu_permisos_viviendas_unidades_superficie_ano_comuna.download
número_casas,unidades,casa,Metropolitana,La Reina,2026,1,minvu_permisos_viviendas_unidades_superficie_ano_comuna.download
número_casas,unidades,casa,Metropolitana,Las Condes,2002,198,minvu_permisos_viviendas_unidades_superficie_ano_comuna.download
número_casas,unidades,casa,Metropolitana,Las Condes,2003,291,minvu_permisos_viviendas_unidades_superficie_ano_comuna.download
número_casas,unidades,casa,Metropolitana,Las Condes,2004,555,minvu_permisos_viviendas_unidades_superficie_ano_comuna.download
número_casas,unidades,casa,Metropolitana,Las Condes,2005,453,minvu_permisos_viviendas_unidades_superficie_ano_comuna.download
número_casas,unidades,casa,Metropolitana,Las Condes,2006,273,minvu_permisos_viviendas_unidades_superficie_ano_comuna.download
número_casas,unidades,casa,Metropolitana,Las Condes,2007,416,minvu_permisos_viviendas_unidades_superficie_ano_comuna.download
número_casas,unidades,casa,Metropolitana,Las Condes,2008,114,minvu_permisos_viviendas_unidades_superficie_ano_comuna.download
número_casas,unidades,casa,Metropolitana,Las Condes,2009,253,minvu_permisos_viviendas_unidades_superficie_ano_comuna.download
número_casas,unidades,casa,Metropolitana,Las Condes,2010,82,minvu_permisos_viviendas_unidades_superficie_ano_comuna.download
número_casas,unidades,casa,Metropolitana,Las Condes,2011,133,minvu_permisos_viviendas_unidades_superficie_ano_comuna.download
número_casas,unidades,casa,Metropolitana,Las Condes,2012,183,minvu_permisos_viviendas_unidades_superficie_ano_comuna.download
número_casas,unidades,casa,Metropolitana,Las Condes,2013,192,minvu_permisos_viviendas_unidades_superficie_ano_comuna.download
número_casas,unidades,casa,Metropolitana,Las Condes,2014,136,minvu_permisos_viviendas_unidades_superficie_ano_comuna.download
número_casas,unidades,casa,Metropolitana,Las Condes,2015,80,minvu_permisos_viviendas_unidades_superficie_ano_comuna.download
número_casas,unidades,casa,Metropolitana,Las Condes,2016,56,minvu_permisos_viviendas_unidades_superficie_ano_comuna.download
número_casas,unidades,casa,Metropolitana,Las Condes,2017,80,minvu_permisos_viviendas_unidades_superficie_ano_comuna.download
número_casas,unidades,casa,Metropolitana,Las Condes,2019,213,minvu_permisos_viviendas_unidades_superficie_ano_comuna.download
número_casas,unidades,casa,Metropolitana,Las Condes,2020,98,minvu_permisos_viviendas_unidades_superficie_ano_comuna.download
número_casas,unidades,casa,Metropolitana,Las Condes,2021,178,minvu_permisos_viviendas_unidades_superficie_ano_comuna.download
número_casas,unidades,casa,Metropolitana,Las Condes,2022,191,minvu_permisos_viviendas_unidades_superficie_ano_comuna.download
número_casas,unidades,casa,Metropolitana,Las Condes,2023,42,minvu_permisos_viviendas_unidades_superficie_ano_comuna.download
número_casas,unidades,casa,Metropolitana,Las Condes,2026,1,minvu_permisos_viviendas_unidades_superficie_ano_comuna.download
número_casas,unidades,casa,Metropolitana,Lo Barnechea,2002,927,minvu_permisos_viviendas_unidades_superficie_ano_comuna.download
número_casas,unidades,casa,Metropolitana,Lo Barnechea,2003,2205,minvu_permisos_viviendas_unidades_superficie_ano_comuna.download
número_casas,unidades,casa,Metropolitana,Lo Barnechea,2004,409,minvu_permisos_viviendas_unidades_superficie_ano_comuna.download
número_casas,unidades,casa,Metropolitana,Lo Barnechea,2005,245,minvu_permisos_viviendas_unidades_superficie_ano_comuna.download
número_casas,unidades,casa,Metropolitana,Lo Barnechea,2006,228,minvu_permisos_viviendas_unidades_superficie_ano_comuna.download
número_casas,unidades,casa,Metropolitana,Lo Barnechea,2007,441,minvu_permisos_viviendas_unidades_superficie_ano_comuna.download
número_casas,unidades,casa,Metropolitana,Lo Barnechea,2008,367,minvu_permisos_viviendas_unidades_superficie_ano_comuna.download
número_casas,unidades,casa,Metropolitana,Lo Barnechea,2009,683,minvu_permisos_viviendas_unidades_superficie_ano_comuna.download
número_casas,unidades,casa,Metropolitana,Lo Barnechea,2010,304,minvu_permisos_viviendas_unidades_superficie_ano_comuna.download
número_casas,unidades,casa,Metropolitana,Lo Barnechea,2011,209,minvu_permisos_viviendas_unidades_superficie_ano_comuna.download
número_casas,unidades,casa,Metropolitana,Lo Barnechea,2012,344,minvu_permisos_viviendas_unidades_superficie_ano_comuna.download
número_casas,unidades,casa,Metropolitana,Lo Barnechea,2013,426,minvu_permisos_viviendas_unidades_superficie_ano_comuna.download
número_casas,unidades,casa,Metropolitana,Lo Barnechea,2014,119,minvu_permisos_viviendas_unidades_superficie_ano_comuna.download
número_casas,unidades,casa,Metropolitana,Lo Barnechea,2015,319,minvu_permisos_viviendas_unidades_superficie_ano_comuna.download
número_casas,unidades,casa,Metropolitana,Lo Barnechea,2016,111,minvu_permisos_viviendas_unidades_superficie_ano_comuna.download
número_casas,unidades,casa,Metropolitana,Lo Barnechea,2017,196,minvu_permisos_viviendas_unidades_superficie_ano_comuna.download
número_casas,unidades,casa,Metropolitana,Lo Barnechea,2019,254,minvu_permisos_viviendas_unidades_superficie_ano_comuna.download
número_casas,unidades,casa,Metropolitana,Lo Barnechea,2020,28,minvu_permisos_viviendas_unidades_superficie_ano_comuna.download
número_casas,unidades,casa,Metropolitana,Lo Barnechea,2021,133,minvu_permisos_viviendas_unidades_superficie_ano_comuna.download
número_casas,unidades,casa,Metropolitana,Lo Barnechea,2022,174,minvu_permisos_viviendas_unidades_superficie_ano_comuna.download
número_casas,unidades,casa,Metropolitana,Lo Barnechea,2023,276,minvu_permisos_viviendas_unidades_superficie_ano_comuna.download
número_casas,unidades,casa,Metropolitana,Lo Barnechea,2026,24,minvu_permisos_viviendas_unidades_superficie_ano_comuna.download
número_casas,unidades,casa,Metropolitana,Lo Espejo,2002,4,minvu_permisos_viviendas_unidades_superficie_ano_comuna.download
número_casas,unidades,casa,Metropolitana,Lo Espejo,2003,1,minvu_permisos_viviendas_unidades_superficie_ano_comuna.download
número_casas,unidades,casa,Metropolitana,Lo Espejo,2004,37,minvu_permisos_viviendas_unidades_superficie_ano_comuna.download
número_casas,unidades,casa,Metropolitana,Lo Espejo,2005,25,minvu_permisos_viviendas_unidades_superficie_ano_comuna.download
número_casas,unidades,casa,Metropolitana,Lo Espejo,2006,58,minvu_permisos_viviendas_unidades_superficie_ano_comuna.download
número_casas,unidades,casa,Metropolitana,Lo Espejo,2007,57,minvu_permisos_viviendas_unidades_superficie_ano_comuna.download
número_casas,unidades,casa,Metropolitana,Lo Espejo,2008,43,minvu_permisos_viviendas_unidades_superficie_ano_comuna.download
número_casas,unidades,casa,Metropolitana,Lo Espejo,2009,298,minvu_permisos_viviendas_unidades_superficie_ano_comuna.download
número_casas,unidades,casa,Metropolitana,Lo Espejo,2010,1,minvu_permisos_viviendas_unidades_superficie_ano_comuna.download
número_casas,unidades,casa,Metropolitana,Lo Espejo,2011,47,minvu_permisos_viviendas_unidades_superficie_ano_comuna.download
número_casas,unidades,casa,Metropolitana,Lo Espejo,2012,7,minvu_permisos_viviendas_unidades_superficie_ano_comuna.download
número_casas,unidades,casa,Metropolitana,Lo Espejo,2013,4,minvu_permisos_viviendas_unidades_superficie_ano_comuna.download
número_casas,unidades,casa,Metropolitana,Lo Espejo,2014,1,minvu_permisos_viviendas_unidades_superficie_ano_comuna.download
número_casas,unidades,casa,Metropolitana,Lo Espejo,2015,37,minvu_permisos_viviendas_unidades_superficie_ano_comuna.download
número_casas,unidades,casa,Metropolitana,Lo Espejo,2016,24,minvu_permisos_viviendas_unidades_superficie_ano_comuna.download
número_casas,unidades,casa,Metropolitana,Lo Espejo,2017,0,minvu_permisos_viviendas_unidades_superficie_ano_comuna.download
número_casas,unidades,casa,Metropolitana,Lo Espejo,2019,10,minvu_permisos_viviendas_unidades_superficie_ano_comuna.download
número_casas,unidades,casa,Metropolitana,Lo Espejo,2020,1,minvu_permisos_viviendas_unidades_superficie_ano_comuna.download
número_casas,unidades,casa,Metropolitana,Lo Espejo,2021,1,minvu_permisos_viviendas_unidades_superficie_ano_comuna.download
número_casas,unidades,casa,Metropolitana,Lo Espejo,2022,5,minvu_permisos_viviendas_unidades_superficie_ano_comuna.download
número_casas,unidades,casa,Metropolitana,Lo Espejo,2023,18,minvu_permisos_viviendas_unidades_superficie_ano_comuna.download
número_casas,unidades,casa,Metropolitana,Lo Espejo,2026,1,minvu_permisos_viviendas_unidades_superficie_ano_comuna.download
número_casas,unidades,casa,Metropolitana,Lo Prado,2002,29,minvu_permisos_viviendas_unidades_superficie_ano_comuna.download
número_casas,unidades,casa,Metropolitana,Lo Prado,2003,91,minvu_permisos_viviendas_unidades_superficie_ano_comuna.download
número_casas,unidades,casa,Metropolitana,Lo Prado,2004,23,minvu_permisos_viviendas_unidades_superficie_ano_comuna.download
número_casas,unidades,casa,Metropolitana,Lo Prado,2005,89,minvu_permisos_viviendas_unidades_superficie_ano_comuna.download
número_casas,unidades,casa,Metropolitana,Lo Prado,2006,13,minvu_permisos_viviendas_unidades_superficie_ano_comuna.download
número_casas,unidades,casa,Metropolitana,Lo Prado,2007,32,minvu_permisos_viviendas_unidades_superficie_ano_comuna.download
número_casas,unidades,casa,Metropolitana,Lo Prado,2008,7,minvu_permisos_viviendas_unidades_superficie_ano_comuna.download
número_casas,unidades,casa,Metropolitana,Lo Prado,2009,5,minvu_permisos_viviendas_unidades_superficie_ano_comuna.download
número_casas,unidades,casa,Metropolitana,Lo Prado,2010,5,minvu_permisos_viviendas_unidades_superficie_ano_comuna.download
número_casas,unidades,casa,Metropolitana,Lo Prado,2011,19,minvu_permisos_viviendas_unidades_superficie_ano_comuna.download
número_casas,unidades,casa,Metropolitana,Lo Prado,2012,13,minvu_permisos_viviendas_unidades_superficie_ano_comuna.download
número_casas,unidades,casa,Metropolitana,Lo Prado,2013,9,minvu_permisos_viviendas_unidades_superficie_ano_comuna.download
número_casas,unidades,casa,Metropolitana,Lo Prado,2014,14,minvu_permisos_viviendas_unidades_superficie_ano_comuna.download
número_casas,unidades,casa,Metropolitana,Lo Prado,2015,21,minvu_permisos_viviendas_unidades_superficie_ano_comuna.download
número_casas,unidades,casa,Metropolitana,Lo Prado,2016,67,minvu_permisos_viviendas_unidades_superficie_ano_comuna.download
número_casas,unidades,casa,Metropolitana,Lo Prado,2017,61,minvu_permisos_viviendas_unidades_superficie_ano_comuna.download
número_casas,unidades,casa,Metropolitana,Lo Prado,2019,92,minvu_permisos_viviendas_unidades_superficie_ano_comuna.download
número_casas,unidades,casa,Metropolitana,Lo Prado,2020,29,minvu_permisos_viviendas_unidades_superficie_ano_comuna.download
número_casas,unidades,casa,Metropolitana,Lo Prado,2021,18,minvu_permisos_viviendas_unidades_superficie_ano_comuna.download
número_casas,unidades,casa,Metropolitana,Lo Prado,2022,28,minvu_permisos_viviendas_unidades_superficie_ano_comuna.download
número_casas,unidades,casa,Metropolitana,Lo Prado,2023,13,minvu_permisos_viviendas_unidades_superficie_ano_comuna.download
número_casas,unidades,casa,Metropolitana,Lo Prado,2026,4,minvu_permisos_viviendas_unidades_superficie_ano_comuna.download
número_casas,unidades,casa,Metropolitana,Macul,2002,50,minvu_permisos_viviendas_unidades_superficie_ano_comuna.download
número_casas,unidades,casa,Metropolitana,Macul,2003,36,minvu_permisos_viviendas_unidades_superficie_ano_comuna.download
número_casas,unidades,casa,Metropolitana,Macul,2004,41,minvu_permisos_viviendas_unidades_superficie_ano_comuna.download
número_casas,unidades,casa,Metropolitana,Macul,2005,91,minvu_permisos_viviendas_unidades_superficie_ano_comuna.download
número_casas,unidades,casa,Metropolitana,Macul,2006,31,minvu_permisos_viviendas_unidades_superficie_ano_comuna.download
número_casas,unidades,casa,Metropolitana,Macul,2007,13,minvu_permisos_viviendas_unidades_superficie_ano_comuna.download
número_casas,unidades,casa,Metropolitana,Macul,2008,43,minvu_permisos_viviendas_unidades_superficie_ano_comuna.download
número_casas,unidades,casa,Metropolitana,Macul,2009,2,minvu_permisos_viviendas_unidades_superficie_ano_comuna.download
número_casas,unidades,casa,Metropolitana,Macul,2010,14,minvu_permisos_viviendas_unidades_superficie_ano_comuna.download
número_casas,unidades,casa,Metropolitana,Macul,2011,54,minvu_permisos_viviendas_unidades_superficie_ano_comuna.download
número_casas,unidades,casa,Metropolitana,Macul,2012,12,minvu_permisos_viviendas_unidades_superficie_ano_comuna.download
número_casas,unidades,casa,Metropolitana,Macul,2013,7,minvu_permisos_viviendas_unidades_superficie_ano_comuna.download
número_casas,unidades,casa,Metropolitana,Macul,2014,64,minvu_permisos_viviendas_unidades_superficie_ano_comuna.download
número_casas,unidades,casa,Metropolitana,Macul,2015,30,minvu_permisos_viviendas_unidades_superficie_ano_comuna.download
número_casas,unidades,casa,Metropolitana,Macul,2016,57,minvu_permisos_viviendas_unidades_superficie_ano_comuna.download
número_casas,unidades,casa,Metropolitana,Macul,2017,49,minvu_permisos_viviendas_unidades_superficie_ano_comuna.download
número_casas,unidades,casa,Metropolitana,Macul,2019,20,minvu_permisos_viviendas_unidades_superficie_ano_comuna.download
número_casas,unidades,casa,Metropolitana,Macul,2020,5,minvu_permisos_viviendas_unidades_superficie_ano_comuna.download
número_casas,unidades,casa,Metropolitana,Macul,2021,3,minvu_permisos_viviendas_unidades_superficie_ano_comuna.download
número_casas,unidades,casa,Metropolitana,Macul,2022,0,minvu_permisos_viviendas_unidades_superficie_ano_comuna.download
número_casas,unidades,casa,Metropolitana,Macul,2023,1,minvu_permisos_viviendas_unidades_superficie_ano_comuna.download
número_casas,unidades,casa,Metropolitana,Macul,2026,0,minvu_permisos_viviendas_unidades_superficie_ano_comuna.download
número_casas,unidades,casa,Metropolitana,Maipú,2002,4119,minvu_permisos_viviendas_unidades_superficie_ano_comuna.download
número_casas,unidades,casa,Metropolitana,Maipú,2003,3047,minvu_permisos_viviendas_unidades_superficie_ano_comuna.download
número_casas,unidades,casa,Metropolitana,Maipú,2004,4600,minvu_permisos_viviendas_unidades_superficie_ano_comuna.download
número_casas,unidades,casa,Metropolitana,Maipú,2005,8017,minvu_permisos_viviendas_unidades_superficie_ano_comuna.download
número_casas,unidades,casa,Metropolitana,Maipú,2006,8436,minvu_permisos_viviendas_unidades_superficie_ano_comuna.download
número_casas,unidades,casa,Metropolitana,Maipú,2007,3527,minvu_permisos_viviendas_unidades_superficie_ano_comuna.download
número_casas,unidades,casa,Metropolitana,Maipú,2008,1411,minvu_permisos_viviendas_unidades_superficie_ano_comuna.download
número_casas,unidades,casa,Metropolitana,Maipú,2009,1211,minvu_permisos_viviendas_unidades_superficie_ano_comuna.download
número_casas,unidades,casa,Metropolitana,Maipú,2010,439,minvu_permisos_viviendas_unidades_superficie_ano_comuna.download
número_casas,unidades,casa,Metropolitana,Maipú,2011,771,minvu_permisos_viviendas_unidades_superficie_ano_comuna.download
número_casas,unidades,casa,Metropolitana,Maipú,2012,577,minvu_permisos_viviendas_unidades_superficie_ano_comuna.download
número_casas,unidades,casa,Metropolitana,Maipú,2013,624,minvu_permisos_viviendas_unidades_superficie_ano_comuna.download
número_casas,unidades,casa,Metropolitana,Maipú,2014,490,minvu_permisos_viviendas_unidades_superficie_ano_comuna.download
número_casas,unidades,casa,Metropolitana,Maipú,2015,505,minvu_permisos_viviendas_unidades_superficie_ano_comuna.download
número_casas,unidades,casa,Metropolitana,Maipú,2016,477,minvu_permisos_viviendas_unidades_superficie_ano_comuna.download
número_casas,unidades,casa,Metropolitana,Maipú,2017,732,minvu_permisos_viviendas_unidades_superficie_ano_comuna.download
número_casas,unidades,casa,Metropolitana,Maipú,2019,275,minvu_permisos_viviendas_unidades_superficie_ano_comuna.download
número_casas,unidades,casa,Metropolitana,Maipú,2020,308,minvu_permisos_viviendas_unidades_superficie_ano_comuna.download
número_casas,unidades,casa,Metropolitana,Maipú,2021,70,minvu_permisos_viviendas_unidades_superficie_ano_comuna.download
número_casas,unidades,casa,Metropolitana,Maipú,2022,15,minvu_permisos_viviendas_unidades_superficie_ano_comuna.download
número_casas,unidades,casa,Metropolitana,Maipú,2023,35,minvu_permisos_viviendas_unidades_superficie_ano_comuna.download
número_casas,unidades,casa,Metropolitana,Maipú,2026,0,minvu_permisos_viviendas_unidades_superficie_ano_comuna.download
número_casas,unidades,casa,Metropolitana,Ñuñoa,2002,255,minvu_permisos_viviendas_unidades_superficie_ano_comuna.download
número_casas,unidades,casa,Metropolitana,Ñuñoa,2003,23,minvu_permisos_viviendas_unidades_superficie_ano_comuna.download
número_casas,unidades,casa,Metropolitana,Ñuñoa,2004,18,minvu_permisos_viviendas_unidades_superficie_ano_comuna.download
número_casas,unidades,casa,Metropolitana,Ñuñoa,2005,32,minvu_permisos_viviendas_unidades_superficie_ano_comuna.download
número_casas,unidades,casa,Metropolitana,Ñuñoa,2006,17,minvu_permisos_viviendas_unidades_superficie_ano_comuna.download
número_casas,unidades,casa,Metropolitana,Ñuñoa,2007,20,minvu_permisos_viviendas_unidades_superficie_ano_comuna.download
número_casas,unidades,casa,Metropolitana,Ñuñoa,2008,12,minvu_permisos_viviendas_unidades_superficie_ano_comuna.download
número_casas,unidades,casa,Metropolitana,Ñuñoa,2009,27,minvu_permisos_viviendas_unidades_superficie_ano_comuna.download
número_casas,unidades,casa,Metropolitana,Ñuñoa,2010,10,minvu_permisos_viviendas_unidades_superficie_ano_comuna.download
número_casas,unidades,casa,Metropolitana,Ñuñoa,2011,44,minvu_permisos_viviendas_unidades_superficie_ano_comuna.download
número_casas,unidades,casa,Metropolitana,Ñuñoa,2012,22,minvu_permisos_viviendas_unidades_superficie_ano_comuna.download
número_casas,unidades,casa,Metropolitana,Ñuñoa,2013,2,minvu_permisos_viviendas_unidades_superficie_ano_comuna.download
número_casas,unidades,casa,Metropolitana,Ñuñoa,2014,54,minvu_permisos_viviendas_unidades_superficie_ano_comuna.download
número_casas,unidades,casa,Metropolitana,Ñuñoa,2015,26,minvu_permisos_viviendas_unidades_superficie_ano_comuna.download
número_casas,unidades,casa,Metropolitana,Ñuñoa,2016,28,minvu_permisos_viviendas_unidades_superficie_ano_comuna.download
número_casas,unidades,casa,Metropolitana,Ñuñoa,2017,21,minvu_permisos_viviendas_unidades_superficie_ano_comuna.download
número_casas,unidades,casa,Metropolitana,Ñuñoa,2019,12,minvu_permisos_viviendas_unidades_superficie_ano_comuna.download
número_casas,unidades,casa,Metropolitana,Ñuñoa,2020,5,minvu_permisos_viviendas_unidades_superficie_ano_comuna.download
número_casas,unidades,casa,Metropolitana,Ñuñoa,2021,10,minvu_permisos_viviendas_unidades_superficie_ano_comuna.download
número_casas,unidades,casa,Metropolitana,Ñuñoa,2022,8,minvu_permisos_viviendas_unidades_superficie_ano_comuna.download
número_casas,unidades,casa,Metropolitana,Ñuñoa,2023,14,minvu_permisos_viviendas_unidades_superficie_ano_comuna.download
número_casas,unidades,casa,Metropolitana,Ñuñoa,2026,0,minvu_permisos_viviendas_unidades_superficie_ano_comuna.download
número_casas,unidades,casa,Metropolitana,Pedro Aguirre Cerda,2002,26,minvu_permisos_viviendas_unidades_superficie_ano_comuna.download
número_casas,unidades,casa,Metropolitana,Pedro Aguirre Cerda,2003,57,minvu_permisos_viviendas_unidades_superficie_ano_comuna.download
número_casas,unidades,casa,Metropolitana,Pedro Aguirre Cerda,2004,24,minvu_permisos_viviendas_unidades_superficie_ano_comuna.download
número_casas,unidades,casa,Metropolitana,Pedro Aguirre Cerda,2005,28,minvu_permisos_viviendas_unidades_superficie_ano_comuna.download
número_casas,unidades,casa,Metropolitana,Pedro Aguirre Cerda,2006,38,minvu_permisos_viviendas_unidades_superficie_ano_comuna.download
número_casas,unidades,casa,Metropolitana,Pedro Aguirre Cerda,2007,16,minvu_permisos_viviendas_unidades_superficie_ano_comuna.download
número_casas,unidades,casa,Metropolitana,Pedro Aguirre Cerda,2008,201,minvu_permisos_viviendas_unidades_superficie_ano_comuna.download
número_casas,unidades,casa,Metropolitana,Pedro Aguirre Cerda,2009,33,minvu_permisos_viviendas_unidades_superficie_ano_comuna.download
número_casas,unidades,casa,Metropolitana,Pedro Aguirre Cerda,2010,79,minvu_permisos_viviendas_unidades_superficie_ano_comuna.download
número_casas,unidades,casa,Metropolitana,Pedro Aguirre Cerda,2011,44,minvu_permisos_viviendas_unidades_superficie_ano_comuna.download
número_casas,unidades,casa,Metropolitana,Pedro Aguirre Cerda,2012,78,minvu_permisos_viviendas_unidades_superficie_ano_comuna.download
número_casas,unidades,casa,Metropolitana,Pedro Aguirre Cerda,2013,43,minvu_permisos_viviendas_unidades_superficie_ano_comuna.download
número_casas,unidades,casa,Metropolitana,Pedro Aguirre Cerda,2014,71,minvu_permisos_viviendas_unidades_superficie_ano_comuna.download
número_casas,unidades,casa,Metropolitana,Pedro Aguirre Cerda,2015,39,minvu_permisos_viviendas_unidades_superficie_ano_comuna.download
número_casas,unidades,casa,Metropolitana,Pedro Aguirre Cerda,2016,38,minvu_permisos_viviendas_unidades_superficie_ano_comuna.download
número_casas,unidades,casa,Metropolitana,Pedro Aguirre Cerda,2017,22,minvu_permisos_viviendas_unidades_superficie_ano_comuna.download
número_casas,unidades,casa,Metropolitana,Pedro Aguirre Cerda,2019,38,minvu_permisos_viviendas_unidades_superficie_ano_comuna.download
número_casas,unidades,casa,Metropolitana,Pedro Aguirre Cerda,2020,16,minvu_permisos_viviendas_unidades_superficie_ano_comuna.download
número_casas,unidades,casa,Metropolitana,Pedro Aguirre Cerda,2021,20,minvu_permisos_viviendas_unidades_superficie_ano_comuna.download
número_casas,unidades,casa,Metropolitana,Pedro Aguirre Cerda,2022,25,minvu_permisos_viviendas_unidades_superficie_ano_comuna.download
número_casas,unidades,casa,Metropolitana,Pedro Aguirre Cerda,2023,11,minvu_permisos_viviendas_unidades_superficie_ano_comuna.download
número_casas,unidades,casa,Metropolitana,Pedro Aguirre Cerda,2026,2,minvu_permisos_viviendas_unidades_superficie_ano_comuna.download
número_casas,unidades,casa,Metropolitana,Peñalolén,2002,1217,minvu_permisos_viviendas_unidades_superficie_ano_comuna.download
número_casas,unidades,casa,Metropolitana,Peñalolén,2003,455,minvu_permisos_viviendas_unidades_superficie_ano_comuna.download
número_casas,unidades,casa,Metropolitana,Peñalolén,2004,1434,minvu_permisos_viviendas_unidades_superficie_ano_comuna.download
número_casas,unidades,casa,Metropolitana,Peñalolén,2005,636,minvu_permisos_viviendas_unidades_superficie_ano_comuna.download
número_casas,unidades,casa,Metropolitana,Peñalolén,2006,1212,minvu_permisos_viviendas_unidades_superficie_ano_comuna.download
número_casas,unidades,casa,Metropolitana,Peñalolén,2007,403,minvu_permisos_viviendas_unidades_superficie_ano_comuna.download
número_casas,unidades,casa,Metropolitana,Peñalolén,2008,769,minvu_permisos_viviendas_unidades_superficie_ano_comuna.download
número_casas,unidades,casa,Metropolitana,Peñalolén,2009,598,minvu_permisos_viviendas_unidades_superficie_ano_comuna.download
número_casas,unidades,casa,Metropolitana,Peñalolén,2010,144,minvu_permisos_viviendas_unidades_superficie_ano_comuna.download
número_casas,unidades,casa,Metropolitana,Peñalolén,2011,670,minvu_permisos_viviendas_unidades_superficie_ano_comuna.download
número_casas,unidades,casa,Metropolitana,Peñalolén,2012,710,minvu_permisos_viviendas_unidades_superficie_ano_comuna.download
número_casas,unidades,casa,Metropolitana,Peñalolén,2013,444,minvu_permisos_viviendas_unidades_superficie_ano_comuna.download
número_casas,unidades,casa,Metropolitana,Peñalolén,2014,628,minvu_permisos_viviendas_unidades_superficie_ano_comuna.download
número_casas,unidades,casa,Metropolitana,Peñalolén,2015,271,minvu_permisos_viviendas_unidades_superficie_ano_comuna.download
número_casas,unidades,casa,Metropolitana,Peñalolén,2016,426,minvu_permisos_viviendas_unidades_superficie_ano_comuna.download
número_casas,unidades,casa,Metropolitana,Peñalolén,2017,271,minvu_permisos_viviendas_unidades_superficie_ano_comuna.download
número_casas,unidades,casa,Metropolitana,Peñalolén,2019,99,minvu_permisos_viviendas_unidades_superficie_ano_comuna.download
número_casas,unidades,casa,Metropolitana,Peñalolén,2020,111,minvu_permisos_viviendas_unidades_superficie_ano_comuna.download
número_casas,unidades,casa,Metropolitana,Peñalolén,2021,220,minvu_permisos_viviendas_unidades_superficie_ano_comuna.download
número_casas,unidades,casa,Metropolitana,Peñalolén,2022,282,minvu_permisos_viviendas_unidades_superficie_ano_comuna.download
número_casas,unidades,casa,Metropolitana,Peñalolén,2023,125,minvu_permisos_viviendas_unidades_superficie_ano_comuna.download
número_casas,unidades,casa,Metropolitana,Peñalolén,2026,9,minvu_permisos_viviendas_unidades_superficie_ano_comuna.download
número_casas,unidades,casa,Metropolitana,Providencia,2002,3,minvu_permisos_viviendas_unidades_superficie_ano_comuna.download
número_casas,unidades,casa,Metropolitana,Providencia,2003,3,minvu_permisos_viviendas_unidades_superficie_ano_comuna.download
número_casas,unidades,casa,Metropolitana,Providencia,2004,3,minvu_permisos_viviendas_unidades_superficie_ano_comuna.download
número_casas,unidades,casa,Metropolitana,Providencia,2005,0,minvu_permisos_viviendas_unidades_superficie_ano_comuna.download
número_casas,unidades,casa,Metropolitana,Providencia,2006,2,minvu_permisos_viviendas_unidades_superficie_ano_comuna.download
número_casas,unidades,casa,Metropolitana,Providencia,2007,3,minvu_permisos_viviendas_unidades_superficie_ano_comuna.download
número_casas,unidades,casa,Metropolitana,Providencia,2008,1,minvu_permisos_viviendas_unidades_superficie_ano_comuna.download
número_casas,unidades,casa,Metropolitana,Providencia,2009,4,minvu_permisos_viviendas_unidades_superficie_ano_comuna.download
número_casas,unidades,casa,Metropolitana,Providencia,2010,4,minvu_permisos_viviendas_unidades_superficie_ano_comuna.download
número_casas,unidades,casa,Metropolitana,Providencia,2011,3,minvu_permisos_viviendas_unidades_superficie_ano_comuna.download
número_casas,unidades,casa,Metropolitana,Providencia,2012,0,minvu_permisos_viviendas_unidades_superficie_ano_comuna.download
número_casas,unidades,casa,Metropolitana,Providencia,2013,6,minvu_permisos_viviendas_unidades_superficie_ano_comuna.download
número_casas,unidades,casa,Metropolitana,Providencia,2014,6,minvu_permisos_viviendas_unidades_superficie_ano_comuna.download
número_casas,unidades,casa,Metropolitana,Providencia,2015,12,minvu_permisos_viviendas_unidades_superficie_ano_comuna.download
número_casas,unidades,casa,Metropolitana,Providencia,2016,6,minvu_permisos_viviendas_unidades_superficie_ano_comuna.download
número_casas,unidades,casa,Metropolitana,Providencia,2017,3,minvu_permisos_viviendas_unidades_superficie_ano_comuna.download
número_casas,unidades,casa,Metropolitana,Providencia,2019,3,minvu_permisos_viviendas_unidades_superficie_ano_comuna.download
número_casas,unidades,casa,Metropolitana,Providencia,2020,18,minvu_permisos_viviendas_unidades_superficie_ano_comuna.download
número_casas,unidades,casa,Metropolitana,Providencia,2021,4,minvu_permisos_viviendas_unidades_superficie_ano_comuna.download
número_casas,unidades,casa,Metropolitana,Providencia,2022,51,minvu_permisos_viviendas_unidades_superficie_ano_comuna.download
número_casas,unidades,casa,Metropolitana,Providencia,2023,20,minvu_permisos_viviendas_unidades_superficie_ano_comuna.download
número_casas,unidades,casa,Metropolitana,Providencia,2026,0,minvu_permisos_viviendas_unidades_superficie_ano_comuna.download
número_casas,unidades,casa,Metropolitana,Pudahuel,2002,636,minvu_permisos_viviendas_unidades_superficie_ano_comuna.download
número_casas,unidades,casa,Metropolitana,Pudahuel,2003,421,minvu_permisos_viviendas_unidades_superficie_ano_comuna.download
número_casas,unidades,casa,Metropolitana,Pudahuel,2004,1466,minvu_permisos_viviendas_unidades_superficie_ano_comuna.download
número_casas,unidades,casa,Metropolitana,Pudahuel,2005,707,minvu_permisos_viviendas_unidades_superficie_ano_comuna.download
número_casas,unidades,casa,Metropolitana,Pudahuel,2006,1598,minvu_permisos_viviendas_unidades_superficie_ano_comuna.download
número_casas,unidades,casa,Metropolitana,Pudahuel,2007,1955,minvu_permisos_viviendas_unidades_superficie_ano_comuna.download
número_casas,unidades,casa,Metropolitana,Pudahuel,2008,154,minvu_permisos_viviendas_unidades_superficie_ano_comuna.download
número_casas,unidades,casa,Metropolitana,Pudahuel,2009,104,minvu_permisos_viviendas_unidades_superficie_ano_comuna.download
número_casas,unidades,casa,Metropolitana,Pudahuel,2010,160,minvu_permisos_viviendas_unidades_superficie_ano_comuna.download
número_casas,unidades,casa,Metropolitana,Pudahuel,2011,497,minvu_permisos_viviendas_unidades_superficie_ano_comuna.download
número_casas,unidades,casa,Metropolitana,Pudahuel,2012,108,minvu_permisos_viviendas_unidades_superficie_ano_comuna.download
número_casas,unidades,casa,Metropolitana,Pudahuel,2013,231,minvu_permisos_viviendas_unidades_superficie_ano_comuna.download
número_casas,unidades,casa,Metropolitana,Pudahuel,2014,299,minvu_permisos_viviendas_unidades_superficie_ano_comuna.download
número_casas,unidades,casa,Metropolitana,Pudahuel,2015,40,minvu_permisos_viviendas_unidades_superficie_ano_comuna.download
número_casas,unidades,casa,Metropolitana,Pudahuel,2016,128,minvu_permisos_viviendas_unidades_superficie_ano_comuna.download
número_casas,unidades,casa,Metropolitana,Pudahuel,2017,61,minvu_permisos_viviendas_unidades_superficie_ano_comuna.download
número_casas,unidades,casa,Metropolitana,Pudahuel,2019,26,minvu_permisos_viviendas_unidades_superficie_ano_comuna.download
número_casas,unidades,casa,Metropolitana,Pudahuel,2020,7,minvu_permisos_viviendas_unidades_superficie_ano_comuna.download
número_casas,unidades,casa,Metropolitana,Pudahuel,2021,28,minvu_permisos_viviendas_unidades_superficie_ano_comuna.download
número_casas,unidades,casa,Metropolitana,Pudahuel,2022,25,minvu_permisos_viviendas_unidades_superficie_ano_comuna.download
número_casas,unidades,casa,Metropolitana,Pudahuel,2023,81,minvu_permisos_viviendas_unidades_superficie_ano_comuna.download
número_casas,unidades,casa,Metropolitana,Pudahuel,2026,3,minvu_permisos_viviendas_unidades_superficie_ano_comuna.download
número_casas,unidades,casa,Metropolitana,Quilicura,2002,4234,minvu_permisos_viviendas_unidades_superficie_ano_comuna.download
número_casas,unidades,casa,Metropolitana,Quilicura,2003,2241,minvu_permisos_viviendas_unidades_superficie_ano_comuna.download
número_casas,unidades,casa,Metropolitana,Quilicura,2004,1961,minvu_permisos_viviendas_unidades_superficie_ano_comuna.download
número_casas,unidades,casa,Metropolitana,Quilicura,2005,504,minvu_permisos_viviendas_unidades_superficie_ano_comuna.download
número_casas,unidades,casa,Metropolitana,Quilicura,2006,1498,minvu_permisos_viviendas_unidades_superficie_ano_comuna.download
número_casas,unidades,casa,Metropolitana,Quilicura,2007,3229,minvu_permisos_viviendas_unidades_superficie_ano_comuna.download
número_casas,unidades,casa,Metropolitana,Quilicura,2008,403,minvu_permisos_viviendas_unidades_superficie_ano_comuna.download
número_casas,unidades,casa,Metropolitana,Quilicura,2009,407,minvu_permisos_viviendas_unidades_superficie_ano_comuna.download
número_casas,unidades,casa,Metropolitana,Quilicura,2010,577,minvu_permisos_viviendas_unidades_superficie_ano_comuna.download
número_casas,unidades,casa,Metropolitana,Quilicura,2011,195,minvu_permisos_viviendas_unidades_superficie_ano_comuna.download
número_casas,unidades,casa,Metropolitana,Quilicura,2012,460,minvu_permisos_viviendas_unidades_superficie_ano_comuna.download
número_casas,unidades,casa,Metropolitana,Quilicura,2013,716,minvu_permisos_viviendas_unidades_superficie_ano_comuna.download
número_casas,unidades,casa,Metropolitana,Quilicura,2014,719,minvu_permisos_viviendas_unidades_superficie_ano_comuna.download
número_casas,unidades,casa,Metropolitana,Quilicura,2015,388,minvu_permisos_viviendas_unidades_superficie_ano_comuna.download
número_casas,unidades,casa,Metropolitana,Quilicura,2016,932,minvu_permisos_viviendas_unidades_superficie_ano_comuna.download
número_casas,unidades,casa,Metropolitana,Quilicura,2017,404,minvu_permisos_viviendas_unidades_superficie_ano_comuna.download
número_casas,unidades,casa,Metropolitana,Quilicura,2019,22,minvu_permisos_viviendas_unidades_superficie_ano_comuna.download
número_casas,unidades,casa,Metropolitana,Quilicura,2020,94,minvu_permisos_viviendas_unidades_superficie_ano_comuna.download
número_casas,unidades,casa,Metropolitana,Quilicura,2021,285,minvu_permisos_viviendas_unidades_superficie_ano_comuna.download
número_casas,unidades,casa,Metropolitana,Quilicura,2022,232,minvu_permisos_viviendas_unidades_superficie_ano_comuna.download
número_casas,unidades,casa,Metropolitana,Quilicura,2023,384,minvu_permisos_viviendas_unidades_superficie_ano_comuna.download
número_casas,unidades,casa,Metropolitana,Quilicura,2026,2,minvu_permisos_viviendas_unidades_superficie_ano_comuna.download
número_casas,unidades,casa,Metropolitana,Quinta Normal,2002,265,minvu_permisos_viviendas_unidades_superficie_ano_comuna.download
número_casas,unidades,casa,Metropolitana,Quinta Normal,2003,77,minvu_permisos_viviendas_unidades_superficie_ano_comuna.download
número_casas,unidades,casa,Metropolitana,Quinta Normal,2004,46,minvu_permisos_viviendas_unidades_superficie_ano_comuna.download
número_casas,unidades,casa,Metropolitana,Quinta Normal,2005,129,minvu_permisos_viviendas_unidades_superficie_ano_comuna.download
número_casas,unidades,casa,Metropolitana,Quinta Normal,2006,110,minvu_permisos_viviendas_unidades_superficie_ano_comuna.download
número_casas,unidades,casa,Metropolitana,Quinta Normal,2007,43,minvu_permisos_viviendas_unidades_superficie_ano_comuna.download
número_casas,unidades,casa,Metropolitana,Quinta Normal,2008,152,minvu_permisos_viviendas_unidades_superficie_ano_comuna.download
número_casas,unidades,casa,Metropolitana,Quinta Normal,2009,35,minvu_permisos_viviendas_unidades_superficie_ano_comuna.download
número_casas,unidades,casa,Metropolitana,Quinta Normal,2010,51,minvu_permisos_viviendas_unidades_superficie_ano_comuna.download
número_casas,unidades,casa,Metropolitana,Quinta Normal,2011,52,minvu_permisos_viviendas_unidades_superficie_ano_comuna.download
número_casas,unidades,casa,Metropolitana,Quinta Normal,2012,30,minvu_permisos_viviendas_unidades_superficie_ano_comuna.download
número_casas,unidades,casa,Metropolitana,Quinta Normal,2013,41,minvu_permisos_viviendas_unidades_superficie_ano_comuna.download
número_casas,unidades,casa,Metropolitana,Quinta Normal,2014,11,minvu_permisos_viviendas_unidades_superficie_ano_comuna.download
número_casas,unidades,casa,Metropolitana,Quinta Normal,2015,62,minvu_permisos_viviendas_unidades_superficie_ano_comuna.download
número_casas,unidades,casa,Metropolitana,Quinta Normal,2016,22,minvu_permisos_viviendas_unidades_superficie_ano_comuna.download
número_casas,unidades,casa,Metropolitana,Quinta Normal,2017,63,minvu_permisos_viviendas_unidades_superficie_ano_comuna.download
número_casas,unidades,casa,Metropolitana,Quinta Normal,2019,85,minvu_permisos_viviendas_unidades_superficie_ano_comuna.download
número_casas,unidades,casa,Metropolitana,Quinta Normal,2020,29,minvu_permisos_viviendas_unidades_superficie_ano_comuna.download
número_casas,unidades,casa,Metropolitana,Quinta Normal,2021,25,minvu_permisos_viviendas_unidades_superficie_ano_comuna.download
número_casas,unidades,casa,Metropolitana,Quinta Normal,2022,29,minvu_permisos_viviendas_unidades_superficie_ano_comuna.download
número_casas,unidades,casa,Metropolitana,Quinta Normal,2023,29,minvu_permisos_viviendas_unidades_superficie_ano_comuna.download
número_casas,unidades,casa,Metropolitana,Quinta Normal,2026,2,minvu_permisos_viviendas_unidades_superficie_ano_comuna.download
número_casas,unidades,casa,Metropolitana,Recoleta,2002,131,minvu_permisos_viviendas_unidades_superficie_ano_comuna.download
número_casas,unidades,casa,Metropolitana,Recoleta,2003,134,minvu_permisos_viviendas_unidades_superficie_ano_comuna.download
número_casas,unidades,casa,Metropolitana,Recoleta,2004,122,minvu_permisos_viviendas_unidades_superficie_ano_comuna.download
número_casas,unidades,casa,Metropolitana,Recoleta,2005,107,minvu_permisos_viviendas_unidades_superficie_ano_comuna.download
número_casas,unidades,casa,Metropolitana,Recoleta,2006,64,minvu_permisos_viviendas_unidades_superficie_ano_comuna.download
número_casas,unidades,casa,Metropolitana,Recoleta,2007,72,minvu_permisos_viviendas_unidades_superficie_ano_comuna.download
número_casas,unidades,casa,Metropolitana,Recoleta,2008,58,minvu_permisos_viviendas_unidades_superficie_ano_comuna.download
número_casas,unidades,casa,Metropolitana,Recoleta,2009,19,minvu_permisos_viviendas_unidades_superficie_ano_comuna.download
número_casas,unidades,casa,Metropolitana,Recoleta,2010,40,minvu_permisos_viviendas_unidades_superficie_ano_comuna.download
número_casas,unidades,casa,Metropolitana,Recoleta,2011,91,minvu_permisos_viviendas_unidades_superficie_ano_comuna.download
número_casas,unidades,casa,Metropolitana,Recoleta,2012,15,minvu_permisos_viviendas_unidades_superficie_ano_comuna.download
número_casas,unidades,casa,Metropolitana,Recoleta,2013,10,minvu_permisos_viviendas_unidades_superficie_ano_comuna.download
número_casas,unidades,casa,Metropolitana,Recoleta,2014,22,minvu_permisos_viviendas_unidades_superficie_ano_comuna.download
número_casas,unidades,casa,Metropolitana,Recoleta,2015,22,minvu_permisos_viviendas_unidades_superficie_ano_comuna.download
número_casas,unidades,casa,Metropolitana,Recoleta,2016,87,minvu_permisos_viviendas_unidades_superficie_ano_comuna.download
número_casas,unidades,casa,Metropolitana,Recoleta,2017,62,minvu_permisos_viviendas_unidades_superficie_ano_comuna.download
número_casas,unidades,casa,Metropolitana,Recoleta,2019,64,minvu_permisos_viviendas_unidades_superficie_ano_comuna.download
número_casas,unidades,casa,Metropolitana,Recoleta,2020,67,minvu_permisos_viviendas_unidades_superficie_ano_comuna.download
número_casas,unidades,casa,Metropolitana,Recoleta,2021,20,minvu_permisos_viviendas_unidades_superficie_ano_comuna.download
número_casas,unidades,casa,Metropolitana,Recoleta,2022,18,minvu_permisos_viviendas_unidades_superficie_ano_comuna.download
número_casas,unidades,casa,Metropolitana,Recoleta,2023,41,minvu_permisos_viviendas_unidades_superficie_ano_comuna.download
número_casas,unidades,casa,Metropolitana,Recoleta,2026,1,minvu_permisos_viviendas_unidades_superficie_ano_comuna.download
número_casas,unidades,casa,Metropolitana,Renca,2002,33,minvu_permisos_viviendas_unidades_superficie_ano_comuna.download
número_casas,unidades,casa,Metropolitana,Renca,2003,382,minvu_permisos_viviendas_unidades_superficie_ano_comuna.download
número_casas,unidades,casa,Metropolitana,Renca,2004,431,minvu_permisos_viviendas_unidades_superficie_ano_comuna.download
número_casas,unidades,casa,Metropolitana,Renca,2005,336,minvu_permisos_viviendas_unidades_superficie_ano_comuna.download
número_casas,unidades,casa,Metropolitana,Renca,2006,1134,minvu_permisos_viviendas_unidades_superficie_ano_comuna.download
número_casas,unidades,casa,Metropolitana,Renca,2007,1503,minvu_permisos_viviendas_unidades_superficie_ano_comuna.download
número_casas,unidades,casa,Metropolitana,Renca,2008,1302,minvu_permisos_viviendas_unidades_superficie_ano_comuna.download
número_casas,unidades,casa,Metropolitana,Renca,2009,1312,minvu_permisos_viviendas_unidades_superficie_ano_comuna.download
número_casas,unidades,casa,Metropolitana,Renca,2010,1252,minvu_permisos_viviendas_unidades_superficie_ano_comuna.download
número_casas,unidades,casa,Metropolitana,Renca,2011,168,minvu_permisos_viviendas_unidades_superficie_ano_comuna.download
número_casas,unidades,casa,Metropolitana,Renca,2012,187,minvu_permisos_viviendas_unidades_superficie_ano_comuna.download
número_casas,unidades,casa,Metropolitana,Renca,2013,135,minvu_permisos_viviendas_unidades_superficie_ano_comuna.download
número_casas,unidades,casa,Metropolitana,Renca,2014,27,minvu_permisos_viviendas_unidades_superficie_ano_comuna.download
número_casas,unidades,casa,Metropolitana,Renca,2015,112,minvu_permisos_viviendas_unidades_superficie_ano_comuna.download
número_casas,unidades,casa,Metropolitana,Renca,2016,56,minvu_permisos_viviendas_unidades_superficie_ano_comuna.download
número_casas,unidades,casa,Metropolitana,Renca,2017,145,minvu_permisos_viviendas_unidades_superficie_ano_comuna.download
número_casas,unidades,casa,Metropolitana,Renca,2019,12,minvu_permisos_viviendas_unidades_superficie_ano_comuna.download
número_casas,unidades,casa,Metropolitana,Renca,2020,25,minvu_permisos_viviendas_unidades_superficie_ano_comuna.download
número_casas,unidades,casa,Metropolitana,Renca,2021,4,minvu_permisos_viviendas_unidades_superficie_ano_comuna.download
número_casas,unidades,casa,Metropolitana,Renca,2022,38,minvu_permisos_viviendas_unidades_superficie_ano_comuna.download
número_casas,unidades,casa,Metropolitana,Renca,2023,11,minvu_permisos_viviendas_unidades_superficie_ano_comuna.download
número_casas,unidades,casa,Metropolitana,Renca,2026,1,minvu_permisos_viviendas_unidades_superficie_ano_comuna.download
número_casas,unidades,casa,Metropolitana,San Joaquín,2002,9,minvu_permisos_viviendas_unidades_superficie_ano_comuna.download
número_casas,unidades,casa,Metropolitana,San Joaquín,2003,12,minvu_permisos_viviendas_unidades_superficie_ano_comuna.download
número_casas,unidades,casa,Metropolitana,San Joaquín,2004,22,minvu_permisos_viviendas_unidades_superficie_ano_comuna.download
número_casas,unidades,casa,Metropolitana,San Joaquín,2005,15,minvu_permisos_viviendas_unidades_superficie_ano_comuna.download
número_casas,unidades,casa,Metropolitana,San Joaquín,2006,16,minvu_permisos_viviendas_unidades_superficie_ano_comuna.download
número_casas,unidades,casa,Metropolitana,San Joaquín,2007,14,minvu_permisos_viviendas_unidades_superficie_ano_comuna.download
número_casas,unidades,casa,Metropolitana,San Joaquín,2008,7,minvu_permisos_viviendas_unidades_superficie_ano_comuna.download
número_casas,unidades,casa,Metropolitana,San Joaquín,2009,2,minvu_permisos_viviendas_unidades_superficie_ano_comuna.download
número_casas,unidades,casa,Metropolitana,San Joaquín,2010,5,minvu_permisos_viviendas_unidades_superficie_ano_comuna.download
número_casas,unidades,casa,Metropolitana,San Joaquín,2011,6,minvu_permisos_viviendas_unidades_superficie_ano_comuna.download
número_casas,unidades,casa,Metropolitana,San Joaquín,2012,11,minvu_permisos_viviendas_unidades_superficie_ano_comuna.download
número_casas,unidades,casa,Metropolitana,San Joaquín,2013,16,minvu_permisos_viviendas_unidades_superficie_ano_comuna.download
número_casas,unidades,casa,Metropolitana,San Joaquín,2014,21,minvu_permisos_viviendas_unidades_superficie_ano_comuna.download
número_casas,unidades,casa,Metropolitana,San Joaquín,2015,56,minvu_permisos_viviendas_unidades_superficie_ano_comuna.download
número_casas,unidades,casa,Metropolitana,San Joaquín,2016,9,minvu_permisos_viviendas_unidades_superficie_ano_comuna.download
número_casas,unidades,casa,Metropolitana,San Joaquín,2017,7,minvu_permisos_viviendas_unidades_superficie_ano_comuna.download
número_casas,unidades,casa,Metropolitana,San Joaquín,2019,11,minvu_permisos_viviendas_unidades_superficie_ano_comuna.download
número_casas,unidades,casa,Metropolitana,San Joaquín,2020,6,minvu_permisos_viviendas_unidades_superficie_ano_comuna.download
número_casas,unidades,casa,Metropolitana,San Joaquín,2021,7,minvu_permisos_viviendas_unidades_superficie_ano_comuna.download
número_casas,unidades,casa,Metropolitana,San Joaquín,2022,10,minvu_permisos_viviendas_unidades_superficie_ano_comuna.download
número_casas,unidades,casa,Metropolitana,San Joaquín,2023,9,minvu_permisos_viviendas_unidades_superficie_ano_comuna.download
número_casas,unidades,casa,Metropolitana,San Joaquín,2026,0,minvu_permisos_viviendas_unidades_superficie_ano_comuna.download
número_casas,unidades,casa,Metropolitana,San Miguel,2002,7,minvu_permisos_viviendas_unidades_superficie_ano_comuna.download
número_casas,unidades,casa,Metropolitana,San Miguel,2003,13,minvu_permisos_viviendas_unidades_superficie_ano_comuna.download
número_casas,unidades,casa,Metropolitana,San Miguel,2004,115,minvu_permisos_viviendas_unidades_superficie_ano_comuna.download
número_casas,unidades,casa,Metropolitana,San Miguel,2005,6,minvu_permisos_viviendas_unidades_superficie_ano_comuna.download
número_casas,unidades,casa,Metropolitana,San Miguel,2006,9,minvu_permisos_viviendas_unidades_superficie_ano_comuna.download
número_casas,unidades,casa,Metropolitana,San Miguel,2007,18,minvu_permisos_viviendas_unidades_superficie_ano_comuna.download
número_casas,unidades,casa,Metropolitana,San Miguel,2008,10,minvu_permisos_viviendas_unidades_superficie_ano_comuna.download
número_casas,unidades,casa,Metropolitana,San Miguel,2009,118,minvu_permisos_viviendas_unidades_superficie_ano_comuna.download
número_casas,unidades,casa,Metropolitana,San Miguel,2010,8,minvu_permisos_viviendas_unidades_superficie_ano_comuna.download
número_casas,unidades,casa,Metropolitana,San Miguel,2011,23,minvu_permisos_viviendas_unidades_superficie_ano_comuna.download
número_casas,unidades,casa,Metropolitana,San Miguel,2012,16,minvu_permisos_viviendas_unidades_superficie_ano_comuna.download
número_casas,unidades,casa,Metropolitana,San Miguel,2013,11,minvu_permisos_viviendas_unidades_superficie_ano_comuna.download
número_casas,unidades,casa,Metropolitana,San Miguel,2014,16,minvu_permisos_viviendas_unidades_superficie_ano_comuna.download
número_casas,unidades,casa,Metropolitana,San Miguel,2015,4,minvu_permisos_viviendas_unidades_superficie_ano_comuna.download
número_casas,unidades,casa,Metropolitana,San Miguel,2016,8,minvu_permisos_viviendas_unidades_superficie_ano_comuna.download
número_casas,unidades,casa,Metropolitana,San Miguel,2017,28,minvu_permisos_viviendas_unidades_superficie_ano_comuna.download
número_casas,unidades,casa,Metropolitana,San Miguel,2019,42,minvu_permisos_viviendas_unidades_superficie_ano_comuna.download
número_casas,unidades,casa,Metropolitana,San Miguel,2020,184,minvu_permisos_viviendas_unidades_superficie_ano_comuna.download
número_casas,unidades,casa,Metropolitana,San Miguel,2021,22,minvu_permisos_viviendas_unidades_superficie_ano_comuna.download
número_casas,unidades,casa,Metropolitana,San Miguel,2022,19,minvu_permisos_viviendas_unidades_superficie_ano_comuna.download
número_casas,unidades,casa,Metropolitana,San Miguel,2023,13,minvu_permisos_viviendas_unidades_superficie_ano_comuna.download
número_casas,unidades,casa,Metropolitana,San Miguel,2026,3,minvu_permisos_viviendas_unidades_superficie_ano_comuna.download
número_casas,unidades,casa,Metropolitana,San Ramón,2002,51,minvu_permisos_viviendas_unidades_superficie_ano_comuna.download
número_casas,unidades,casa,Metropolitana,San Ramón,2003,155,minvu_permisos_viviendas_unidades_superficie_ano_comuna.download
número_casas,unidades,casa,Metropolitana,San Ramón,2004,182,minvu_permisos_viviendas_unidades_superficie_ano_comuna.download
número_casas,unidades,casa,Metropolitana,San Ramón,2005,135,minvu_permisos_viviendas_unidades_superficie_ano_comuna.download
número_casas,unidades,casa,Metropolitana,San Ramón,2006,132,minvu_permisos_viviendas_unidades_superficie_ano_comuna.download
número_casas,unidades,casa,Metropolitana,San Ramón,2007,69,minvu_permisos_viviendas_unidades_superficie_ano_comuna.download
número_casas,unidades,casa,Metropolitana,San Ramón,2008,104,minvu_permisos_viviendas_unidades_superficie_ano_comuna.download
número_casas,unidades,casa,Metropolitana,San Ramón,2009,114,minvu_permisos_viviendas_unidades_superficie_ano_comuna.download
número_casas,unidades,casa,Metropolitana,San Ramón,2010,152,minvu_permisos_viviendas_unidades_superficie_ano_comuna.download
número_casas,unidades,casa,Metropolitana,San Ramón,2011,13,minvu_permisos_viviendas_unidades_superficie_ano_comuna.download
número_casas,unidades,casa,Metropolitana,San Ramón,2012,30,minvu_permisos_viviendas_unidades_superficie_ano_comuna.download
número_casas,unidades,casa,Metropolitana,San Ramón,2013,40,minvu_permisos_viviendas_unidades_superficie_ano_comuna.download
número_casas,unidades,casa,Metropolitana,San Ramón,2014,42,minvu_permisos_viviendas_unidades_superficie_ano_comuna.download
número_casas,unidades,casa,Metropolitana,San Ramón,2015,103,minvu_permisos_viviendas_unidades_superficie_ano_comuna.download
número_casas,unidades,casa,Metropolitana,San Ramón,2016,108,minvu_permisos_viviendas_unidades_superficie_ano_comuna.download
número_casas,unidades,casa,Metropolitana,San Ramón,2017,50,minvu_permisos_viviendas_unidades_superficie_ano_comuna.download
número_casas,unidades,casa,Metropolitana,San Ramón,2019,46,minvu_permisos_viviendas_unidades_superficie_ano_comuna.download
número_casas,unidades,casa,Metropolitana,San Ramón,2020,109,minvu_permisos_viviendas_unidades_superficie_ano_comuna.download
número_casas,unidades,casa,Metropolitana,San Ramón,2021,27,minvu_permisos_viviendas_unidades_superficie_ano_comuna.download
número_casas,unidades,casa,Metropolitana,San Ramón,2022,29,minvu_permisos_viviendas_unidades_superficie_ano_comuna.download
número_casas,unidades,casa,Metropolitana,San Ramón,2023,31,minvu_permisos_viviendas_unidades_superficie_ano_comuna.download
número_casas,unidades,casa,Metropolitana,San Ramón,2026,3,minvu_permisos_viviendas_unidades_superficie_ano_comuna.download
número_casas,unidades,casa,Metropolitana,Vitacura,2002,55,minvu_permisos_viviendas_unidades_superficie_ano_comuna.download
número_casas,unidades,casa,Metropolitana,Vitacura,2003,13,minvu_permisos_viviendas_unidades_superficie_ano_comuna.download
número_casas,unidades,casa,Metropolitana,Vitacura,2004,41,minvu_permisos_viviendas_unidades_superficie_ano_comuna.download
número_casas,unidades,casa,Metropolitana,Vitacura,2005,30,minvu_permisos_viviendas_unidades_superficie_ano_comuna.download
número_casas,unidades,casa,Metropolitana,Vitacura,2006,23,minvu_permisos_viviendas_unidades_superficie_ano_comuna.download
número_casas,unidades,casa,Metropolitana,Vitacura,2007,29,minvu_permisos_viviendas_unidades_superficie_ano_comuna.download
número_casas,unidades,casa,Metropolitana,Vitacura,2008,13,minvu_permisos_viviendas_unidades_superficie_ano_comuna.download
número_casas,unidades,casa,Metropolitana,Vitacura,2009,378,minvu_permisos_viviendas_unidades_superficie_ano_comuna.download
número_casas,unidades,casa,Metropolitana,Vitacura,2010,18,minvu_permisos_viviendas_unidades_superficie_ano_comuna.download
número_casas,unidades,casa,Metropolitana,Vitacura,2011,31,minvu_permisos_viviendas_unidades_superficie_ano_comuna.download
número_casas,unidades,casa,Metropolitana,Vitacura,2012,38,minvu_permisos_viviendas_unidades_superficie_ano_comuna.download
número_casas,unidades,casa,Metropolitana,Vitacura,2013,33,minvu_permisos_viviendas_unidades_superficie_ano_comuna.download
número_casas,unidades,casa,Metropolitana,Vitacura,2014,29,minvu_permisos_viviendas_unidades_superficie_ano_comuna.download
número_casas,unidades,casa,Metropolitana,Vitacura,2015,36,minvu_permisos_viviendas_unidades_superficie_ano_comuna.download
número_casas,unidades,casa,Metropolitana,Vitacura,2016,19,minvu_permisos_viviendas_unidades_superficie_ano_comuna.download
número_casas,unidades,casa,Metropolitana,Vitacura,2017,39,minvu_permisos_viviendas_unidades_superficie_ano_comuna.download
número_casas,unidades,casa,Metropolitana,Vitacura,2019,33,minvu_permisos_viviendas_unidades_superficie_ano_comuna.download
número_casas,unidades,casa,Metropolitana,Vitacura,2020,10,minvu_permisos_viviendas_unidades_superficie_ano_comuna.download
número_casas,unidades,casa,Metropolitana,Vitacura,2021,95,minvu_permisos_viviendas_unidades_superficie_ano_comuna.download
número_casas,unidades,casa,Metropolitana,Vitacura,2022,31,minvu_permisos_viviendas_unidades_superficie_ano_comuna.download
número_casas,unidades,casa,Metropolitana,Vitacura,2023,14,minvu_permisos_viviendas_unidades_superficie_ano_comuna.download
número_casas,unidades,casa,Metropolitana,Vitacura,2026,0,minvu_permisos_viviendas_unidades_superficie_ano_comuna.download
m2_casas,m2,casa,Metropolitana,Santiago,2002,2384,minvu_permisos_viviendas_unidades_superficie_ano_comuna.download
m2_casas,m2,casa,Metropolitana,Santiago,2003,8758,minvu_permisos_viviendas_unidades_superficie_ano_comuna.download
m2_casas,m2,casa,Metropolitana,Santiago,2004,6225,minvu_permisos_viviendas_unidades_superficie_ano_comuna.download
m2_casas,m2,casa,Metropolitana,Santiago,2005,5120,minvu_permisos_viviendas_unidades_superficie_ano_comuna.download
m2_casas,m2,casa,Metropolitana,Santiago,2006,1962,minvu_permisos_viviendas_unidades_superficie_ano_comuna.download
m2_casas,m2,casa,Metropolitana,Santiago,2007,1989,minvu_permisos_viviendas_unidades_superficie_ano_comuna.download
m2_casas,m2,casa,Metropolitana,Santiago,2008,2985,minvu_permisos_viviendas_unidades_superficie_ano_comuna.download
m2_casas,m2,casa,Metropolitana,Santiago,2009,3052,minvu_permisos_viviendas_unidades_superficie_ano_comuna.download
m2_casas,m2,casa,Metropolitana,Santiago,2010,1661,minvu_permisos_viviendas_unidades_superficie_ano_comuna.download
m2_casas,m2,casa,Metropolitana,Santiago,2011,5010,minvu_permisos_viviendas_unidades_superficie_ano_comuna.download
m2_casas,m2,casa,Metropolitana,Santiago,2012,5301,minvu_permisos_viviendas_unidades_superficie_ano_comuna.download
m2_casas,m2,casa,Metropolitana,Santiago,2013,6222,minvu_permisos_viviendas_unidades_superficie_ano_comuna.download
m2_casas,m2,casa,Metropolitana,Santiago,2014,32776,minvu_permisos_viviendas_unidades_superficie_ano_comuna.download
m2_casas,m2,casa,Metropolitana,Santiago,2015,7689,minvu_permisos_viviendas_unidades_superficie_ano_comuna.download
m2_casas,m2,casa,Metropolitana,Santiago,2016,5384,minvu_permisos_viviendas_unidades_superficie_ano_comuna.download
m2_casas,m2,casa,Metropolitana,Santiago,2017,2507,minvu_permisos_viviendas_unidades_superficie_ano_comuna.download
m2_casas,m2,casa,Metropolitana,Santiago,2019,2350,minvu_permisos_viviendas_unidades_superficie_ano_comuna.download
m2_casas,m2,casa,Metropolitana,Santiago,2020,125,minvu_permisos_viviendas_unidades_superficie_ano_comuna.download
m2_casas,m2,casa,Metropolitana,Santiago,2021,96,minvu_permisos_viviendas_unidades_superficie_ano_comuna.download
m2_casas,m2,casa,Metropolitana,Santiago,2022,1256,minvu_permisos_viviendas_unidades_superficie_ano_comuna.download
m2_casas,m2,casa,Metropolitana,Santiago,2023,516,minvu_permisos_viviendas_unidades_superficie_ano_comuna.download
m2_casas,m2,casa,Metropolitana,Santiago,2026,157,minvu_permisos_viviendas_unidades_superficie_ano_comuna.download
m2_casas,m2,casa,Metropolitana,Cerrillos,2002,16025,minvu_permisos_viviendas_unidades_superficie_ano_comuna.download
m2_casas,m2,casa,Metropolitana,Cerrillos,2003,9582,minvu_permisos_viviendas_unidades_superficie_ano_comuna.download
m2_casas,m2,casa,Metropolitana,Cerrillos,2004,68367,minvu_permisos_viviendas_unidades_superficie_ano_comuna.download
m2_casas,m2,casa,Metropolitana,Cerrillos,2005,60428,minvu_permisos_viviendas_unidades_superficie_ano_comuna.download
m2_casas,m2,casa,Metropolitana,Cerrillos,2006,29905,minvu_permisos_viviendas_unidades_superficie_ano_comuna.download
m2_casas,m2,casa,Metropolitana,Cerrillos,2007,40296,minvu_permisos_viviendas_unidades_superficie_ano_comuna.download
m2_casas,m2,casa,Metropolitana,Cerrillos,2008,54924,minvu_permisos_viviendas_unidades_superficie_ano_comuna.download
m2_casas,m2,casa,Metropolitana,Cerrillos,2009,20151,minvu_permisos_viviendas_unidades_superficie_ano_comuna.download
m2_casas,m2,casa,Metropolitana,Cerrillos,2010,3070,minvu_permisos_viviendas_unidades_superficie_ano_comuna.download
m2_casas,m2,casa,Metropolitana,Cerrillos,2011,20413,minvu_permisos_viviendas_unidades_superficie_ano_comuna.download
m2_casas,m2,casa,Metropolitana,Cerrillos,2012,20891,minvu_permisos_viviendas_unidades_superficie_ano_comuna.download
m2_casas,m2,casa,Metropolitana,Cerrillos,2013,576,minvu_permisos_viviendas_unidades_superficie_ano_comuna.download
m2_casas,m2,casa,Metropolitana,Cerrillos,2014,32769,minvu_permisos_viviendas_unidades_superficie_ano_comuna.download
m2_casas,m2,casa,Metropolitana,Cerrillos,2015,40505,minvu_permisos_viviendas_unidades_superficie_ano_comuna.download
m2_casas,m2,casa,Metropolitana,Cerrillos,2016,1857,minvu_permisos_viviendas_unidades_superficie_ano_comuna.download
m2_casas,m2,casa,Metropolitana,Cerrillos,2017,1453,minvu_permisos_viviendas_unidades_superficie_ano_comuna.download
m2_casas,m2,casa,Metropolitana,Cerrillos,2019,1747,minvu_permisos_viviendas_unidades_superficie_ano_comuna.download
m2_casas,m2,casa,Metropolitana,Cerrillos,2020,1251,minvu_permisos_viviendas_unidades_superficie_ano_comuna.download
m2_casas,m2,casa,Metropolitana,Cerrillos,2021,1183,minvu_permisos_viviendas_unidades_superficie_ano_comuna.download
m2_casas,m2,casa,Metropolitana,Cerrillos,2022,1677,minvu_permisos_viviendas_unidades_superficie_ano_comuna.download
m2_casas,m2,casa,Metropolitana,Cerrillos,2023,2132,minvu_permisos_viviendas_unidades_superficie_ano_comuna.download
m2_casas,m2,casa,Metropolitana,Cerrillos,2026,143,minvu_permisos_viviendas_unidades_superficie_ano_comuna.download
m2_casas,m2,casa,Metropolitana,Cerro Navia,2002,3739,minvu_permisos_viviendas_unidades_superficie_ano_comuna.download
m2_casas,m2,casa,Metropolitana,Cerro Navia,2003,5233,minvu_permisos_viviendas_unidades_superficie_ano_comuna.download
m2_casas,m2,casa,Metropolitana,Cerro Navia,2004,7109,minvu_permisos_viviendas_unidades_superficie_ano_comuna.download
m2_casas,m2,casa,Metropolitana,Cerro Navia,2005,4765,minvu_permisos_viviendas_unidades_superficie_ano_comuna.download
m2_casas,m2,casa,Metropolitana,Cerro Navia,2006,6045,minvu_permisos_viviendas_unidades_superficie_ano_comuna.download
m2_casas,m2,casa,Metropolitana,Cerro Navia,2007,12580,minvu_permisos_viviendas_unidades_superficie_ano_comuna.download
m2_casas,m2,casa,Metropolitana,Cerro Navia,2008,7139,minvu_permisos_viviendas_unidades_superficie_ano_comuna.download
m2_casas,m2,casa,Metropolitana,Cerro Navia,2009,42923,minvu_permisos_viviendas_unidades_superficie_ano_comuna.download
m2_casas,m2,casa,Metropolitana,Cerro Navia,2010,85247,minvu_permisos_viviendas_unidades_superficie_ano_comuna.download
m2_casas,m2,casa,Metropolitana,Cerro Navia,2011,2158,minvu_permisos_viviendas_unidades_superficie_ano_comuna.download
m2_casas,m2,casa,Metropolitana,Cerro Navia,2012,5045,minvu_permisos_viviendas_unidades_superficie_ano_comuna.download
m2_casas,m2,casa,Metropolitana,Cerro Navia,2013,11719,minvu_permisos_viviendas_unidades_superficie_ano_comuna.download
m2_casas,m2,casa,Metropolitana,Cerro Navia,2014,19509,minvu_permisos_viviendas_unidades_superficie_ano_comuna.download
m2_casas,m2,casa,Metropolitana,Cerro Navia,2015,10974,minvu_permisos_viviendas_unidades_superficie_ano_comuna.download
m2_casas,m2,casa,Metropolitana,Cerro Navia,2016,17468,minvu_permisos_viviendas_unidades_superficie_ano_comuna.download
m2_casas,m2,casa,Metropolitana,Cerro Navia,2017,8819,minvu_permisos_viviendas_unidades_superficie_ano_comuna.download
m2_casas,m2,casa,Metropolitana,Cerro Navia,2019,6175,minvu_permisos_viviendas_unidades_superficie_ano_comuna.download
m2_casas,m2,casa,Metropolitana,Cerro Navia,2020,7822,minvu_permisos_viviendas_unidades_superficie_ano_comuna.download
m2_casas,m2,casa,Metropolitana,Cerro Navia,2021,5121,minvu_permisos_viviendas_unidades_superficie_ano_comuna.download
m2_casas,m2,casa,Metropolitana,Cerro Navia,2022,9161,minvu_permisos_viviendas_unidades_superficie_ano_comuna.download
m2_casas,m2,casa,Metropolitana,Cerro Navia,2023,6026,minvu_permisos_viviendas_unidades_superficie_ano_comuna.download
m2_casas,m2,casa,Metropolitana,Cerro Navia,2026,466,minvu_permisos_viviendas_unidades_superficie_ano_comuna.download
m2_casas,m2,casa,Metropolitana,Conchalí,2002,809,minvu_permisos_viviendas_unidades_superficie_ano_comuna.download
m2_casas,m2,casa,Metropolitana,Conchalí,2003,1162,minvu_permisos_viviendas_unidades_superficie_ano_comuna.download
m2_casas,m2,casa,Metropolitana,Conchalí,2004,2700,minvu_permisos_viviendas_unidades_superficie_ano_comuna.download
m2_casas,m2,casa,Metropolitana,Conchalí,2005,2616,minvu_permisos_viviendas_unidades_superficie_ano_comuna.download
m2_casas,m2,casa,Metropolitana,Conchalí,2006,1787,minvu_permisos_viviendas_unidades_superficie_ano_comuna.download
m2_casas,m2,casa,Metropolitana,Conchalí,2007,3098,minvu_permisos_viviendas_unidades_superficie_ano_comuna.download
m2_casas,m2,casa,Metropolitana,Conchalí,2008,1243,minvu_permisos_viviendas_unidades_superficie_ano_comuna.download
m2_casas,m2,casa,Metropolitana,Conchalí,2009,1132,minvu_permisos_viviendas_unidades_superficie_ano_comuna.download
m2_casas,m2,casa,Metropolitana,Conchalí,2010,4209,minvu_permisos_viviendas_unidades_superficie_ano_comuna.download
m2_casas,m2,casa,Metropolitana,Conchalí,2011,1745,minvu_permisos_viviendas_unidades_superficie_ano_comuna.download
m2_casas,m2,casa,Metropolitana,Conchalí,2012,5900,minvu_permisos_viviendas_unidades_superficie_ano_comuna.download
m2_casas,m2,casa,Metropolitana,Conchalí,2013,3464,minvu_permisos_viviendas_unidades_superficie_ano_comuna.download
m2_casas,m2,casa,Metropolitana,Conchalí,2014,9637,minvu_permisos_viviendas_unidades_superficie_ano_comuna.download
m2_casas,m2,casa,Metropolitana,Conchalí,2015,12022,minvu_permisos_viviendas_unidades_superficie_ano_comuna.download
m2_casas,m2,casa,Metropolitana,Conchalí,2016,7772,minvu_permisos_viviendas_unidades_superficie_ano_comuna.download
m2_casas,m2,casa,Metropolitana,Conchalí,2017,7287,minvu_permisos_viviendas_unidades_superficie_ano_comuna.download
m2_casas,m2,casa,Metropolitana,Conchalí,2019,3606,minvu_permisos_viviendas_unidades_superficie_ano_comuna.download
m2_casas,m2,casa,Metropolitana,Conchalí,2020,1332,minvu_permisos_viviendas_unidades_superficie_ano_comuna.download
m2_casas,m2,casa,Metropolitana,Conchalí,2021,569,minvu_permisos_viviendas_unidades_superficie_ano_comuna.download
m2_casas,m2,casa,Metropolitana,Conchalí,2022,1119,minvu_permisos_viviendas_unidades_superficie_ano_comuna.download
m2_casas,m2,casa,Metropolitana,Conchalí,2023,1076,minvu_permisos_viviendas_unidades_superficie_ano_comuna.download
m2_casas,m2,casa,Metropolitana,Conchalí,2026,0,minvu_permisos_viviendas_unidades_superficie_ano_comuna.download
m2_casas,m2,casa,Metropolitana,El Bosque,2002,16910,minvu_permisos_viviendas_unidades_superficie_ano_comuna.download
m2_casas,m2,casa,Metropolitana,El Bosque,2003,13038,minvu_permisos_viviendas_unidades_superficie_ano_comuna.download
m2_casas,m2,casa,Metropolitana,El Bosque,2004,6142,minvu_permisos_viviendas_unidades_superficie_ano_comuna.download
m2_casas,m2,casa,Metropolitana,El Bosque,2005,12220,minvu_permisos_viviendas_unidades_superficie_ano_comuna.download
m2_casas,m2,casa,Metropolitana,El Bosque,2006,7231,minvu_permisos_viviendas_unidades_superficie_ano_comuna.download
m2_casas,m2,casa,Metropolitana,El Bosque,2007,16579,minvu_permisos_viviendas_unidades_superficie_ano_comuna.download
m2_casas,m2,casa,Metropolitana,El Bosque,2008,10118,minvu_permisos_viviendas_unidades_superficie_ano_comuna.download
m2_casas,m2,casa,Metropolitana,El Bosque,2009,14212,minvu_permisos_viviendas_unidades_superficie_ano_comuna.download
m2_casas,m2,casa,Metropolitana,El Bosque,2010,8489,minvu_permisos_viviendas_unidades_superficie_ano_comuna.download
m2_casas,m2,casa,Metropolitana,El Bosque,2011,7641,minvu_permisos_viviendas_unidades_superficie_ano_comuna.download
m2_casas,m2,casa,Metropolitana,El Bosque,2012,1458,minvu_permisos_viviendas_unidades_superficie_ano_comuna.download
m2_casas,m2,casa,Metropolitana,El Bosque,2013,4088,minvu_permisos_viviendas_unidades_superficie_ano_comuna.download
m2_casas,m2,casa,Metropolitana,El Bosque,2014,7801,minvu_permisos_viviendas_unidades_superficie_ano_comuna.download
m2_casas,m2,casa,Metropolitana,El Bosque,2015,5243,minvu_permisos_viviendas_unidades_superficie_ano_comuna.download
m2_casas,m2,casa,Metropolitana,El Bosque,2016,9041,minvu_permisos_viviendas_unidades_superficie_ano_comuna.download
m2_casas,m2,casa,Metropolitana,El Bosque,2017,6983,minvu_permisos_viviendas_unidades_superficie_ano_comuna.download
m2_casas,m2,casa,Metropolitana,El Bosque,2019,3244,minvu_permisos_viviendas_unidades_superficie_ano_comuna.download
m2_casas,m2,casa,Metropolitana,El Bosque,2020,330,minvu_permisos_viviendas_unidades_superficie_ano_comuna.download
m2_casas,m2,casa,Metropolitana,El Bosque,2021,1151,minvu_permisos_viviendas_unidades_superficie_ano_comuna.download
m2_casas,m2,casa,Metropolitana,El Bosque,2022,1232,minvu_permisos_viviendas_unidades_superficie_ano_comuna.download
m2_casas,m2,casa,Metropolitana,El Bosque,2023,2375,minvu_permisos_viviendas_unidades_superficie_ano_comuna.download
m2_casas,m2,casa,Metropolitana,El Bosque,2026,182,minvu_permisos_viviendas_unidades_superficie_ano_comuna.download
m2_casas,m2,casa,Metropolitana,Estación Central,2002,1375,minvu_permisos_viviendas_unidades_superficie_ano_comuna.download
m2_casas,m2,casa,Metropolitana,Estación Central,2003,4063,minvu_permisos_viviendas_unidades_superficie_ano_comuna.download
m2_casas,m2,casa,Metropolitana,Estación Central,2004,5789,minvu_permisos_viviendas_unidades_superficie_ano_comuna.download
m2_casas,m2,casa,Metropolitana,Estación Central,2005,6320,minvu_permisos_viviendas_unidades_superficie_ano_comuna.download
m2_casas,m2,casa,Metropolitana,Estación Central,2006,4191,minvu_permisos_viviendas_unidades_superficie_ano_comuna.download
m2_casas,m2,casa,Metropolitana,Estación Central,2007,4206,minvu_permisos_viviendas_unidades_superficie_ano_comuna.download
m2_casas,m2,casa,Metropolitana,Estación Central,2008,3255,minvu_permisos_viviendas_unidades_superficie_ano_comuna.download
m2_casas,m2,casa,Metropolitana,Estación Central,2009,1920,minvu_permisos_viviendas_unidades_superficie_ano_comuna.download
m2_casas,m2,casa,Metropolitana,Estación Central,2010,7705,minvu_permisos_viviendas_unidades_superficie_ano_comuna.download
m2_casas,m2,casa,Metropolitana,Estación Central,2011,4083,minvu_permisos_viviendas_unidades_superficie_ano_comuna.download
m2_casas,m2,casa,Metropolitana,Estación Central,2012,2569,minvu_permisos_viviendas_unidades_superficie_ano_comuna.download
m2_casas,m2,casa,Metropolitana,Estación Central,2013,2644,minvu_permisos_viviendas_unidades_superficie_ano_comuna.download
m2_casas,m2,casa,Metropolitana,Estación Central,2014,5278,minvu_permisos_viviendas_unidades_superficie_ano_comuna.download
m2_casas,m2,casa,Metropolitana,Estación Central,2015,8022,minvu_permisos_viviendas_unidades_superficie_ano_comuna.download
m2_casas,m2,casa,Metropolitana,Estación Central,2016,11302,minvu_permisos_viviendas_unidades_superficie_ano_comuna.download
m2_casas,m2,casa,Metropolitana,Estación Central,2017,3905,minvu_permisos_viviendas_unidades_superficie_ano_comuna.download
m2_casas,m2,casa,Metropolitana,Estación Central,2019,3125,minvu_permisos_viviendas_unidades_superficie_ano_comuna.download
m2_casas,m2,casa,Metropolitana,Estación Central,2020,1248,minvu_permisos_viviendas_unidades_superficie_ano_comuna.download
m2_casas,m2,casa,Metropolitana,Estación Central,2021,1981,minvu_permisos_viviendas_unidades_superficie_ano_comuna.download
m2_casas,m2,casa,Metropolitana,Estación Central,2022,927,minvu_permisos_viviendas_unidades_superficie_ano_comuna.download
m2_casas,m2,casa,Metropolitana,Estación Central,2023,1327,minvu_permisos_viviendas_unidades_superficie_ano_comuna.download
m2_casas,m2,casa,Metropolitana,Estación Central,2026,86,minvu_permisos_viviendas_unidades_superficie_ano_comuna.download
m2_casas,m2,casa,Metropolitana,Huechuraba,2002,62557,minvu_permisos_viviendas_unidades_superficie_ano_comuna.download
m2_casas,m2,casa,Metropolitana,Huechuraba,2003,35571,minvu_permisos_viviendas_unidades_superficie_ano_comuna.download
m2_casas,m2,casa,Metropolitana,Huechuraba,2004,58935,minvu_permisos_viviendas_unidades_superficie_ano_comuna.download
m2_casas,m2,casa,Metropolitana,Huechuraba,2005,97045,minvu_permisos_viviendas_unidades_superficie_ano_comuna.download
m2_casas,m2,casa,Metropolitana,Huechuraba,2006,82243,minvu_permisos_viviendas_unidades_superficie_ano_comuna.download
m2_casas,m2,casa,Metropolitana,Huechuraba,2007,46495,minvu_permisos_viviendas_unidades_superficie_ano_comuna.download
m2_casas,m2,casa,Metropolitana,Huechuraba,2008,14928,minvu_permisos_viviendas_unidades_superficie_ano_comuna.download
m2_casas,m2,casa,Metropolitana,Huechuraba,2009,27411,minvu_permisos_viviendas_unidades_superficie_ano_comuna.download
m2_casas,m2,casa,Metropolitana,Huechuraba,2010,34803,minvu_permisos_viviendas_unidades_superficie_ano_comuna.download
m2_casas,m2,casa,Metropolitana,Huechuraba,2011,19146,minvu_permisos_viviendas_unidades_superficie_ano_comuna.download
m2_casas,m2,casa,Metropolitana,Huechuraba,2012,110980,minvu_permisos_viviendas_unidades_superficie_ano_comuna.download
m2_casas,m2,casa,Metropolitana,Huechuraba,2013,7600,minvu_permisos_viviendas_unidades_superficie_ano_comuna.download
m2_casas,m2,casa,Metropolitana,Huechuraba,2014,24409,minvu_permisos_viviendas_unidades_superficie_ano_comuna.download
m2_casas,m2,casa,Metropolitana,Huechuraba,2015,31519,minvu_permisos_viviendas_unidades_superficie_ano_comuna.download
m2_casas,m2,casa,Metropolitana,Huechuraba,2016,32425,minvu_permisos_viviendas_unidades_superficie_ano_comuna.download
m2_casas,m2,casa,Metropolitana,Huechuraba,2017,35104,minvu_permisos_viviendas_unidades_superficie_ano_comuna.download
m2_casas,m2,casa,Metropolitana,Huechuraba,2019,923,minvu_permisos_viviendas_unidades_superficie_ano_comuna.download
m2_casas,m2,casa,Metropolitana,Huechuraba,2020,3288,minvu_permisos_viviendas_unidades_superficie_ano_comuna.download
m2_casas,m2,casa,Metropolitana,Huechuraba,2021,758,minvu_permisos_viviendas_unidades_superficie_ano_comuna.download
m2_casas,m2,casa,Metropolitana,Huechuraba,2022,166,minvu_permisos_viviendas_unidades_superficie_ano_comuna.download
m2_casas,m2,casa,Metropolitana,Huechuraba,2023,16745,minvu_permisos_viviendas_unidades_superficie_ano_comuna.download
m2_casas,m2,casa,Metropolitana,Huechuraba,2026,0,minvu_permisos_viviendas_unidades_superficie_ano_comuna.download
m2_casas,m2,casa,Metropolitana,Independencia,2002,88,minvu_permisos_viviendas_unidades_superficie_ano_comuna.download
m2_casas,m2,casa,Metropolitana,Independencia,2003,2212,minvu_permisos_viviendas_unidades_superficie_ano_comuna.download
m2_casas,m2,casa,Metropolitana,Independencia,2004,3666,minvu_permisos_viviendas_unidades_superficie_ano_comuna.download
m2_casas,m2,casa,Metropolitana,Independencia,2005,2001,minvu_permisos_viviendas_unidades_superficie_ano_comuna.download
m2_casas,m2,casa,Metropolitana,Independencia,2006,1906,minvu_permisos_viviendas_unidades_superficie_ano_comuna.download
m2_casas,m2,casa,Metropolitana,Independencia,2007,2786,minvu_permisos_viviendas_unidades_superficie_ano_comuna.download
m2_casas,m2,casa,Metropolitana,Independencia,2008,2275,minvu_permisos_viviendas_unidades_superficie_ano_comuna.download
m2_casas,m2,casa,Metropolitana,Independencia,2009,1496,minvu_permisos_viviendas_unidades_superficie_ano_comuna.download
m2_casas,m2,casa,Metropolitana,Independencia,2010,1552,minvu_permisos_viviendas_unidades_superficie_ano_comuna.download
m2_casas,m2,casa,Metropolitana,Independencia,2011,680,minvu_permisos_viviendas_unidades_superficie_ano_comuna.download
m2_casas,m2,casa,Metropolitana,Independencia,2012,627,minvu_permisos_viviendas_unidades_superficie_ano_comuna.download
m2_casas,m2,casa,Metropolitana,Independencia,2013,498,minvu_permisos_viviendas_unidades_superficie_ano_comuna.download
m2_casas,m2,casa,Metropolitana,Independencia,2014,757,minvu_permisos_viviendas_unidades_superficie_ano_comuna.download
m2_casas,m2,casa,Metropolitana,Independencia,2015,2460,minvu_permisos_viviendas_unidades_superficie_ano_comuna.download
m2_casas,m2,casa,Metropolitana,Independencia,2016,4558,minvu_permisos_viviendas_unidades_superficie_ano_comuna.download
m2_casas,m2,casa,Metropolitana,Independencia,2017,5760,minvu_permisos_viviendas_unidades_superficie_ano_comuna.download
m2_casas,m2,casa,Metropolitana,Independencia,2019,4471,minvu_permisos_viviendas_unidades_superficie_ano_comuna.download
m2_casas,m2,casa,Metropolitana,Independencia,2020,3513,minvu_permisos_viviendas_unidades_superficie_ano_comuna.download
m2_casas,m2,casa,Metropolitana,Independencia,2021,2574,minvu_permisos_viviendas_unidades_superficie_ano_comuna.download
m2_casas,m2,casa,Metropolitana,Independencia,2022,1521,minvu_permisos_viviendas_unidades_superficie_ano_comuna.download
m2_casas,m2,casa,Metropolitana,Independencia,2023,922,minvu_permisos_viviendas_unidades_superficie_ano_comuna.download
m2_casas,m2,casa,Metropolitana,Independencia,2026,277,minvu_permisos_viviendas_unidades_superficie_ano_comuna.download
m2_casas,m2,casa,Metropolitana,La Cisterna,2002,1743,minvu_permisos_viviendas_unidades_superficie_ano_comuna.download
m2_casas,m2,casa,Metropolitana,La Cisterna,2003,3435,minvu_permisos_viviendas_unidades_superficie_ano_comuna.download
m2_casas,m2,casa,Metropolitana,La Cisterna,2004,1364,minvu_permisos_viviendas_unidades_superficie_ano_comuna.download
m2_casas,m2,casa,Metropolitana,La Cisterna,2005,6309,minvu_permisos_viviendas_unidades_superficie_ano_comuna.download
m2_casas,m2,casa,Metropolitana,La Cisterna,2006,4403,minvu_permisos_viviendas_unidades_superficie_ano_comuna.download
m2_casas,m2,casa,Metropolitana,La Cisterna,2007,7389,minvu_permisos_viviendas_unidades_superficie_ano_comuna.download
m2_casas,m2,casa,Metropolitana,La Cisterna,2008,4106,minvu_permisos_viviendas_unidades_superficie_ano_comuna.download
m2_casas,m2,casa,Metropolitana,La Cisterna,2009,2982,minvu_permisos_viviendas_unidades_superficie_ano_comuna.download
m2_casas,m2,casa,Metropolitana,La Cisterna,2010,2206,minvu_permisos_viviendas_unidades_superficie_ano_comuna.download
m2_casas,m2,casa,Metropolitana,La Cisterna,2011,2180,minvu_permisos_viviendas_unidades_superficie_ano_comuna.download
m2_casas,m2,casa,Metropolitana,La Cisterna,2012,2081,minvu_permisos_viviendas_unidades_superficie_ano_comuna.download
m2_casas,m2,casa,Metropolitana,La Cisterna,2013,3043,minvu_permisos_viviendas_unidades_superficie_ano_comuna.download
m2_casas,m2,casa,Metropolitana,La Cisterna,2014,5461,minvu_permisos_viviendas_unidades_superficie_ano_comuna.download
m2_casas,m2,casa,Metropolitana,La Cisterna,2015,11753,minvu_permisos_viviendas_unidades_superficie_ano_comuna.download
m2_casas,m2,casa,Metropolitana,La Cisterna,2016,8880,minvu_permisos_viviendas_unidades_superficie_ano_comuna.download
m2_casas,m2,casa,Metropolitana,La Cisterna,2017,11122,minvu_permisos_viviendas_unidades_superficie_ano_comuna.download
m2_casas,m2,casa,Metropolitana,La Cisterna,2019,4773,minvu_permisos_viviendas_unidades_superficie_ano_comuna.download
m2_casas,m2,casa,Metropolitana,La Cisterna,2020,1884,minvu_permisos_viviendas_unidades_superficie_ano_comuna.download
m2_casas,m2,casa,Metropolitana,La Cisterna,2021,2483,minvu_permisos_viviendas_unidades_superficie_ano_comuna.download
m2_casas,m2,casa,Metropolitana,La Cisterna,2022,3756,minvu_permisos_viviendas_unidades_superficie_ano_comuna.download
m2_casas,m2,casa,Metropolitana,La Cisterna,2023,2485,minvu_permisos_viviendas_unidades_superficie_ano_comuna.download
m2_casas,m2,casa,Metropolitana,La Cisterna,2026,140,minvu_permisos_viviendas_unidades_superficie_ano_comuna.download
m2_casas,m2,casa,Metropolitana,La Florida,2002,5152,minvu_permisos_viviendas_unidades_superficie_ano_comuna.download
m2_casas,m2,casa,Metropolitana,La Florida,2003,93563,minvu_permisos_viviendas_unidades_superficie_ano_comuna.download
m2_casas,m2,casa,Metropolitana,La Florida,2004,95845,minvu_permisos_viviendas_unidades_superficie_ano_comuna.download
m2_casas,m2,casa,Metropolitana,La Florida,2005,64731,minvu_permisos_viviendas_unidades_superficie_ano_comuna.download
m2_casas,m2,casa,Metropolitana,La Florida,2006,19718,minvu_permisos_viviendas_unidades_superficie_ano_comuna.download
m2_casas,m2,casa,Metropolitana,La Florida,2007,51977,minvu_permisos_viviendas_unidades_superficie_ano_comuna.download
m2_casas,m2,casa,Metropolitana,La Florida,2008,34292,minvu_permisos_viviendas_unidades_superficie_ano_comuna.download
m2_casas,m2,casa,Metropolitana,La Florida,2009,9492,minvu_permisos_viviendas_unidades_superficie_ano_comuna.download
m2_casas,m2,casa,Metropolitana,La Florida,2010,9036,minvu_permisos_viviendas_unidades_superficie_ano_comuna.download
m2_casas,m2,casa,Metropolitana,La Florida,2011,10867,minvu_permisos_viviendas_unidades_superficie_ano_comuna.download
m2_casas,m2,casa,Metropolitana,La Florida,2012,44228,minvu_permisos_viviendas_unidades_superficie_ano_comuna.download
m2_casas,m2,casa,Metropolitana,La Florida,2013,11355,minvu_permisos_viviendas_unidades_superficie_ano_comuna.download
m2_casas,m2,casa,Metropolitana,La Florida,2014,16532,minvu_permisos_viviendas_unidades_superficie_ano_comuna.download
m2_casas,m2,casa,Metropolitana,La Florida,2015,16169,minvu_permisos_viviendas_unidades_superficie_ano_comuna.download
m2_casas,m2,casa,Metropolitana,La Florida,2016,17693,minvu_permisos_viviendas_unidades_superficie_ano_comuna.download
m2_casas,m2,casa,Metropolitana,La Florida,2017,13783,minvu_permisos_viviendas_unidades_superficie_ano_comuna.download
m2_casas,m2,casa,Metropolitana,La Florida,2019,15750,minvu_permisos_viviendas_unidades_superficie_ano_comuna.download
m2_casas,m2,casa,Metropolitana,La Florida,2020,6455,minvu_permisos_viviendas_unidades_superficie_ano_comuna.download
m2_casas,m2,casa,Metropolitana,La Florida,2021,5781,minvu_permisos_viviendas_unidades_superficie_ano_comuna.download
m2_casas,m2,casa,Metropolitana,La Florida,2022,2824,minvu_permisos_viviendas_unidades_superficie_ano_comuna.download
m2_casas,m2,casa,Metropolitana,La Florida,2023,3203,minvu_permisos_viviendas_unidades_superficie_ano_comuna.download
m2_casas,m2,casa,Metropolitana,La Florida,2026,15368,minvu_permisos_viviendas_unidades_superficie_ano_comuna.download
m2_casas,m2,casa,Metropolitana,La Granja,2002,1068,minvu_permisos_viviendas_unidades_superficie_ano_comuna.download
m2_casas,m2,casa,Metropolitana,La Granja,2003,1343,minvu_permisos_viviendas_unidades_superficie_ano_comuna.download
m2_casas,m2,casa,Metropolitana,La Granja,2004,1716,minvu_permisos_viviendas_unidades_superficie_ano_comuna.download
m2_casas,m2,casa,Metropolitana,La Granja,2005,1279,minvu_permisos_viviendas_unidades_superficie_ano_comuna.download
m2_casas,m2,casa,Metropolitana,La Granja,2006,753,minvu_permisos_viviendas_unidades_superficie_ano_comuna.download
m2_casas,m2,casa,Metropolitana,La Granja,2007,1718,minvu_permisos_viviendas_unidades_superficie_ano_comuna.download
m2_casas,m2,casa,Metropolitana,La Granja,2008,1602,minvu_permisos_viviendas_unidades_superficie_ano_comuna.download
m2_casas,m2,casa,Metropolitana,La Granja,2009,4012,minvu_permisos_viviendas_unidades_superficie_ano_comuna.download
m2_casas,m2,casa,Metropolitana,La Granja,2010,3216,minvu_permisos_viviendas_unidades_superficie_ano_comuna.download
m2_casas,m2,casa,Metropolitana,La Granja,2011,2684,minvu_permisos_viviendas_unidades_superficie_ano_comuna.download
m2_casas,m2,casa,Metropolitana,La Granja,2012,1015,minvu_permisos_viviendas_unidades_superficie_ano_comuna.download
m2_casas,m2,casa,Metropolitana,La Granja,2013,2191,minvu_permisos_viviendas_unidades_superficie_ano_comuna.download
m2_casas,m2,casa,Metropolitana,La Granja,2014,983,minvu_permisos_viviendas_unidades_superficie_ano_comuna.download
m2_casas,m2,casa,Metropolitana,La Granja,2015,2185,minvu_permisos_viviendas_unidades_superficie_ano_comuna.download
m2_casas,m2,casa,Metropolitana,La Granja,2016,2830,minvu_permisos_viviendas_unidades_superficie_ano_comuna.download
m2_casas,m2,casa,Metropolitana,La Granja,2017,2664,minvu_permisos_viviendas_unidades_superficie_ano_comuna.download
m2_casas,m2,casa,Metropolitana,La Granja,2019,1699,minvu_permisos_viviendas_unidades_superficie_ano_comuna.download
m2_casas,m2,casa,Metropolitana,La Granja,2020,1082,minvu_permisos_viviendas_unidades_superficie_ano_comuna.download
m2_casas,m2,casa,Metropolitana,La Granja,2021,1004,minvu_permisos_viviendas_unidades_superficie_ano_comuna.download
m2_casas,m2,casa,Metropolitana,La Granja,2022,734,minvu_permisos_viviendas_unidades_superficie_ano_comuna.download
m2_casas,m2,casa,Metropolitana,La Granja,2023,402,minvu_permisos_viviendas_unidades_superficie_ano_comuna.download
m2_casas,m2,casa,Metropolitana,La Granja,2026,225,minvu_permisos_viviendas_unidades_superficie_ano_comuna.download
m2_casas,m2,casa,Metropolitana,La Pintana,2002,12723,minvu_permisos_viviendas_unidades_superficie_ano_comuna.download
m2_casas,m2,casa,Metropolitana,La Pintana,2003,1484,minvu_permisos_viviendas_unidades_superficie_ano_comuna.download
m2_casas,m2,casa,Metropolitana,La Pintana,2004,19798,minvu_permisos_viviendas_unidades_superficie_ano_comuna.download
m2_casas,m2,casa,Metropolitana,La Pintana,2005,30643,minvu_permisos_viviendas_unidades_superficie_ano_comuna.download
m2_casas,m2,casa,Metropolitana,La Pintana,2006,46506,minvu_permisos_viviendas_unidades_superficie_ano_comuna.download
m2_casas,m2,casa,Metropolitana,La Pintana,2007,34684,minvu_permisos_viviendas_unidades_superficie_ano_comuna.download
m2_casas,m2,casa,Metropolitana,La Pintana,2008,11286,minvu_permisos_viviendas_unidades_superficie_ano_comuna.download
m2_casas,m2,casa,Metropolitana,La Pintana,2009,16501,minvu_permisos_viviendas_unidades_superficie_ano_comuna.download
m2_casas,m2,casa,Metropolitana,La Pintana,2010,77117,minvu_permisos_viviendas_unidades_superficie_ano_comuna.download
m2_casas,m2,casa,Metropolitana,La Pintana,2011,2582,minvu_permisos_viviendas_unidades_superficie_ano_comuna.download
m2_casas,m2,casa,Metropolitana,La Pintana,2012,2303,minvu_permisos_viviendas_unidades_superficie_ano_comuna.download
m2_casas,m2,casa,Metropolitana,La Pintana,2013,2954,minvu_permisos_viviendas_unidades_superficie_ano_comuna.download
m2_casas,m2,casa,Metropolitana,La Pintana,2014,1139,minvu_permisos_viviendas_unidades_superficie_ano_comuna.download
m2_casas,m2,casa,Metropolitana,La Pintana,2015,3794,minvu_permisos_viviendas_unidades_superficie_ano_comuna.download
m2_casas,m2,casa,Metropolitana,La Pintana,2016,3975,minvu_permisos_viviendas_unidades_superficie_ano_comuna.download
m2_casas,m2,casa,Metropolitana,La Pintana,2017,23686,minvu_permisos_viviendas_unidades_superficie_ano_comuna.download
m2_casas,m2,casa,Metropolitana,La Pintana,2019,37223,minvu_permisos_viviendas_unidades_superficie_ano_comuna.download
m2_casas,m2,casa,Metropolitana,La Pintana,2020,1578,minvu_permisos_viviendas_unidades_superficie_ano_comuna.download
m2_casas,m2,casa,Metropolitana,La Pintana,2021,12547,minvu_permisos_viviendas_unidades_superficie_ano_comuna.download
m2_casas,m2,casa,Metropolitana,La Pintana,2022,81458,minvu_permisos_viviendas_unidades_superficie_ano_comuna.download
m2_casas,m2,casa,Metropolitana,La Pintana,2023,506,minvu_permisos_viviendas_unidades_superficie_ano_comuna.download
m2_casas,m2,casa,Metropolitana,La Pintana,2026,78267,minvu_permisos_viviendas_unidades_superficie_ano_comuna.download
m2_casas,m2,casa,Metropolitana,La Reina,2002,13371,minvu_permisos_viviendas_unidades_superficie_ano_comuna.download
m2_casas,m2,casa,Metropolitana,La Reina,2003,34308,minvu_permisos_viviendas_unidades_superficie_ano_comuna.download
m2_casas,m2,casa,Metropolitana,La Reina,2004,39280,minvu_permisos_viviendas_unidades_superficie_ano_comuna.download
m2_casas,m2,casa,Metropolitana,La Reina,2005,54081,minvu_permisos_viviendas_unidades_superficie_ano_comuna.download
m2_casas,m2,casa,Metropolitana,La Reina,2006,34020,minvu_permisos_viviendas_unidades_superficie_ano_comuna.download
m2_casas,m2,casa,Metropolitana,La Reina,2007,23269,minvu_permisos_viviendas_unidades_superficie_ano_comuna.download
m2_casas,m2,casa,Metropolitana,La Reina,2008,13557,minvu_permisos_viviendas_unidades_superficie_ano_comuna.download
m2_casas,m2,casa,Metropolitana,La Reina,2009,20148,minvu_permisos_viviendas_unidades_superficie_ano_comuna.download
m2_casas,m2,casa,Metropolitana,La Reina,2010,14867,minvu_permisos_viviendas_unidades_superficie_ano_comuna.download
m2_casas,m2,casa,Metropolitana,La Reina,2011,35801,minvu_permisos_viviendas_unidades_superficie_ano_comuna.download
m2_casas,m2,casa,Metropolitana,La Reina,2012,35574,minvu_permisos_viviendas_unidades_superficie_ano_comuna.download
m2_casas,m2,casa,Metropolitana,La Reina,2013,22639,minvu_permisos_viviendas_unidades_superficie_ano_comuna.download
m2_casas,m2,casa,Metropolitana,La Reina,2014,33489,minvu_permisos_viviendas_unidades_superficie_ano_comuna.download
m2_casas,m2,casa,Metropolitana,La Reina,2015,25821,minvu_permisos_viviendas_unidades_superficie_ano_comuna.download
m2_casas,m2,casa,Metropolitana,La Reina,2016,27688,minvu_permisos_viviendas_unidades_superficie_ano_comuna.download
m2_casas,m2,casa,Metropolitana,La Reina,2017,5940,minvu_permisos_viviendas_unidades_superficie_ano_comuna.download
m2_casas,m2,casa,Metropolitana,La Reina,2019,8171,minvu_permisos_viviendas_unidades_superficie_ano_comuna.download
m2_casas,m2,casa,Metropolitana,La Reina,2020,3941,minvu_permisos_viviendas_unidades_superficie_ano_comuna.download
m2_casas,m2,casa,Metropolitana,La Reina,2021,2490,minvu_permisos_viviendas_unidades_superficie_ano_comuna.download
m2_casas,m2,casa,Metropolitana,La Reina,2022,3643,minvu_permisos_viviendas_unidades_superficie_ano_comuna.download
m2_casas,m2,casa,Metropolitana,La Reina,2023,7207,minvu_permisos_viviendas_unidades_superficie_ano_comuna.download
m2_casas,m2,casa,Metropolitana,La Reina,2026,120,minvu_permisos_viviendas_unidades_superficie_ano_comuna.download
m2_casas,m2,casa,Metropolitana,Las Condes,2002,46064,minvu_permisos_viviendas_unidades_superficie_ano_comuna.download
m2_casas,m2,casa,Metropolitana,Las Condes,2003,55760,minvu_permisos_viviendas_unidades_superficie_ano_comuna.download
m2_casas,m2,casa,Metropolitana,Las Condes,2004,104553,minvu_permisos_viviendas_unidades_superficie_ano_comuna.download
m2_casas,m2,casa,Metropolitana,Las Condes,2005,95857,minvu_permisos_viviendas_unidades_superficie_ano_comuna.download
m2_casas,m2,casa,Metropolitana,Las Condes,2006,74704,minvu_permisos_viviendas_unidades_superficie_ano_comuna.download
m2_casas,m2,casa,Metropolitana,Las Condes,2007,86385,minvu_permisos_viviendas_unidades_superficie_ano_comuna.download
m2_casas,m2,casa,Metropolitana,Las Condes,2008,33628,minvu_permisos_viviendas_unidades_superficie_ano_comuna.download
m2_casas,m2,casa,Metropolitana,Las Condes,2009,52879,minvu_permisos_viviendas_unidades_superficie_ano_comuna.download
m2_casas,m2,casa,Metropolitana,Las Condes,2010,21447,minvu_permisos_viviendas_unidades_superficie_ano_comuna.download
m2_casas,m2,casa,Metropolitana,Las Condes,2011,38245,minvu_permisos_viviendas_unidades_superficie_ano_comuna.download
m2_casas,m2,casa,Metropolitana,Las Condes,2012,46262,minvu_permisos_viviendas_unidades_superficie_ano_comuna.download
m2_casas,m2,casa,Metropolitana,Las Condes,2013,55734,minvu_permisos_viviendas_unidades_superficie_ano_comuna.download
m2_casas,m2,casa,Metropolitana,Las Condes,2014,42157,minvu_permisos_viviendas_unidades_superficie_ano_comuna.download
m2_casas,m2,casa,Metropolitana,Las Condes,2015,21076,minvu_permisos_viviendas_unidades_superficie_ano_comuna.download
m2_casas,m2,casa,Metropolitana,Las Condes,2016,17035,minvu_permisos_viviendas_unidades_superficie_ano_comuna.download
m2_casas,m2,casa,Metropolitana,Las Condes,2017,24458,minvu_permisos_viviendas_unidades_superficie_ano_comuna.download
m2_casas,m2,casa,Metropolitana,Las Condes,2019,51071,minvu_permisos_viviendas_unidades_superficie_ano_comuna.download
m2_casas,m2,casa,Metropolitana,Las Condes,2020,25605,minvu_permisos_viviendas_unidades_superficie_ano_comuna.download
m2_casas,m2,casa,Metropolitana,Las Condes,2021,41068,minvu_permisos_viviendas_unidades_superficie_ano_comuna.download
m2_casas,m2,casa,Metropolitana,Las Condes,2022,45863,minvu_permisos_viviendas_unidades_superficie_ano_comuna.download
m2_casas,m2,casa,Metropolitana,Las Condes,2023,10484,minvu_permisos_viviendas_unidades_superficie_ano_comuna.download
m2_casas,m2,casa,Metropolitana,Las Condes,2026,245,minvu_permisos_viviendas_unidades_superficie_ano_comuna.download
m2_casas,m2,casa,Metropolitana,Lo Barnechea,2002,191450,minvu_permisos_viviendas_unidades_superficie_ano_comuna.download
m2_casas,m2,casa,Metropolitana,Lo Barnechea,2003,405849,minvu_permisos_viviendas_unidades_superficie_ano_comuna.download
m2_casas,m2,casa,Metropolitana,Lo Barnechea,2004,114164,minvu_permisos_viviendas_unidades_superficie_ano_comuna.download
m2_casas,m2,casa,Metropolitana,Lo Barnechea,2005,75169,minvu_permisos_viviendas_unidades_superficie_ano_comuna.download
m2_casas,m2,casa,Metropolitana,Lo Barnechea,2006,66300,minvu_permisos_viviendas_unidades_superficie_ano_comuna.download
m2_casas,m2,casa,Metropolitana,Lo Barnechea,2007,111774,minvu_permisos_viviendas_unidades_superficie_ano_comuna.download
m2_casas,m2,casa,Metropolitana,Lo Barnechea,2008,66649,minvu_permisos_viviendas_unidades_superficie_ano_comuna.download
m2_casas,m2,casa,Metropolitana,Lo Barnechea,2009,168062,minvu_permisos_viviendas_unidades_superficie_ano_comuna.download
m2_casas,m2,casa,Metropolitana,Lo Barnechea,2010,45691,minvu_permisos_viviendas_unidades_superficie_ano_comuna.download
m2_casas,m2,casa,Metropolitana,Lo Barnechea,2011,53443,minvu_permisos_viviendas_unidades_superficie_ano_comuna.download
m2_casas,m2,casa,Metropolitana,Lo Barnechea,2012,71926,minvu_permisos_viviendas_unidades_superficie_ano_comuna.download
m2_casas,m2,casa,Metropolitana,Lo Barnechea,2013,113092,minvu_permisos_viviendas_unidades_superficie_ano_comuna.download
m2_casas,m2,casa,Metropolitana,Lo Barnechea,2014,33662,minvu_permisos_viviendas_unidades_superficie_ano_comuna.download
m2_casas,m2,casa,Metropolitana,Lo Barnechea,2015,74245,minvu_permisos_viviendas_unidades_superficie_ano_comuna.download
m2_casas,m2,casa,Metropolitana,Lo Barnechea,2016,35655,minvu_permisos_viviendas_unidades_superficie_ano_comuna.download
m2_casas,m2,casa,Metropolitana,Lo Barnechea,2017,55682,minvu_permisos_viviendas_unidades_superficie_ano_comuna.download
m2_casas,m2,casa,Metropolitana,Lo Barnechea,2019,67648,minvu_permisos_viviendas_unidades_superficie_ano_comuna.download
m2_casas,m2,casa,Metropolitana,Lo Barnechea,2020,7696,minvu_permisos_viviendas_unidades_superficie_ano_comuna.download
m2_casas,m2,casa,Metropolitana,Lo Barnechea,2021,31064,minvu_permisos_viviendas_unidades_superficie_ano_comuna.download
m2_casas,m2,casa,Metropolitana,Lo Barnechea,2022,44893,minvu_permisos_viviendas_unidades_superficie_ano_comuna.download
m2_casas,m2,casa,Metropolitana,Lo Barnechea,2023,60067,minvu_permisos_viviendas_unidades_superficie_ano_comuna.download
m2_casas,m2,casa,Metropolitana,Lo Barnechea,2026,12705,minvu_permisos_viviendas_unidades_superficie_ano_comuna.download
m2_casas,m2,casa,Metropolitana,Lo Espejo,2002,150,minvu_permisos_viviendas_unidades_superficie_ano_comuna.download
m2_casas,m2,casa,Metropolitana,Lo Espejo,2003,63,minvu_permisos_viviendas_unidades_superficie_ano_comuna.download
m2_casas,m2,casa,Metropolitana,Lo Espejo,2004,1334,minvu_permisos_viviendas_unidades_superficie_ano_comuna.download
m2_casas,m2,casa,Metropolitana,Lo Espejo,2005,1460,minvu_permisos_viviendas_unidades_superficie_ano_comuna.download
m2_casas,m2,casa,Metropolitana,Lo Espejo,2006,2250,minvu_permisos_viviendas_unidades_superficie_ano_comuna.download
m2_casas,m2,casa,Metropolitana,Lo Espejo,2007,3649,minvu_permisos_viviendas_unidades_superficie_ano_comuna.download
m2_casas,m2,casa,Metropolitana,Lo Espejo,2008,2579,minvu_permisos_viviendas_unidades_superficie_ano_comuna.download
m2_casas,m2,casa,Metropolitana,Lo Espejo,2009,18855,minvu_permisos_viviendas_unidades_superficie_ano_comuna.download
m2_casas,m2,casa,Metropolitana,Lo Espejo,2010,81,minvu_permisos_viviendas_unidades_superficie_ano_comuna.download
m2_casas,m2,casa,Metropolitana,Lo Espejo,2011,2833,minvu_permisos_viviendas_unidades_superficie_ano_comuna.download
m2_casas,m2,casa,Metropolitana,Lo Espejo,2012,600,minvu_permisos_viviendas_unidades_superficie_ano_comuna.download
m2_casas,m2,casa,Metropolitana,Lo Espejo,2013,272,minvu_permisos_viviendas_unidades_superficie_ano_comuna.download
m2_casas,m2,casa,Metropolitana,Lo Espejo,2014,140,minvu_permisos_viviendas_unidades_superficie_ano_comuna.download
m2_casas,m2,casa,Metropolitana,Lo Espejo,2015,2115,minvu_permisos_viviendas_unidades_superficie_ano_comuna.download
m2_casas,m2,casa,Metropolitana,Lo Espejo,2016,1300,minvu_permisos_viviendas_unidades_superficie_ano_comuna.download
m2_casas,m2,casa,Metropolitana,Lo Espejo,2017,0,minvu_permisos_viviendas_unidades_superficie_ano_comuna.download
m2_casas,m2,casa,Metropolitana,Lo Espejo,2019,424,minvu_permisos_viviendas_unidades_superficie_ano_comuna.download
m2_casas,m2,casa,Metropolitana,Lo Espejo,2020,55,minvu_permisos_viviendas_unidades_superficie_ano_comuna.download
m2_casas,m2,casa,Metropolitana,Lo Espejo,2021,61,minvu_permisos_viviendas_unidades_superficie_ano_comuna.download
m2_casas,m2,casa,Metropolitana,Lo Espejo,2022,651,minvu_permisos_viviendas_unidades_superficie_ano_comuna.download
m2_casas,m2,casa,Metropolitana,Lo Espejo,2023,1305,minvu_permisos_viviendas_unidades_superficie_ano_comuna.download
m2_casas,m2,casa,Metropolitana,Lo Espejo,2026,96,minvu_permisos_viviendas_unidades_superficie_ano_comuna.download
m2_casas,m2,casa,Metropolitana,Lo Prado,2002,1562,minvu_permisos_viviendas_unidades_superficie_ano_comuna.download
m2_casas,m2,casa,Metropolitana,Lo Prado,2003,3511,minvu_permisos_viviendas_unidades_superficie_ano_comuna.download
m2_casas,m2,casa,Metropolitana,Lo Prado,2004,1364,minvu_permisos_viviendas_unidades_superficie_ano_comuna.download
m2_casas,m2,casa,Metropolitana,Lo Prado,2005,4707,minvu_permisos_viviendas_unidades_superficie_ano_comuna.download
m2_casas,m2,casa,Metropolitana,Lo Prado,2006,1385,minvu_permisos_viviendas_unidades_superficie_ano_comuna.download
m2_casas,m2,casa,Metropolitana,Lo Prado,2007,1796,minvu_permisos_viviendas_unidades_superficie_ano_comuna.download
m2_casas,m2,casa,Metropolitana,Lo Prado,2008,647,minvu_permisos_viviendas_unidades_superficie_ano_comuna.download
m2_casas,m2,casa,Metropolitana,Lo Prado,2009,715,minvu_permisos_viviendas_unidades_superficie_ano_comuna.download
m2_casas,m2,casa,Metropolitana,Lo Prado,2010,584,minvu_permisos_viviendas_unidades_superficie_ano_comuna.download
m2_casas,m2,casa,Metropolitana,Lo Prado,2011,1052,minvu_permisos_viviendas_unidades_superficie_ano_comuna.download
m2_casas,m2,casa,Metropolitana,Lo Prado,2012,1901,minvu_permisos_viviendas_unidades_superficie_ano_comuna.download
m2_casas,m2,casa,Metropolitana,Lo Prado,2013,864,minvu_permisos_viviendas_unidades_superficie_ano_comuna.download
m2_casas,m2,casa,Metropolitana,Lo Prado,2014,1538,minvu_permisos_viviendas_unidades_superficie_ano_comuna.download
m2_casas,m2,casa,Metropolitana,Lo Prado,2015,1994,minvu_permisos_viviendas_unidades_superficie_ano_comuna.download
m2_casas,m2,casa,Metropolitana,Lo Prado,2016,8112,minvu_permisos_viviendas_unidades_superficie_ano_comuna.download
m2_casas,m2,casa,Metropolitana,Lo Prado,2017,6787,minvu_permisos_viviendas_unidades_superficie_ano_comuna.download
m2_casas,m2,casa,Metropolitana,Lo Prado,2019,7890,minvu_permisos_viviendas_unidades_superficie_ano_comuna.download
m2_casas,m2,casa,Metropolitana,Lo Prado,2020,2448,minvu_permisos_viviendas_unidades_superficie_ano_comuna.download
m2_casas,m2,casa,Metropolitana,Lo Prado,2021,1876,minvu_permisos_viviendas_unidades_superficie_ano_comuna.download
m2_casas,m2,casa,Metropolitana,Lo Prado,2022,2872,minvu_permisos_viviendas_unidades_superficie_ano_comuna.download
m2_casas,m2,casa,Metropolitana,Lo Prado,2023,1385,minvu_permisos_viviendas_unidades_superficie_ano_comuna.download
m2_casas,m2,casa,Metropolitana,Lo Prado,2026,274,minvu_permisos_viviendas_unidades_superficie_ano_comuna.download
m2_casas,m2,casa,Metropolitana,Macul,2002,1974,minvu_permisos_viviendas_unidades_superficie_ano_comuna.download
m2_casas,m2,casa,Metropolitana,Macul,2003,2303,minvu_permisos_viviendas_unidades_superficie_ano_comuna.download
m2_casas,m2,casa,Metropolitana,Macul,2004,2353,minvu_permisos_viviendas_unidades_superficie_ano_comuna.download
m2_casas,m2,casa,Metropolitana,Macul,2005,8937,minvu_permisos_viviendas_unidades_superficie_ano_comuna.download
m2_casas,m2,casa,Metropolitana,Macul,2006,2619,minvu_permisos_viviendas_unidades_superficie_ano_comuna.download
m2_casas,m2,casa,Metropolitana,Macul,2007,1281,minvu_permisos_viviendas_unidades_superficie_ano_comuna.download
m2_casas,m2,casa,Metropolitana,Macul,2008,2962,minvu_permisos_viviendas_unidades_superficie_ano_comuna.download
m2_casas,m2,casa,Metropolitana,Macul,2009,270,minvu_permisos_viviendas_unidades_superficie_ano_comuna.download
m2_casas,m2,casa,Metropolitana,Macul,2010,758,minvu_permisos_viviendas_unidades_superficie_ano_comuna.download
m2_casas,m2,casa,Metropolitana,Macul,2011,3962,minvu_permisos_viviendas_unidades_superficie_ano_comuna.download
m2_casas,m2,casa,Metropolitana,Macul,2012,973,minvu_permisos_viviendas_unidades_superficie_ano_comuna.download
m2_casas,m2,casa,Metropolitana,Macul,2013,865,minvu_permisos_viviendas_unidades_superficie_ano_comuna.download
m2_casas,m2,casa,Metropolitana,Macul,2014,5401,minvu_permisos_viviendas_unidades_superficie_ano_comuna.download
m2_casas,m2,casa,Metropolitana,Macul,2015,2901,minvu_permisos_viviendas_unidades_superficie_ano_comuna.download
m2_casas,m2,casa,Metropolitana,Macul,2016,4496,minvu_permisos_viviendas_unidades_superficie_ano_comuna.download
m2_casas,m2,casa,Metropolitana,Macul,2017,4292,minvu_permisos_viviendas_unidades_superficie_ano_comuna.download
m2_casas,m2,casa,Metropolitana,Macul,2019,2049,minvu_permisos_viviendas_unidades_superficie_ano_comuna.download
m2_casas,m2,casa,Metropolitana,Macul,2020,436,minvu_permisos_viviendas_unidades_superficie_ano_comuna.download
m2_casas,m2,casa,Metropolitana,Macul,2021,339,minvu_permisos_viviendas_unidades_superficie_ano_comuna.download
m2_casas,m2,casa,Metropolitana,Macul,2022,0,minvu_permisos_viviendas_unidades_superficie_ano_comuna.download
m2_casas,m2,casa,Metropolitana,Macul,2023,81,minvu_permisos_viviendas_unidades_superficie_ano_comuna.download
m2_casas,m2,casa,Metropolitana,Macul,2026,0,minvu_permisos_viviendas_unidades_superficie_ano_comuna.download
m2_casas,m2,casa,Metropolitana,Maipú,2002,257264,minvu_permisos_viviendas_unidades_superficie_ano_comuna.download
m2_casas,m2,casa,Metropolitana,Maipú,2003,186906,minvu_permisos_viviendas_unidades_superficie_ano_comuna.download
m2_casas,m2,casa,Metropolitana,Maipú,2004,287920,minvu_permisos_viviendas_unidades_superficie_ano_comuna.download
m2_casas,m2,casa,Metropolitana,Maipú,2005,523662,minvu_permisos_viviendas_unidades_superficie_ano_comuna.download
m2_casas,m2,casa,Metropolitana,Maipú,2006,624987,minvu_permisos_viviendas_unidades_superficie_ano_comuna.download
m2_casas,m2,casa,Metropolitana,Maipú,2007,262587,minvu_permisos_viviendas_unidades_superficie_ano_comuna.download
m2_casas,m2,casa,Metropolitana,Maipú,2008,117153,minvu_permisos_viviendas_unidades_superficie_ano_comuna.download
m2_casas,m2,casa,Metropolitana,Maipú,2009,87997,minvu_permisos_viviendas_unidades_superficie_ano_comuna.download
m2_casas,m2,casa,Metropolitana,Maipú,2010,35656,minvu_permisos_viviendas_unidades_superficie_ano_comuna.download
m2_casas,m2,casa,Metropolitana,Maipú,2011,64761,minvu_permisos_viviendas_unidades_superficie_ano_comuna.download
m2_casas,m2,casa,Metropolitana,Maipú,2012,52791,minvu_permisos_viviendas_unidades_superficie_ano_comuna.download
m2_casas,m2,casa,Metropolitana,Maipú,2013,55469,minvu_permisos_viviendas_unidades_superficie_ano_comuna.download
m2_casas,m2,casa,Metropolitana,Maipú,2014,41710,minvu_permisos_viviendas_unidades_superficie_ano_comuna.download
m2_casas,m2,casa,Metropolitana,Maipú,2015,41080,minvu_permisos_viviendas_unidades_superficie_ano_comuna.download
m2_casas,m2,casa,Metropolitana,Maipú,2016,44387,minvu_permisos_viviendas_unidades_superficie_ano_comuna.download
m2_casas,m2,casa,Metropolitana,Maipú,2017,37804,minvu_permisos_viviendas_unidades_superficie_ano_comuna.download
m2_casas,m2,casa,Metropolitana,Maipú,2019,25659,minvu_permisos_viviendas_unidades_superficie_ano_comuna.download
m2_casas,m2,casa,Metropolitana,Maipú,2020,26498,minvu_permisos_viviendas_unidades_superficie_ano_comuna.download
m2_casas,m2,casa,Metropolitana,Maipú,2021,9244,minvu_permisos_viviendas_unidades_superficie_ano_comuna.download
m2_casas,m2,casa,Metropolitana,Maipú,2022,1845,minvu_permisos_viviendas_unidades_superficie_ano_comuna.download
m2_casas,m2,casa,Metropolitana,Maipú,2023,2573,minvu_permisos_viviendas_unidades_superficie_ano_comuna.download
m2_casas,m2,casa,Metropolitana,Maipú,2026,0,minvu_permisos_viviendas_unidades_superficie_ano_comuna.download
m2_casas,m2,casa,Metropolitana,Ñuñoa,2002,17304,minvu_permisos_viviendas_unidades_superficie_ano_comuna.download
m2_casas,m2,casa,Metropolitana,Ñuñoa,2003,2269,minvu_permisos_viviendas_unidades_superficie_ano_comuna.download
m2_casas,m2,casa,Metropolitana,Ñuñoa,2004,1865,minvu_permisos_viviendas_unidades_superficie_ano_comuna.download
m2_casas,m2,casa,Metropolitana,Ñuñoa,2005,3807,minvu_permisos_viviendas_unidades_superficie_ano_comuna.download
m2_casas,m2,casa,Metropolitana,Ñuñoa,2006,2250,minvu_permisos_viviendas_unidades_superficie_ano_comuna.download
m2_casas,m2,casa,Metropolitana,Ñuñoa,2007,1966,minvu_permisos_viviendas_unidades_superficie_ano_comuna.download
m2_casas,m2,casa,Metropolitana,Ñuñoa,2008,1215,minvu_permisos_viviendas_unidades_superficie_ano_comuna.download
m2_casas,m2,casa,Metropolitana,Ñuñoa,2009,2812,minvu_permisos_viviendas_unidades_superficie_ano_comuna.download
m2_casas,m2,casa,Metropolitana,Ñuñoa,2010,1457,minvu_permisos_viviendas_unidades_superficie_ano_comuna.download
m2_casas,m2,casa,Metropolitana,Ñuñoa,2011,4723,minvu_permisos_viviendas_unidades_superficie_ano_comuna.download
m2_casas,m2,casa,Metropolitana,Ñuñoa,2012,2219,minvu_permisos_viviendas_unidades_superficie_ano_comuna.download
m2_casas,m2,casa,Metropolitana,Ñuñoa,2013,160,minvu_permisos_viviendas_unidades_superficie_ano_comuna.download
m2_casas,m2,casa,Metropolitana,Ñuñoa,2014,6602,minvu_permisos_viviendas_unidades_superficie_ano_comuna.download
m2_casas,m2,casa,Metropolitana,Ñuñoa,2015,4096,minvu_permisos_viviendas_unidades_superficie_ano_comuna.download
m2_casas,m2,casa,Metropolitana,Ñuñoa,2016,3577,minvu_permisos_viviendas_unidades_superficie_ano_comuna.download
m2_casas,m2,casa,Metropolitana,Ñuñoa,2017,2667,minvu_permisos_viviendas_unidades_superficie_ano_comuna.download
m2_casas,m2,casa,Metropolitana,Ñuñoa,2019,1295,minvu_permisos_viviendas_unidades_superficie_ano_comuna.download
m2_casas,m2,casa,Metropolitana,Ñuñoa,2020,469,minvu_permisos_viviendas_unidades_superficie_ano_comuna.download
m2_casas,m2,casa,Metropolitana,Ñuñoa,2021,1337,minvu_permisos_viviendas_unidades_superficie_ano_comuna.download
m2_casas,m2,casa,Metropolitana,Ñuñoa,2022,912,minvu_permisos_viviendas_unidades_superficie_ano_comuna.download
m2_casas,m2,casa,Metropolitana,Ñuñoa,2023,1780,minvu_permisos_viviendas_unidades_superficie_ano_comuna.download
m2_casas,m2,casa,Metropolitana,Ñuñoa,2026,0,minvu_permisos_viviendas_unidades_superficie_ano_comuna.download
m2_casas,m2,casa,Metropolitana,Pedro Aguirre Cerda,2002,780,minvu_permisos_viviendas_unidades_superficie_ano_comuna.download
m2_casas,m2,casa,Metropolitana,Pedro Aguirre Cerda,2003,2438,minvu_permisos_viviendas_unidades_superficie_ano_comuna.download
m2_casas,m2,casa,Metropolitana,Pedro Aguirre Cerda,2004,965,minvu_permisos_viviendas_unidades_superficie_ano_comuna.download
m2_casas,m2,casa,Metropolitana,Pedro Aguirre Cerda,2005,1477,minvu_permisos_viviendas_unidades_superficie_ano_comuna.download
m2_casas,m2,casa,Metropolitana,Pedro Aguirre Cerda,2006,2825,minvu_permisos_viviendas_unidades_superficie_ano_comuna.download
m2_casas,m2,casa,Metropolitana,Pedro Aguirre Cerda,2007,1283,minvu_permisos_viviendas_unidades_superficie_ano_comuna.download
m2_casas,m2,casa,Metropolitana,Pedro Aguirre Cerda,2008,11467,minvu_permisos_viviendas_unidades_superficie_ano_comuna.download
m2_casas,m2,casa,Metropolitana,Pedro Aguirre Cerda,2009,1946,minvu_permisos_viviendas_unidades_superficie_ano_comuna.download
m2_casas,m2,casa,Metropolitana,Pedro Aguirre Cerda,2010,4108,minvu_permisos_viviendas_unidades_superficie_ano_comuna.download
m2_casas,m2,casa,Metropolitana,Pedro Aguirre Cerda,2011,3143,minvu_permisos_viviendas_unidades_superficie_ano_comuna.download
m2_casas,m2,casa,Metropolitana,Pedro Aguirre Cerda,2012,4209,minvu_permisos_viviendas_unidades_superficie_ano_comuna.download
m2_casas,m2,casa,Metropolitana,Pedro Aguirre Cerda,2013,3003,minvu_permisos_viviendas_unidades_superficie_ano_comuna.download
m2_casas,m2,casa,Metropolitana,Pedro Aguirre Cerda,2014,6416,minvu_permisos_viviendas_unidades_superficie_ano_comuna.download
m2_casas,m2,casa,Metropolitana,Pedro Aguirre Cerda,2015,3754,minvu_permisos_viviendas_unidades_superficie_ano_comuna.download
m2_casas,m2,casa,Metropolitana,Pedro Aguirre Cerda,2016,3567,minvu_permisos_viviendas_unidades_superficie_ano_comuna.download
m2_casas,m2,casa,Metropolitana,Pedro Aguirre Cerda,2017,1854,minvu_permisos_viviendas_unidades_superficie_ano_comuna.download
m2_casas,m2,casa,Metropolitana,Pedro Aguirre Cerda,2019,4408,minvu_permisos_viviendas_unidades_superficie_ano_comuna.download
m2_casas,m2,casa,Metropolitana,Pedro Aguirre Cerda,2020,1658,minvu_permisos_viviendas_unidades_superficie_ano_comuna.download
m2_casas,m2,casa,Metropolitana,Pedro Aguirre Cerda,2021,2271,minvu_permisos_viviendas_unidades_superficie_ano_comuna.download
m2_casas,m2,casa,Metropolitana,Pedro Aguirre Cerda,2022,2530,minvu_permisos_viviendas_unidades_superficie_ano_comuna.download
m2_casas,m2,casa,Metropolitana,Pedro Aguirre Cerda,2023,1235,minvu_permisos_viviendas_unidades_superficie_ano_comuna.download
m2_casas,m2,casa,Metropolitana,Pedro Aguirre Cerda,2026,235,minvu_permisos_viviendas_unidades_superficie_ano_comuna.download
m2_casas,m2,casa,Metropolitana,Peñalolén,2002,113292,minvu_permisos_viviendas_unidades_superficie_ano_comuna.download
m2_casas,m2,casa,Metropolitana,Peñalolén,2003,49026,minvu_permisos_viviendas_unidades_superficie_ano_comuna.download
m2_casas,m2,casa,Metropolitana,Peñalolén,2004,141306,minvu_permisos_viviendas_unidades_superficie_ano_comuna.download
m2_casas,m2,casa,Metropolitana,Peñalolén,2005,87786,minvu_permisos_viviendas_unidades_superficie_ano_comuna.download
m2_casas,m2,casa,Metropolitana,Peñalolén,2006,140167,minvu_permisos_viviendas_unidades_superficie_ano_comuna.download
m2_casas,m2,casa,Metropolitana,Peñalolén,2007,38020,minvu_permisos_viviendas_unidades_superficie_ano_comuna.download
m2_casas,m2,casa,Metropolitana,Peñalolén,2008,65749,minvu_permisos_viviendas_unidades_superficie_ano_comuna.download
m2_casas,m2,casa,Metropolitana,Peñalolén,2009,86715,minvu_permisos_viviendas_unidades_superficie_ano_comuna.download
m2_casas,m2,casa,Metropolitana,Peñalolén,2010,15211,minvu_permisos_viviendas_unidades_superficie_ano_comuna.download
m2_casas,m2,casa,Metropolitana,Peñalolén,2011,80959,minvu_permisos_viviendas_unidades_superficie_ano_comuna.download
m2_casas,m2,casa,Metropolitana,Peñalolén,2012,90510,minvu_permisos_viviendas_unidades_superficie_ano_comuna.download
m2_casas,m2,casa,Metropolitana,Peñalolén,2013,67373,minvu_permisos_viviendas_unidades_superficie_ano_comuna.download
m2_casas,m2,casa,Metropolitana,Peñalolén,2014,86774,minvu_permisos_viviendas_unidades_superficie_ano_comuna.download
m2_casas,m2,casa,Metropolitana,Peñalolén,2015,38173,minvu_permisos_viviendas_unidades_superficie_ano_comuna.download
m2_casas,m2,casa,Metropolitana,Peñalolén,2016,58352,minvu_permisos_viviendas_unidades_superficie_ano_comuna.download
m2_casas,m2,casa,Metropolitana,Peñalolén,2017,37708,minvu_permisos_viviendas_unidades_superficie_ano_comuna.download
m2_casas,m2,casa,Metropolitana,Peñalolén,2019,10071,minvu_permisos_viviendas_unidades_superficie_ano_comuna.download
m2_casas,m2,casa,Metropolitana,Peñalolén,2020,14459,minvu_permisos_viviendas_unidades_superficie_ano_comuna.download
m2_casas,m2,casa,Metropolitana,Peñalolén,2021,25928,minvu_permisos_viviendas_unidades_superficie_ano_comuna.download
m2_casas,m2,casa,Metropolitana,Peñalolén,2022,35776,minvu_permisos_viviendas_unidades_superficie_ano_comuna.download
m2_casas,m2,casa,Metropolitana,Peñalolén,2023,13717,minvu_permisos_viviendas_unidades_superficie_ano_comuna.download
m2_casas,m2,casa,Metropolitana,Peñalolén,2026,1172,minvu_permisos_viviendas_unidades_superficie_ano_comuna.download
m2_casas,m2,casa,Metropolitana,Providencia,2002,244,minvu_permisos_viviendas_unidades_superficie_ano_comuna.download
m2_casas,m2,casa,Metropolitana,Providencia,2003,127,minvu_permisos_viviendas_unidades_superficie_ano_comuna.download
m2_casas,m2,casa,Metropolitana,Providencia,2004,89,minvu_permisos_viviendas_unidades_superficie_ano_comuna.download
m2_casas,m2,casa,Metropolitana,Providencia,2005,0,minvu_permisos_viviendas_unidades_superficie_ano_comuna.download
m2_casas,m2,casa,Metropolitana,Providencia,2006,321,minvu_permisos_viviendas_unidades_superficie_ano_comuna.download
m2_casas,m2,casa,Metropolitana,Providencia,2007,614,minvu_permisos_viviendas_unidades_superficie_ano_comuna.download
m2_casas,m2,casa,Metropolitana,Providencia,2008,60,minvu_permisos_viviendas_unidades_superficie_ano_comuna.download
m2_casas,m2,casa,Metropolitana,Providencia,2009,360,minvu_permisos_viviendas_unidades_superficie_ano_comuna.download
m2_casas,m2,casa,Metropolitana,Providencia,2010,804,minvu_permisos_viviendas_unidades_superficie_ano_comuna.download
m2_casas,m2,casa,Metropolitana,Providencia,2011,730,minvu_permisos_viviendas_unidades_superficie_ano_comuna.download
m2_casas,m2,casa,Metropolitana,Providencia,2012,0,minvu_permisos_viviendas_unidades_superficie_ano_comuna.download
m2_casas,m2,casa,Metropolitana,Providencia,2013,1023,minvu_permisos_viviendas_unidades_superficie_ano_comuna.download
m2_casas,m2,casa,Metropolitana,Providencia,2014,1219,minvu_permisos_viviendas_unidades_superficie_ano_comuna.download
m2_casas,m2,casa,Metropolitana,Providencia,2015,1745,minvu_permisos_viviendas_unidades_superficie_ano_comuna.download
m2_casas,m2,casa,Metropolitana,Providencia,2016,952,minvu_permisos_viviendas_unidades_superficie_ano_comuna.download
m2_casas,m2,casa,Metropolitana,Providencia,2017,597,minvu_permisos_viviendas_unidades_superficie_ano_comuna.download
m2_casas,m2,casa,Metropolitana,Providencia,2019,388,minvu_permisos_viviendas_unidades_superficie_ano_comuna.download
m2_casas,m2,casa,Metropolitana,Providencia,2020,1596,minvu_permisos_viviendas_unidades_superficie_ano_comuna.download
m2_casas,m2,casa,Metropolitana,Providencia,2021,548,minvu_permisos_viviendas_unidades_superficie_ano_comuna.download
m2_casas,m2,casa,Metropolitana,Providencia,2022,8548,minvu_permisos_viviendas_unidades_superficie_ano_comuna.download
m2_casas,m2,casa,Metropolitana,Providencia,2023,3501,minvu_permisos_viviendas_unidades_superficie_ano_comuna.download
m2_casas,m2,casa,Metropolitana,Providencia,2026,0,minvu_permisos_viviendas_unidades_superficie_ano_comuna.download
m2_casas,m2,casa,Metropolitana,Pudahuel,2002,36547,minvu_permisos_viviendas_unidades_superficie_ano_comuna.download
m2_casas,m2,casa,Metropolitana,Pudahuel,2003,20995,minvu_permisos_viviendas_unidades_superficie_ano_comuna.download
m2_casas,m2,casa,Metropolitana,Pudahuel,2004,87928,minvu_permisos_viviendas_unidades_superficie_ano_comuna.download
m2_casas,m2,casa,Metropolitana,Pudahuel,2005,48788,minvu_permisos_viviendas_unidades_superficie_ano_comuna.download
m2_casas,m2,casa,Metropolitana,Pudahuel,2006,116957,minvu_permisos_viviendas_unidades_superficie_ano_comuna.download
m2_casas,m2,casa,Metropolitana,Pudahuel,2007,199672,minvu_permisos_viviendas_unidades_superficie_ano_comuna.download
m2_casas,m2,casa,Metropolitana,Pudahuel,2008,11720,minvu_permisos_viviendas_unidades_superficie_ano_comuna.download
m2_casas,m2,casa,Metropolitana,Pudahuel,2009,8356,minvu_permisos_viviendas_unidades_superficie_ano_comuna.download
m2_casas,m2,casa,Metropolitana,Pudahuel,2010,10941,minvu_permisos_viviendas_unidades_superficie_ano_comuna.download
m2_casas,m2,casa,Metropolitana,Pudahuel,2011,32580,minvu_permisos_viviendas_unidades_superficie_ano_comuna.download
m2_casas,m2,casa,Metropolitana,Pudahuel,2012,10398,minvu_permisos_viviendas_unidades_superficie_ano_comuna.download
m2_casas,m2,casa,Metropolitana,Pudahuel,2013,23145,minvu_permisos_viviendas_unidades_superficie_ano_comuna.download
m2_casas,m2,casa,Metropolitana,Pudahuel,2014,34046,minvu_permisos_viviendas_unidades_superficie_ano_comuna.download
m2_casas,m2,casa,Metropolitana,Pudahuel,2015,4346,minvu_permisos_viviendas_unidades_superficie_ano_comuna.download
m2_casas,m2,casa,Metropolitana,Pudahuel,2016,12485,minvu_permisos_viviendas_unidades_superficie_ano_comuna.download
m2_casas,m2,casa,Metropolitana,Pudahuel,2017,5356,minvu_permisos_viviendas_unidades_superficie_ano_comuna.download
m2_casas,m2,casa,Metropolitana,Pudahuel,2019,3453,minvu_permisos_viviendas_unidades_superficie_ano_comuna.download
m2_casas,m2,casa,Metropolitana,Pudahuel,2020,917,minvu_permisos_viviendas_unidades_superficie_ano_comuna.download
m2_casas,m2,casa,Metropolitana,Pudahuel,2021,3969,minvu_permisos_viviendas_unidades_superficie_ano_comuna.download
m2_casas,m2,casa,Metropolitana,Pudahuel,2022,3047,minvu_permisos_viviendas_unidades_superficie_ano_comuna.download
m2_casas,m2,casa,Metropolitana,Pudahuel,2023,6920,minvu_permisos_viviendas_unidades_superficie_ano_comuna.download
m2_casas,m2,casa,Metropolitana,Pudahuel,2026,323,minvu_permisos_viviendas_unidades_superficie_ano_comuna.download
m2_casas,m2,casa,Metropolitana,Quilicura,2002,237071,minvu_permisos_viviendas_unidades_superficie_ano_comuna.download
m2_casas,m2,casa,Metropolitana,Quilicura,2003,140673,minvu_permisos_viviendas_unidades_superficie_ano_comuna.download
m2_casas,m2,casa,Metropolitana,Quilicura,2004,160215,minvu_permisos_viviendas_unidades_superficie_ano_comuna.download
m2_casas,m2,casa,Metropolitana,Quilicura,2005,40592,minvu_permisos_viviendas_unidades_superficie_ano_comuna.download
m2_casas,m2,casa,Metropolitana,Quilicura,2006,105420,minvu_permisos_viviendas_unidades_superficie_ano_comuna.download
m2_casas,m2,casa,Metropolitana,Quilicura,2007,239973,minvu_permisos_viviendas_unidades_superficie_ano_comuna.download
m2_casas,m2,casa,Metropolitana,Quilicura,2008,39353,minvu_permisos_viviendas_unidades_superficie_ano_comuna.download
m2_casas,m2,casa,Metropolitana,Quilicura,2009,34412,minvu_permisos_viviendas_unidades_superficie_ano_comuna.download
m2_casas,m2,casa,Metropolitana,Quilicura,2010,43902,minvu_permisos_viviendas_unidades_superficie_ano_comuna.download
m2_casas,m2,casa,Metropolitana,Quilicura,2011,21401,minvu_permisos_viviendas_unidades_superficie_ano_comuna.download
m2_casas,m2,casa,Metropolitana,Quilicura,2012,42083,minvu_permisos_viviendas_unidades_superficie_ano_comuna.download
m2_casas,m2,casa,Metropolitana,Quilicura,2013,66202,minvu_permisos_viviendas_unidades_superficie_ano_comuna.download
m2_casas,m2,casa,Metropolitana,Quilicura,2014,46343,minvu_permisos_viviendas_unidades_superficie_ano_comuna.download
m2_casas,m2,casa,Metropolitana,Quilicura,2015,25967,minvu_permisos_viviendas_unidades_superficie_ano_comuna.download
m2_casas,m2,casa,Metropolitana,Quilicura,2016,110149,minvu_permisos_viviendas_unidades_superficie_ano_comuna.download
m2_casas,m2,casa,Metropolitana,Quilicura,2017,34207,minvu_permisos_viviendas_unidades_superficie_ano_comuna.download
m2_casas,m2,casa,Metropolitana,Quilicura,2019,1795,minvu_permisos_viviendas_unidades_superficie_ano_comuna.download
m2_casas,m2,casa,Metropolitana,Quilicura,2020,5479,minvu_permisos_viviendas_unidades_superficie_ano_comuna.download
m2_casas,m2,casa,Metropolitana,Quilicura,2021,17370,minvu_permisos_viviendas_unidades_superficie_ano_comuna.download
m2_casas,m2,casa,Metropolitana,Quilicura,2022,21624,minvu_permisos_viviendas_unidades_superficie_ano_comuna.download
m2_casas,m2,casa,Metropolitana,Quilicura,2023,23346,minvu_permisos_viviendas_unidades_superficie_ano_comuna.download
m2_casas,m2,casa,Metropolitana,Quilicura,2026,117,minvu_permisos_viviendas_unidades_superficie_ano_comuna.download
m2_casas,m2,casa,Metropolitana,Quinta Normal,2002,15264,minvu_permisos_viviendas_unidades_superficie_ano_comuna.download
m2_casas,m2,casa,Metropolitana,Quinta Normal,2003,5948,minvu_permisos_viviendas_unidades_superficie_ano_comuna.download
m2_casas,m2,casa,Metropolitana,Quinta Normal,2004,4295,minvu_permisos_viviendas_unidades_superficie_ano_comuna.download
m2_casas,m2,casa,Metropolitana,Quinta Normal,2005,9684,minvu_permisos_viviendas_unidades_superficie_ano_comuna.download
m2_casas,m2,casa,Metropolitana,Quinta Normal,2006,9839,minvu_permisos_viviendas_unidades_superficie_ano_comuna.download
m2_casas,m2,casa,Metropolitana,Quinta Normal,2007,4670,minvu_permisos_viviendas_unidades_superficie_ano_comuna.download
m2_casas,m2,casa,Metropolitana,Quinta Normal,2008,10832,minvu_permisos_viviendas_unidades_superficie_ano_comuna.download
m2_casas,m2,casa,Metropolitana,Quinta Normal,2009,3310,minvu_permisos_viviendas_unidades_superficie_ano_comuna.download
m2_casas,m2,casa,Metropolitana,Quinta Normal,2010,3418,minvu_permisos_viviendas_unidades_superficie_ano_comuna.download
m2_casas,m2,casa,Metropolitana,Quinta Normal,2011,4616,minvu_permisos_viviendas_unidades_superficie_ano_comuna.download
m2_casas,m2,casa,Metropolitana,Quinta Normal,2012,2803,minvu_permisos_viviendas_unidades_superficie_ano_comuna.download
m2_casas,m2,casa,Metropolitana,Quinta Normal,2013,3189,minvu_permisos_viviendas_unidades_superficie_ano_comuna.download
m2_casas,m2,casa,Metropolitana,Quinta Normal,2014,1309,minvu_permisos_viviendas_unidades_superficie_ano_comuna.download
m2_casas,m2,casa,Metropolitana,Quinta Normal,2015,4183,minvu_permisos_viviendas_unidades_superficie_ano_comuna.download
m2_casas,m2,casa,Metropolitana,Quinta Normal,2016,2476,minvu_permisos_viviendas_unidades_superficie_ano_comuna.download
m2_casas,m2,casa,Metropolitana,Quinta Normal,2017,4029,minvu_permisos_viviendas_unidades_superficie_ano_comuna.download
m2_casas,m2,casa,Metropolitana,Quinta Normal,2019,8512,minvu_permisos_viviendas_unidades_superficie_ano_comuna.download
m2_casas,m2,casa,Metropolitana,Quinta Normal,2020,2791,minvu_permisos_viviendas_unidades_superficie_ano_comuna.download
m2_casas,m2,casa,Metropolitana,Quinta Normal,2021,2499,minvu_permisos_viviendas_unidades_superficie_ano_comuna.download
m2_casas,m2,casa,Metropolitana,Quinta Normal,2022,2295,minvu_permisos_viviendas_unidades_superficie_ano_comuna.download
m2_casas,m2,casa,Metropolitana,Quinta Normal,2023,3304,minvu_permisos_viviendas_unidades_superficie_ano_comuna.download
m2_casas,m2,casa,Metropolitana,Quinta Normal,2026,261,minvu_permisos_viviendas_unidades_superficie_ano_comuna.download
m2_casas,m2,casa,Metropolitana,Recoleta,2002,5575,minvu_permisos_viviendas_unidades_superficie_ano_comuna.download
m2_casas,m2,casa,Metropolitana,Recoleta,2003,6295,minvu_permisos_viviendas_unidades_superficie_ano_comuna.download
m2_casas,m2,casa,Metropolitana,Recoleta,2004,8436,minvu_permisos_viviendas_unidades_superficie_ano_comuna.download
m2_casas,m2,casa,Metropolitana,Recoleta,2005,7241,minvu_permisos_viviendas_unidades_superficie_ano_comuna.download
m2_casas,m2,casa,Metropolitana,Recoleta,2006,3937,minvu_permisos_viviendas_unidades_superficie_ano_comuna.download
m2_casas,m2,casa,Metropolitana,Recoleta,2007,6984,minvu_permisos_viviendas_unidades_superficie_ano_comuna.download
m2_casas,m2,casa,Metropolitana,Recoleta,2008,5312,minvu_permisos_viviendas_unidades_superficie_ano_comuna.download
m2_casas,m2,casa,Metropolitana,Recoleta,2009,2746,minvu_permisos_viviendas_unidades_superficie_ano_comuna.download
m2_casas,m2,casa,Metropolitana,Recoleta,2010,3649,minvu_permisos_viviendas_unidades_superficie_ano_comuna.download
m2_casas,m2,casa,Metropolitana,Recoleta,2011,5697,minvu_permisos_viviendas_unidades_superficie_ano_comuna.download
m2_casas,m2,casa,Metropolitana,Recoleta,2012,1755,minvu_permisos_viviendas_unidades_superficie_ano_comuna.download
m2_casas,m2,casa,Metropolitana,Recoleta,2013,1357,minvu_permisos_viviendas_unidades_superficie_ano_comuna.download
m2_casas,m2,casa,Metropolitana,Recoleta,2014,3007,minvu_permisos_viviendas_unidades_superficie_ano_comuna.download
m2_casas,m2,casa,Metropolitana,Recoleta,2015,2472,minvu_permisos_viviendas_unidades_superficie_ano_comuna.download
m2_casas,m2,casa,Metropolitana,Recoleta,2016,7999,minvu_permisos_viviendas_unidades_superficie_ano_comuna.download
m2_casas,m2,casa,Metropolitana,Recoleta,2017,6509,minvu_permisos_viviendas_unidades_superficie_ano_comuna.download
m2_casas,m2,casa,Metropolitana,Recoleta,2019,6160,minvu_permisos_viviendas_unidades_superficie_ano_comuna.download
m2_casas,m2,casa,Metropolitana,Recoleta,2020,6410,minvu_permisos_viviendas_unidades_superficie_ano_comuna.download
m2_casas,m2,casa,Metropolitana,Recoleta,2021,2298,minvu_permisos_viviendas_unidades_superficie_ano_comuna.download
m2_casas,m2,casa,Metropolitana,Recoleta,2022,2123,minvu_permisos_viviendas_unidades_superficie_ano_comuna.download
m2_casas,m2,casa,Metropolitana,Recoleta,2023,5215,minvu_permisos_viviendas_unidades_superficie_ano_comuna.download
m2_casas,m2,casa,Metropolitana,Recoleta,2026,74,minvu_permisos_viviendas_unidades_superficie_ano_comuna.download
m2_casas,m2,casa,Metropolitana,Renca,2002,1659,minvu_permisos_viviendas_unidades_superficie_ano_comuna.download
m2_casas,m2,casa,Metropolitana,Renca,2003,18847,minvu_permisos_viviendas_unidades_superficie_ano_comuna.download
m2_casas,m2,casa,Metropolitana,Renca,2004,29711,minvu_permisos_viviendas_unidades_superficie_ano_comuna.download
m2_casas,m2,casa,Metropolitana,Renca,2005,20416,minvu_permisos_viviendas_unidades_superficie_ano_comuna.download
m2_casas,m2,casa,Metropolitana,Renca,2006,71937,minvu_permisos_viviendas_unidades_superficie_ano_comuna.download
m2_casas,m2,casa,Metropolitana,Renca,2007,106990,minvu_permisos_viviendas_unidades_superficie_ano_comuna.download
m2_casas,m2,casa,Metropolitana,Renca,2008,84688,minvu_permisos_viviendas_unidades_superficie_ano_comuna.download
m2_casas,m2,casa,Metropolitana,Renca,2009,68429,minvu_permisos_viviendas_unidades_superficie_ano_comuna.download
m2_casas,m2,casa,Metropolitana,Renca,2010,75750,minvu_permisos_viviendas_unidades_superficie_ano_comuna.download
m2_casas,m2,casa,Metropolitana,Renca,2011,8052,minvu_permisos_viviendas_unidades_superficie_ano_comuna.download
m2_casas,m2,casa,Metropolitana,Renca,2012,13159,minvu_permisos_viviendas_unidades_superficie_ano_comuna.download
m2_casas,m2,casa,Metropolitana,Renca,2013,10825,minvu_permisos_viviendas_unidades_superficie_ano_comuna.download
m2_casas,m2,casa,Metropolitana,Renca,2014,2084,minvu_permisos_viviendas_unidades_superficie_ano_comuna.download
m2_casas,m2,casa,Metropolitana,Renca,2015,7952,minvu_permisos_viviendas_unidades_superficie_ano_comuna.download
m2_casas,m2,casa,Metropolitana,Renca,2016,3567,minvu_permisos_viviendas_unidades_superficie_ano_comuna.download
m2_casas,m2,casa,Metropolitana,Renca,2017,8372,minvu_permisos_viviendas_unidades_superficie_ano_comuna.download
m2_casas,m2,casa,Metropolitana,Renca,2019,763,minvu_permisos_viviendas_unidades_superficie_ano_comuna.download
m2_casas,m2,casa,Metropolitana,Renca,2020,1315,minvu_permisos_viviendas_unidades_superficie_ano_comuna.download
m2_casas,m2,casa,Metropolitana,Renca,2021,291,minvu_permisos_viviendas_unidades_superficie_ano_comuna.download
m2_casas,m2,casa,Metropolitana,Renca,2022,2303,minvu_permisos_viviendas_unidades_superficie_ano_comuna.download
m2_casas,m2,casa,Metropolitana,Renca,2023,1238,minvu_permisos_viviendas_unidades_superficie_ano_comuna.download
m2_casas,m2,casa,Metropolitana,Renca,2026,58,minvu_permisos_viviendas_unidades_superficie_ano_comuna.download
m2_casas,m2,casa,Metropolitana,San Joaquín,2002,652,minvu_permisos_viviendas_unidades_superficie_ano_comuna.download
m2_casas,m2,casa,Metropolitana,San Joaquín,2003,980,minvu_permisos_viviendas_unidades_superficie_ano_comuna.download
m2_casas,m2,casa,Metropolitana,San Joaquín,2004,1744,minvu_permisos_viviendas_unidades_superficie_ano_comuna.download
m2_casas,m2,casa,Metropolitana,San Joaquín,2005,1426,minvu_permisos_viviendas_unidades_superficie_ano_comuna.download
m2_casas,m2,casa,Metropolitana,San Joaquín,2006,1500,minvu_permisos_viviendas_unidades_superficie_ano_comuna.download
m2_casas,m2,casa,Metropolitana,San Joaquín,2007,2048,minvu_permisos_viviendas_unidades_superficie_ano_comuna.download
m2_casas,m2,casa,Metropolitana,San Joaquín,2008,660,minvu_permisos_viviendas_unidades_superficie_ano_comuna.download
m2_casas,m2,casa,Metropolitana,San Joaquín,2009,199,minvu_permisos_viviendas_unidades_superficie_ano_comuna.download
m2_casas,m2,casa,Metropolitana,San Joaquín,2010,434,minvu_permisos_viviendas_unidades_superficie_ano_comuna.download
m2_casas,m2,casa,Metropolitana,San Joaquín,2011,437,minvu_permisos_viviendas_unidades_superficie_ano_comuna.download
m2_casas,m2,casa,Metropolitana,San Joaquín,2012,1269,minvu_permisos_viviendas_unidades_superficie_ano_comuna.download
m2_casas,m2,casa,Metropolitana,San Joaquín,2013,1830,minvu_permisos_viviendas_unidades_superficie_ano_comuna.download
m2_casas,m2,casa,Metropolitana,San Joaquín,2014,2300,minvu_permisos_viviendas_unidades_superficie_ano_comuna.download
m2_casas,m2,casa,Metropolitana,San Joaquín,2015,4257,minvu_permisos_viviendas_unidades_superficie_ano_comuna.download
m2_casas,m2,casa,Metropolitana,San Joaquín,2016,753,minvu_permisos_viviendas_unidades_superficie_ano_comuna.download
m2_casas,m2,casa,Metropolitana,San Joaquín,2017,877,minvu_permisos_viviendas_unidades_superficie_ano_comuna.download
m2_casas,m2,casa,Metropolitana,San Joaquín,2019,1073,minvu_permisos_viviendas_unidades_superficie_ano_comuna.download
m2_casas,m2,casa,Metropolitana,San Joaquín,2020,779,minvu_permisos_viviendas_unidades_superficie_ano_comuna.download
m2_casas,m2,casa,Metropolitana,San Joaquín,2021,610,minvu_permisos_viviendas_unidades_superficie_ano_comuna.download
m2_casas,m2,casa,Metropolitana,San Joaquín,2022,887,minvu_permisos_viviendas_unidades_superficie_ano_comuna.download
m2_casas,m2,casa,Metropolitana,San Joaquín,2023,790,minvu_permisos_viviendas_unidades_superficie_ano_comuna.download
m2_casas,m2,casa,Metropolitana,San Joaquín,2026,0,minvu_permisos_viviendas_unidades_superficie_ano_comuna.download
m2_casas,m2,casa,Metropolitana,San Miguel,2002,820,minvu_permisos_viviendas_unidades_superficie_ano_comuna.download
m2_casas,m2,casa,Metropolitana,San Miguel,2003,1423,minvu_permisos_viviendas_unidades_superficie_ano_comuna.download
m2_casas,m2,casa,Metropolitana,San Miguel,2004,11988,minvu_permisos_viviendas_unidades_superficie_ano_comuna.download
m2_casas,m2,casa,Metropolitana,San Miguel,2005,640,minvu_permisos_viviendas_unidades_superficie_ano_comuna.download
m2_casas,m2,casa,Metropolitana,San Miguel,2006,888,minvu_permisos_viviendas_unidades_superficie_ano_comuna.download
m2_casas,m2,casa,Metropolitana,San Miguel,2007,1779,minvu_permisos_viviendas_unidades_superficie_ano_comuna.download
m2_casas,m2,casa,Metropolitana,San Miguel,2008,1013,minvu_permisos_viviendas_unidades_superficie_ano_comuna.download
m2_casas,m2,casa,Metropolitana,San Miguel,2009,5393,minvu_permisos_viviendas_unidades_superficie_ano_comuna.download
m2_casas,m2,casa,Metropolitana,San Miguel,2010,1036,minvu_permisos_viviendas_unidades_superficie_ano_comuna.download
m2_casas,m2,casa,Metropolitana,San Miguel,2011,2682,minvu_permisos_viviendas_unidades_superficie_ano_comuna.download
m2_casas,m2,casa,Metropolitana,San Miguel,2012,2399,minvu_permisos_viviendas_unidades_superficie_ano_comuna.download
m2_casas,m2,casa,Metropolitana,San Miguel,2013,1137,minvu_permisos_viviendas_unidades_superficie_ano_comuna.download
m2_casas,m2,casa,Metropolitana,San Miguel,2014,1917,minvu_permisos_viviendas_unidades_superficie_ano_comuna.download
m2_casas,m2,casa,Metropolitana,San Miguel,2015,798,minvu_permisos_viviendas_unidades_superficie_ano_comuna.download
m2_casas,m2,casa,Metropolitana,San Miguel,2016,1862,minvu_permisos_viviendas_unidades_superficie_ano_comuna.download
m2_casas,m2,casa,Metropolitana,San Miguel,2017,3553,minvu_permisos_viviendas_unidades_superficie_ano_comuna.download
m2_casas,m2,casa,Metropolitana,San Miguel,2019,4821,minvu_permisos_viviendas_unidades_superficie_ano_comuna.download
m2_casas,m2,casa,Metropolitana,San Miguel,2020,16232,minvu_permisos_viviendas_unidades_superficie_ano_comuna.download
m2_casas,m2,casa,Metropolitana,San Miguel,2021,2032,minvu_permisos_viviendas_unidades_superficie_ano_comuna.download
m2_casas,m2,casa,Metropolitana,San Miguel,2022,2074,minvu_permisos_viviendas_unidades_superficie_ano_comuna.download
m2_casas,m2,casa,Metropolitana,San Miguel,2023,1445,minvu_permisos_viviendas_unidades_superficie_ano_comuna.download
m2_casas,m2,casa,Metropolitana,San Miguel,2026,746,minvu_permisos_viviendas_unidades_superficie_ano_comuna.download
m2_casas,m2,casa,Metropolitana,San Ramón,2002,1685,minvu_permisos_viviendas_unidades_superficie_ano_comuna.download
m2_casas,m2,casa,Metropolitana,San Ramón,2003,4553,minvu_permisos_viviendas_unidades_superficie_ano_comuna.download
m2_casas,m2,casa,Metropolitana,San Ramón,2004,6576,minvu_permisos_viviendas_unidades_superficie_ano_comuna.download
m2_casas,m2,casa,Metropolitana,San Ramón,2005,5577,minvu_permisos_viviendas_unidades_superficie_ano_comuna.download
m2_casas,m2,casa,Metropolitana,San Ramón,2006,6942,minvu_permisos_viviendas_unidades_superficie_ano_comuna.download
m2_casas,m2,casa,Metropolitana,San Ramón,2007,4851,minvu_permisos_viviendas_unidades_superficie_ano_comuna.download
m2_casas,m2,casa,Metropolitana,San Ramón,2008,5531,minvu_permisos_viviendas_unidades_superficie_ano_comuna.download
m2_casas,m2,casa,Metropolitana,San Ramón,2009,5627,minvu_permisos_viviendas_unidades_superficie_ano_comuna.download
m2_casas,m2,casa,Metropolitana,San Ramón,2010,7860,minvu_permisos_viviendas_unidades_superficie_ano_comuna.download
m2_casas,m2,casa,Metropolitana,San Ramón,2011,1130,minvu_permisos_viviendas_unidades_superficie_ano_comuna.download
m2_casas,m2,casa,Metropolitana,San Ramón,2012,2993,minvu_permisos_viviendas_unidades_superficie_ano_comuna.download
m2_casas,m2,casa,Metropolitana,San Ramón,2013,4067,minvu_permisos_viviendas_unidades_superficie_ano_comuna.download
m2_casas,m2,casa,Metropolitana,San Ramón,2014,4122,minvu_permisos_viviendas_unidades_superficie_ano_comuna.download
m2_casas,m2,casa,Metropolitana,San Ramón,2015,8434,minvu_permisos_viviendas_unidades_superficie_ano_comuna.download
m2_casas,m2,casa,Metropolitana,San Ramón,2016,9065,minvu_permisos_viviendas_unidades_superficie_ano_comuna.download
m2_casas,m2,casa,Metropolitana,San Ramón,2017,4098,minvu_permisos_viviendas_unidades_superficie_ano_comuna.download
m2_casas,m2,casa,Metropolitana,San Ramón,2019,4016,minvu_permisos_viviendas_unidades_superficie_ano_comuna.download
m2_casas,m2,casa,Metropolitana,San Ramón,2020,8744,minvu_permisos_viviendas_unidades_superficie_ano_comuna.download
m2_casas,m2,casa,Metropolitana,San Ramón,2021,2355,minvu_permisos_viviendas_unidades_superficie_ano_comuna.download
m2_casas,m2,casa,Metropolitana,San Ramón,2022,2608,minvu_permisos_viviendas_unidades_superficie_ano_comuna.download
m2_casas,m2,casa,Metropolitana,San Ramón,2023,3092,minvu_permisos_viviendas_unidades_superficie_ano_comuna.download
m2_casas,m2,casa,Metropolitana,San Ramón,2026,152,minvu_permisos_viviendas_unidades_superficie_ano_comuna.download
m2_casas,m2,casa,Metropolitana,Vitacura,2002,14776,minvu_permisos_viviendas_unidades_superficie_ano_comuna.download
m2_casas,m2,casa,Metropolitana,Vitacura,2003,3828,minvu_permisos_viviendas_unidades_superficie_ano_comuna.download
m2_casas,m2,casa,Metropolitana,Vitacura,2004,9811,minvu_permisos_viviendas_unidades_superficie_ano_comuna.download
m2_casas,m2,casa,Metropolitana,Vitacura,2005,12304,minvu_permisos_viviendas_unidades_superficie_ano_comuna.download
m2_casas,m2,casa,Metropolitana,Vitacura,2006,9650,minvu_permisos_viviendas_unidades_superficie_ano_comuna.download
m2_casas,m2,casa,Metropolitana,Vitacura,2007,8826,minvu_permisos_viviendas_unidades_superficie_ano_comuna.download
m2_casas,m2,casa,Metropolitana,Vitacura,2008,3683,minvu_permisos_viviendas_unidades_superficie_ano_comuna.download
m2_casas,m2,casa,Metropolitana,Vitacura,2009,38451,minvu_permisos_viviendas_unidades_superficie_ano_comuna.download
m2_casas,m2,casa,Metropolitana,Vitacura,2010,7019,minvu_permisos_viviendas_unidades_superficie_ano_comuna.download
m2_casas,m2,casa,Metropolitana,Vitacura,2011,9619,minvu_permisos_viviendas_unidades_superficie_ano_comuna.download
m2_casas,m2,casa,Metropolitana,Vitacura,2012,15024,minvu_permisos_viviendas_unidades_superficie_ano_comuna.download
m2_casas,m2,casa,Metropolitana,Vitacura,2013,15011,minvu_permisos_viviendas_unidades_superficie_ano_comuna.download
m2_casas,m2,casa,Metropolitana,Vitacura,2014,10488,minvu_permisos_viviendas_unidades_superficie_ano_comuna.download
m2_casas,m2,casa,Metropolitana,Vitacura,2015,11485,minvu_permisos_viviendas_unidades_superficie_ano_comuna.download
m2_casas,m2,casa,Metropolitana,Vitacura,2016,5551,minvu_permisos_viviendas_unidades_superficie_ano_comuna.download
m2_casas,m2,casa,Metropolitana,Vitacura,2017,13951,minvu_permisos_viviendas_unidades_superficie_ano_comuna.download
m2_casas,m2,casa,Metropolitana,Vitacura,2019,10415,minvu_permisos_viviendas_unidades_superficie_ano_comuna.download
m2_casas,m2,casa,Metropolitana,Vitacura,2020,4241,minvu_permisos_viviendas_unidades_superficie_ano_comuna.download
m2_casas,m2,casa,Metropolitana,Vitacura,2021,22406,minvu_permisos_viviendas_unidades_superficie_ano_comuna.download
m2_casas,m2,casa,Metropolitana,Vitacura,2022,10075,minvu_permisos_viviendas_unidades_superficie_ano_comuna.download
m2_casas,m2,casa,Metropolitana,Vitacura,2023,4541,minvu_permisos_viviendas_unidades_superficie_ano_comuna.download
m2_casas,m2,casa,Metropolitana,Vitacura,2026,0,minvu_permisos_viviendas_unidades_superficie_ano_comuna.download
